-- phpMyAdmin SQL Dump
-- version 5.0.2
-- https://www.phpmyadmin.net/
--
-- Servidor: 127.0.0.1:3306
-- Tiempo de generación: 30-12-2020 a las 02:45:28
-- Versión del servidor: 5.7.31
-- Versión de PHP: 7.3.21

SET SQL_MODE = "NO_AUTO_VALUE_ON_ZERO";
START TRANSACTION;
SET time_zone = "+00:00";


/*!40101 SET @OLD_CHARACTER_SET_CLIENT=@@CHARACTER_SET_CLIENT */;
/*!40101 SET @OLD_CHARACTER_SET_RESULTS=@@CHARACTER_SET_RESULTS */;
/*!40101 SET @OLD_COLLATION_CONNECTION=@@COLLATION_CONNECTION */;
/*!40101 SET NAMES utf8mb4 */;

--
-- Base de datos: `clinica`
--
DROP DATABASE IF EXISTS `clinica`;
CREATE DATABASE IF NOT EXISTS `clinica` DEFAULT CHARACTER SET latin1 COLLATE latin1_swedish_ci;
USE `clinica`;

-- --------------------------------------------------------

--
-- Estructura de tabla para la tabla `ciudades`
--

DROP TABLE IF EXISTS `ciudades`;
CREATE TABLE IF NOT EXISTS `ciudades` (
  `id_ciudad` int(11) NOT NULL AUTO_INCREMENT,
  `id_estado` int(11) NOT NULL,
  `ciudad` varchar(200) NOT NULL,
  `capital` tinyint(1) NOT NULL DEFAULT '0',
  PRIMARY KEY (`id_ciudad`),
  KEY `id_estado` (`id_estado`)
) ENGINE=InnoDB AUTO_INCREMENT=523 DEFAULT CHARSET=utf8;

--
-- Volcado de datos para la tabla `ciudades`
--

INSERT INTO `ciudades` (`id_ciudad`, `id_estado`, `ciudad`, `capital`) VALUES
(1, 1, 'Maroa', 0),
(2, 1, 'Puerto Ayacucho', 1),
(3, 1, 'San Fernando de Atabapo', 0),
(4, 2, 'Anaco', 0),
(5, 2, 'Aragua de Barcelona', 0),
(6, 2, 'Barcelona', 1),
(7, 2, 'Boca de Uchire', 0),
(8, 2, 'Cantaura', 0),
(9, 2, 'Clarines', 0),
(10, 2, 'El Chaparro', 0),
(11, 2, 'El Pao Anzoátegui', 0),
(12, 2, 'El Tigre', 0),
(13, 2, 'El Tigrito', 0),
(14, 2, 'Guanape', 0),
(15, 2, 'Guanta', 0),
(16, 2, 'Lechería', 0),
(17, 2, 'Onoto', 0),
(18, 2, 'Pariaguán', 0),
(19, 2, 'Píritu', 0),
(20, 2, 'Puerto La Cruz', 0),
(21, 2, 'Puerto Píritu', 0),
(22, 2, 'Sabana de Uchire', 0),
(23, 2, 'San Mateo Anzoátegui', 0),
(24, 2, 'San Pablo Anzoátegui', 0),
(25, 2, 'San Tomé', 0),
(26, 2, 'Santa Ana de Anzoátegui', 0),
(27, 2, 'Santa Fe Anzoátegui', 0),
(28, 2, 'Santa Rosa', 0),
(29, 2, 'Soledad', 0),
(30, 2, 'Urica', 0),
(31, 2, 'Valle de Guanape', 0),
(43, 3, 'Achaguas', 0),
(44, 3, 'Biruaca', 0),
(45, 3, 'Bruzual', 0),
(46, 3, 'El Amparo', 0),
(47, 3, 'El Nula', 0),
(48, 3, 'Elorza', 0),
(49, 3, 'Guasdualito', 0),
(50, 3, 'Mantecal', 0),
(51, 3, 'Puerto Páez', 0),
(52, 3, 'San Fernando de Apure', 1),
(53, 3, 'San Juan de Payara', 0),
(54, 4, 'Barbacoas', 0),
(55, 4, 'Cagua', 0),
(56, 4, 'Camatagua', 0),
(58, 4, 'Choroní', 0),
(59, 4, 'Colonia Tovar', 0),
(60, 4, 'El Consejo', 0),
(61, 4, 'La Victoria', 0),
(62, 4, 'Las Tejerías', 0),
(63, 4, 'Magdaleno', 0),
(64, 4, 'Maracay', 1),
(65, 4, 'Ocumare de La Costa', 0),
(66, 4, 'Palo Negro', 0),
(67, 4, 'San Casimiro', 0),
(68, 4, 'San Mateo', 0),
(69, 4, 'San Sebastián', 0),
(70, 4, 'Santa Cruz de Aragua', 0),
(71, 4, 'Tocorón', 0),
(72, 4, 'Turmero', 0),
(73, 4, 'Villa de Cura', 0),
(74, 4, 'Zuata', 0),
(75, 5, 'Barinas', 1),
(76, 5, 'Barinitas', 0),
(77, 5, 'Barrancas', 0),
(78, 5, 'Calderas', 0),
(79, 5, 'Capitanejo', 0),
(80, 5, 'Ciudad Bolivia', 0),
(81, 5, 'El Cantón', 0),
(82, 5, 'Las Veguitas', 0),
(83, 5, 'Libertad de Barinas', 0),
(84, 5, 'Sabaneta', 0),
(85, 5, 'Santa Bárbara de Barinas', 0),
(86, 5, 'Socopó', 0),
(87, 6, 'Caicara del Orinoco', 0),
(88, 6, 'Canaima', 0),
(89, 6, 'Ciudad Bolívar', 1),
(90, 6, 'Ciudad Piar', 0),
(91, 6, 'El Callao', 0),
(92, 6, 'El Dorado', 0),
(93, 6, 'El Manteco', 0),
(94, 6, 'El Palmar', 0),
(95, 6, 'El Pao', 0),
(96, 6, 'Guasipati', 0),
(97, 6, 'Guri', 0),
(98, 6, 'La Paragua', 0),
(99, 6, 'Matanzas', 0),
(100, 6, 'Puerto Ordaz', 0),
(101, 6, 'San Félix', 0),
(102, 6, 'Santa Elena de Uairén', 0),
(103, 6, 'Tumeremo', 0),
(104, 6, 'Unare', 0),
(105, 6, 'Upata', 0),
(106, 7, 'Bejuma', 0),
(107, 7, 'Belén', 0),
(108, 7, 'Campo de Carabobo', 0),
(109, 7, 'Canoabo', 0),
(110, 7, 'Central Tacarigua', 0),
(111, 7, 'Chirgua', 0),
(112, 7, 'Ciudad Alianza', 0),
(113, 7, 'El Palito', 0),
(114, 7, 'Guacara', 0),
(115, 7, 'Guigue', 0),
(116, 7, 'Las Trincheras', 0),
(117, 7, 'Los Guayos', 0),
(118, 7, 'Mariara', 0),
(119, 7, 'Miranda', 0),
(120, 7, 'Montalbán', 0),
(121, 7, 'Morón', 0),
(122, 7, 'Naguanagua', 0),
(123, 7, 'Puerto Cabello', 0),
(124, 7, 'San Joaquín', 0),
(125, 7, 'Tocuyito', 0),
(126, 7, 'Urama', 0),
(127, 7, 'Valencia', 1),
(128, 7, 'Vigirimita', 0),
(129, 8, 'Aguirre', 0),
(130, 8, 'Apartaderos Cojedes', 0),
(131, 8, 'Arismendi', 0),
(132, 8, 'Camuriquito', 0),
(133, 8, 'El Baúl', 0),
(134, 8, 'El Limón', 0),
(135, 8, 'El Pao Cojedes', 0),
(136, 8, 'El Socorro', 0),
(137, 8, 'La Aguadita', 0),
(138, 8, 'Las Vegas', 0),
(139, 8, 'Libertad de Cojedes', 0),
(140, 8, 'Mapuey', 0),
(141, 8, 'Piñedo', 0),
(142, 8, 'Samancito', 0),
(143, 8, 'San Carlos', 1),
(144, 8, 'Sucre', 0),
(145, 8, 'Tinaco', 0),
(146, 8, 'Tinaquillo', 0),
(147, 8, 'Vallecito', 0),
(148, 9, 'Tucupita', 1),
(149, 24, 'Caracas', 1),
(150, 24, 'El Junquito', 0),
(151, 10, 'Adícora', 0),
(152, 10, 'Boca de Aroa', 0),
(153, 10, 'Cabure', 0),
(154, 10, 'Capadare', 0),
(155, 10, 'Capatárida', 0),
(156, 10, 'Chichiriviche', 0),
(157, 10, 'Churuguara', 0),
(158, 10, 'Coro', 1),
(159, 10, 'Cumarebo', 0),
(160, 10, 'Dabajuro', 0),
(161, 10, 'Judibana', 0),
(162, 10, 'La Cruz de Taratara', 0),
(163, 10, 'La Vela de Coro', 0),
(164, 10, 'Los Taques', 0),
(165, 10, 'Maparari', 0),
(166, 10, 'Mene de Mauroa', 0),
(167, 10, 'Mirimire', 0),
(168, 10, 'Pedregal', 0),
(169, 10, 'Píritu Falcón', 0),
(170, 10, 'Pueblo Nuevo Falcón', 0),
(171, 10, 'Puerto Cumarebo', 0),
(172, 10, 'Punta Cardón', 0),
(173, 10, 'Punto Fijo', 0),
(174, 10, 'San Juan de Los Cayos', 0),
(175, 10, 'San Luis', 0),
(176, 10, 'Santa Ana Falcón', 0),
(177, 10, 'Santa Cruz De Bucaral', 0),
(178, 10, 'Tocopero', 0),
(179, 10, 'Tocuyo de La Costa', 0),
(180, 10, 'Tucacas', 0),
(181, 10, 'Yaracal', 0),
(182, 11, 'Altagracia de Orituco', 0),
(183, 11, 'Cabruta', 0),
(184, 11, 'Calabozo', 0),
(185, 11, 'Camaguán', 0),
(196, 11, 'Chaguaramas Guárico', 0),
(197, 11, 'El Socorro', 0),
(198, 11, 'El Sombrero', 0),
(199, 11, 'Las Mercedes de Los Llanos', 0),
(200, 11, 'Lezama', 0),
(201, 11, 'Onoto', 0),
(202, 11, 'Ortíz', 0),
(203, 11, 'San José de Guaribe', 0),
(204, 11, 'San Juan de Los Morros', 1),
(205, 11, 'San Rafael de Laya', 0),
(206, 11, 'Santa María de Ipire', 0),
(207, 11, 'Tucupido', 0),
(208, 11, 'Valle de La Pascua', 0),
(209, 11, 'Zaraza', 0),
(210, 12, 'Aguada Grande', 0),
(211, 12, 'Atarigua', 0),
(212, 12, 'Barquisimeto', 1),
(213, 12, 'Bobare', 0),
(214, 12, 'Cabudare', 0),
(215, 12, 'Carora', 0),
(216, 12, 'Cubiro', 0),
(217, 12, 'Cují', 0),
(218, 12, 'Duaca', 0),
(219, 12, 'El Manzano', 0),
(220, 12, 'El Tocuyo', 0),
(221, 12, 'Guaríco', 0),
(222, 12, 'Humocaro Alto', 0),
(223, 12, 'Humocaro Bajo', 0),
(224, 12, 'La Miel', 0),
(225, 12, 'Moroturo', 0),
(226, 12, 'Quíbor', 0),
(227, 12, 'Río Claro', 0),
(228, 12, 'Sanare', 0),
(229, 12, 'Santa Inés', 0),
(230, 12, 'Sarare', 0),
(231, 12, 'Siquisique', 0),
(232, 12, 'Tintorero', 0),
(233, 13, 'Apartaderos Mérida', 0),
(234, 13, 'Arapuey', 0),
(235, 13, 'Bailadores', 0),
(236, 13, 'Caja Seca', 0),
(237, 13, 'Canaguá', 0),
(238, 13, 'Chachopo', 0),
(239, 13, 'Chiguara', 0),
(240, 13, 'Ejido', 0),
(241, 13, 'El Vigía', 0),
(242, 13, 'La Azulita', 0),
(243, 13, 'La Playa', 0),
(244, 13, 'Lagunillas Mérida', 0),
(245, 13, 'Mérida', 1),
(246, 13, 'Mesa de Bolívar', 0),
(247, 13, 'Mucuchíes', 0),
(248, 13, 'Mucujepe', 0),
(249, 13, 'Mucuruba', 0),
(250, 13, 'Nueva Bolivia', 0),
(251, 13, 'Palmarito', 0),
(252, 13, 'Pueblo Llano', 0),
(253, 13, 'Santa Cruz de Mora', 0),
(254, 13, 'Santa Elena de Arenales', 0),
(255, 13, 'Santo Domingo', 0),
(256, 13, 'Tabáy', 0),
(257, 13, 'Timotes', 0),
(258, 13, 'Torondoy', 0),
(259, 13, 'Tovar', 0),
(260, 13, 'Tucani', 0),
(261, 13, 'Zea', 0),
(262, 14, 'Araguita', 0),
(263, 14, 'Carrizal', 0),
(264, 14, 'Caucagua', 0),
(265, 14, 'Chaguaramas Miranda', 0),
(266, 14, 'Charallave', 0),
(267, 14, 'Chirimena', 0),
(268, 14, 'Chuspa', 0),
(269, 14, 'Cúa', 0),
(270, 14, 'Cupira', 0),
(271, 14, 'Curiepe', 0),
(272, 14, 'El Guapo', 0),
(273, 14, 'El Jarillo', 0),
(274, 14, 'Filas de Mariche', 0),
(275, 14, 'Guarenas', 0),
(276, 14, 'Guatire', 0),
(277, 14, 'Higuerote', 0),
(278, 14, 'Los Anaucos', 0),
(279, 14, 'Los Teques', 1),
(280, 14, 'Ocumare del Tuy', 0),
(281, 14, 'Panaquire', 0),
(282, 14, 'Paracotos', 0),
(283, 14, 'Río Chico', 0),
(284, 14, 'San Antonio de Los Altos', 0),
(285, 14, 'San Diego de Los Altos', 0),
(286, 14, 'San Fernando del Guapo', 0),
(287, 14, 'San Francisco de Yare', 0),
(288, 14, 'San José de Los Altos', 0),
(289, 14, 'San José de Río Chico', 0),
(290, 14, 'San Pedro de Los Altos', 0),
(291, 14, 'Santa Lucía', 0),
(292, 14, 'Santa Teresa', 0),
(293, 14, 'Tacarigua de La Laguna', 0),
(294, 14, 'Tacarigua de Mamporal', 0),
(295, 14, 'Tácata', 0),
(296, 14, 'Turumo', 0),
(297, 15, 'Aguasay', 0),
(298, 15, 'Aragua de Maturín', 0),
(299, 15, 'Barrancas del Orinoco', 0),
(300, 15, 'Caicara de Maturín', 0),
(301, 15, 'Caripe', 0),
(302, 15, 'Caripito', 0),
(303, 15, 'Chaguaramal', 0),
(305, 15, 'Chaguaramas Monagas', 0),
(307, 15, 'El Furrial', 0),
(308, 15, 'El Tejero', 0),
(309, 15, 'Jusepín', 0),
(310, 15, 'La Toscana', 0),
(311, 15, 'Maturín', 1),
(312, 15, 'Miraflores', 0),
(313, 15, 'Punta de Mata', 0),
(314, 15, 'Quiriquire', 0),
(315, 15, 'San Antonio de Maturín', 0),
(316, 15, 'San Vicente Monagas', 0),
(317, 15, 'Santa Bárbara', 0),
(318, 15, 'Temblador', 0),
(319, 15, 'Teresen', 0),
(320, 15, 'Uracoa', 0),
(321, 16, 'Altagracia', 0),
(322, 16, 'Boca de Pozo', 0),
(323, 16, 'Boca de Río', 0),
(324, 16, 'El Espinal', 0),
(325, 16, 'El Valle del Espíritu Santo', 0),
(326, 16, 'El Yaque', 0),
(327, 16, 'Juangriego', 0),
(328, 16, 'La Asunción', 1),
(329, 16, 'La Guardia', 0),
(330, 16, 'Pampatar', 0),
(331, 16, 'Porlamar', 0),
(332, 16, 'Puerto Fermín', 0),
(333, 16, 'Punta de Piedras', 0),
(334, 16, 'San Francisco de Macanao', 0),
(335, 16, 'San Juan Bautista', 0),
(336, 16, 'San Pedro de Coche', 0),
(337, 16, 'Santa Ana de Nueva Esparta', 0),
(338, 16, 'Villa Rosa', 0),
(339, 17, 'Acarigua', 0),
(340, 17, 'Agua Blanca', 0),
(341, 17, 'Araure', 0),
(342, 17, 'Biscucuy', 0),
(343, 17, 'Boconoito', 0),
(344, 17, 'Campo Elías', 0),
(345, 17, 'Chabasquén', 0),
(346, 17, 'Guanare', 1),
(347, 17, 'Guanarito', 0),
(348, 17, 'La Aparición', 0),
(349, 17, 'La Misión', 0),
(350, 17, 'Mesa de Cavacas', 0),
(351, 17, 'Ospino', 0),
(352, 17, 'Papelón', 0),
(353, 17, 'Payara', 0),
(354, 17, 'Pimpinela', 0),
(355, 17, 'Píritu de Portuguesa', 0),
(356, 17, 'San Rafael de Onoto', 0),
(357, 17, 'Santa Rosalía', 0),
(358, 17, 'Turén', 0),
(359, 18, 'Altos de Sucre', 0),
(360, 18, 'Araya', 0),
(361, 18, 'Cariaco', 0),
(362, 18, 'Carúpano', 0),
(363, 18, 'Casanay', 0),
(364, 18, 'Cumaná', 1),
(365, 18, 'Cumanacoa', 0),
(366, 18, 'El Morro Puerto Santo', 0),
(367, 18, 'El Pilar', 0),
(368, 18, 'El Poblado', 0),
(369, 18, 'Guaca', 0),
(370, 18, 'Guiria', 0),
(371, 18, 'Irapa', 0),
(372, 18, 'Manicuare', 0),
(373, 18, 'Mariguitar', 0),
(374, 18, 'Río Caribe', 0),
(375, 18, 'San Antonio del Golfo', 0),
(376, 18, 'San José de Aerocuar', 0),
(377, 18, 'San Vicente de Sucre', 0),
(378, 18, 'Santa Fe de Sucre', 0),
(379, 18, 'Tunapuy', 0),
(380, 18, 'Yaguaraparo', 0),
(381, 18, 'Yoco', 0),
(382, 19, 'Abejales', 0),
(383, 19, 'Borota', 0),
(384, 19, 'Bramon', 0),
(385, 19, 'Capacho', 0),
(386, 19, 'Colón', 0),
(387, 19, 'Coloncito', 0),
(388, 19, 'Cordero', 0),
(389, 19, 'El Cobre', 0),
(390, 19, 'El Pinal', 0),
(391, 19, 'Independencia', 0),
(392, 19, 'La Fría', 0),
(393, 19, 'La Grita', 0),
(394, 19, 'La Pedrera', 0),
(395, 19, 'La Tendida', 0),
(396, 19, 'Las Delicias', 0),
(397, 19, 'Las Hernández', 0),
(398, 19, 'Lobatera', 0),
(399, 19, 'Michelena', 0),
(400, 19, 'Palmira', 0),
(401, 19, 'Pregonero', 0),
(402, 19, 'Queniquea', 0),
(403, 19, 'Rubio', 0),
(404, 19, 'San Antonio del Tachira', 0),
(405, 19, 'San Cristobal', 1),
(406, 19, 'San José de Bolívar', 0),
(407, 19, 'San Josecito', 0),
(408, 19, 'San Pedro del Río', 0),
(409, 19, 'Santa Ana Táchira', 0),
(410, 19, 'Seboruco', 0),
(411, 19, 'Táriba', 0),
(412, 19, 'Umuquena', 0),
(413, 19, 'Ureña', 0),
(414, 20, 'Batatal', 0),
(415, 20, 'Betijoque', 0),
(416, 20, 'Boconó', 0),
(417, 20, 'Carache', 0),
(418, 20, 'Chejende', 0),
(419, 20, 'Cuicas', 0),
(420, 20, 'El Dividive', 0),
(421, 20, 'El Jaguito', 0),
(422, 20, 'Escuque', 0),
(423, 20, 'Isnotú', 0),
(424, 20, 'Jajó', 0),
(425, 20, 'La Ceiba', 0),
(426, 20, 'La Concepción de Trujllo', 0),
(427, 20, 'La Mesa de Esnujaque', 0),
(428, 20, 'La Puerta', 0),
(429, 20, 'La Quebrada', 0),
(430, 20, 'Mendoza Fría', 0),
(431, 20, 'Meseta de Chimpire', 0),
(432, 20, 'Monay', 0),
(433, 20, 'Motatán', 0),
(434, 20, 'Pampán', 0),
(435, 20, 'Pampanito', 0),
(436, 20, 'Sabana de Mendoza', 0),
(437, 20, 'San Lázaro', 0),
(438, 20, 'Santa Ana de Trujillo', 0),
(439, 20, 'Tostós', 0),
(440, 20, 'Trujillo', 1),
(441, 20, 'Valera', 0),
(442, 21, 'Carayaca', 0),
(443, 21, 'Litoral', 0),
(444, 25, 'Archipiélago Los Roques', 0),
(445, 22, 'Aroa', 0),
(446, 22, 'Boraure', 0),
(447, 22, 'Campo Elías de Yaracuy', 0),
(448, 22, 'Chivacoa', 0),
(449, 22, 'Cocorote', 0),
(450, 22, 'Farriar', 0),
(451, 22, 'Guama', 0),
(452, 22, 'Marín', 0),
(453, 22, 'Nirgua', 0),
(454, 22, 'Sabana de Parra', 0),
(455, 22, 'Salom', 0),
(456, 22, 'San Felipe', 1),
(457, 22, 'San Pablo de Yaracuy', 0),
(458, 22, 'Urachiche', 0),
(459, 22, 'Yaritagua', 0),
(460, 22, 'Yumare', 0),
(461, 23, 'Bachaquero', 0),
(462, 23, 'Bobures', 0),
(463, 23, 'Cabimas', 0),
(464, 23, 'Campo Concepción', 0),
(465, 23, 'Campo Mara', 0),
(466, 23, 'Campo Rojo', 0),
(467, 23, 'Carrasquero', 0),
(468, 23, 'Casigua', 0),
(469, 23, 'Chiquinquirá', 0),
(470, 23, 'Ciudad Ojeda', 0),
(471, 23, 'El Batey', 0),
(472, 23, 'El Carmelo', 0),
(473, 23, 'El Chivo', 0),
(474, 23, 'El Guayabo', 0),
(475, 23, 'El Mene', 0),
(476, 23, 'El Venado', 0),
(477, 23, 'Encontrados', 0),
(478, 23, 'Gibraltar', 0),
(479, 23, 'Isla de Toas', 0),
(480, 23, 'La Concepción del Zulia', 0),
(481, 23, 'La Paz', 0),
(482, 23, 'La Sierrita', 0),
(483, 23, 'Lagunillas del Zulia', 0),
(484, 23, 'Las Piedras de Perijá', 0),
(485, 23, 'Los Cortijos', 0),
(486, 23, 'Machiques', 0),
(487, 23, 'Maracaibo', 1),
(488, 23, 'Mene Grande', 0),
(489, 23, 'Palmarejo', 0),
(490, 23, 'Paraguaipoa', 0),
(491, 23, 'Potrerito', 0),
(492, 23, 'Pueblo Nuevo del Zulia', 0),
(493, 23, 'Puertos de Altagracia', 0),
(494, 23, 'Punta Gorda', 0),
(495, 23, 'Sabaneta de Palma', 0),
(496, 23, 'San Francisco', 0),
(497, 23, 'San José de Perijá', 0),
(498, 23, 'San Rafael del Moján', 0),
(499, 23, 'San Timoteo', 0),
(500, 23, 'Santa Bárbara Del Zulia', 0),
(501, 23, 'Santa Cruz de Mara', 0),
(502, 23, 'Santa Cruz del Zulia', 0),
(503, 23, 'Santa Rita', 0),
(504, 23, 'Sinamaica', 0),
(505, 23, 'Tamare', 0),
(506, 23, 'Tía Juana', 0),
(507, 23, 'Villa del Rosario', 0),
(508, 21, 'La Guaira', 1),
(509, 21, 'Catia La Mar', 0),
(510, 21, 'Macuto', 0),
(511, 21, 'Naiguatá', 0),
(512, 25, 'Archipiélago Los Monjes', 0),
(513, 25, 'Isla La Tortuga y Cayos adyacentes', 0),
(514, 25, 'Isla La Sola', 0),
(515, 25, 'Islas Los Testigos', 0),
(516, 25, 'Islas Los Frailes', 0),
(517, 25, 'Isla La Orchila', 0),
(518, 25, 'Archipiélago Las Aves', 0),
(519, 25, 'Isla de Aves', 0),
(520, 25, 'Isla La Blanquilla', 0),
(521, 25, 'Isla de Patos', 0),
(522, 25, 'Islas Los Hermanos', 0);

-- --------------------------------------------------------

--
-- Estructura de tabla para la tabla `estado`
--

DROP TABLE IF EXISTS `estado`;
CREATE TABLE IF NOT EXISTS `estado` (
  `id_edo` int(11) NOT NULL AUTO_INCREMENT COMMENT 'ID UNICO',
  `cod_edo` varchar(2) DEFAULT NULL COMMENT 'CODIGO UBIGEO DEPARTAMENTO',
  `des_edo` varchar(30) NOT NULL COMMENT 'DESCRIPCION ESTADO',
  `abrv_edo` varchar(4) DEFAULT NULL COMMENT 'ABREVIACION ESTADO',
  `pais_edo` int(11) DEFAULT NULL COMMENT 'PAIS ESTADO',
  `status_edo` int(11) NOT NULL DEFAULT '1' COMMENT 'ESTATUS ESTADO',
  `created_at` date DEFAULT NULL COMMENT 'CREADO EN',
  `updated_at` date DEFAULT NULL COMMENT 'ACTUALIZADO EN',
  PRIMARY KEY (`id_edo`),
  UNIQUE KEY `cod_edo` (`cod_edo`,`pais_edo`) USING BTREE,
  KEY `pais_edo` (`pais_edo`) USING BTREE
) ENGINE=InnoDB AUTO_INCREMENT=51 DEFAULT CHARSET=latin1 COMMENT='GUARDA DATOS DE ESTADOS';

--
-- Volcado de datos para la tabla `estado`
--

INSERT INTO `estado` (`id_edo`, `cod_edo`, `des_edo`, `abrv_edo`, `pais_edo`, `status_edo`, `created_at`, `updated_at`) VALUES
(1, '01', 'Amazonas', NULL, 241, 1, NULL, NULL),
(2, '02', 'Ancash', NULL, 241, 1, NULL, NULL),
(3, '03', 'Apurímac', NULL, 241, 1, NULL, NULL),
(4, '04', 'Arequipa', NULL, 241, 1, NULL, NULL),
(5, '05', 'Ayacucho', NULL, 241, 1, NULL, NULL),
(6, '06', 'Cajamarca', NULL, 241, 1, NULL, NULL),
(7, '07', 'Callao', NULL, 241, 1, NULL, NULL),
(8, '08', 'Cusco', NULL, 241, 1, NULL, NULL),
(9, '09', 'Huancavelica', NULL, 241, 1, NULL, NULL),
(10, '10', 'Huánuco', NULL, 241, 1, NULL, NULL),
(11, '11', 'Ica', NULL, 241, 1, NULL, NULL),
(12, '12', 'Junín', NULL, 241, 1, NULL, NULL),
(13, '13', 'La Libertad', NULL, 241, 1, NULL, NULL),
(14, '14', 'Lambayeque', NULL, 241, 1, NULL, NULL),
(15, '15', 'Lima', NULL, 241, 1, NULL, NULL),
(16, '16', 'Loreto', NULL, 241, 1, NULL, NULL),
(17, '17', 'Madre de Dios', NULL, 241, 1, NULL, NULL),
(18, '18', 'Moquegua', NULL, 241, 1, NULL, NULL),
(19, '19', 'Pasco', NULL, 241, 1, NULL, NULL),
(20, '20', 'Piura', NULL, 241, 1, NULL, NULL),
(21, '21', 'Puno', NULL, 241, 1, NULL, NULL),
(22, '22', 'San Martín', NULL, 241, 1, NULL, NULL),
(23, '23', 'Tacna', NULL, 241, 1, NULL, NULL),
(24, '24', 'Tumbes', NULL, 241, 1, NULL, NULL),
(25, '25', 'Ucayali', NULL, 241, 1, NULL, NULL),
(26, '01', 'Distrito Capital', 'VE-A', 231, 1, NULL, NULL),
(27, '02', 'Anzoátegui', 'VE-B', 231, 1, NULL, NULL),
(28, '03', 'Apure', 'VE-C', 231, 1, NULL, NULL),
(29, '04', 'Aragua', 'VE-D', 231, 1, NULL, NULL),
(30, '05', 'Barinas', 'VE-E', 231, 1, NULL, NULL),
(31, '06', 'Bolívar', 'VE-F', 231, 1, NULL, NULL),
(32, '07', 'Carabobo', 'VE-G', 231, 1, NULL, NULL),
(33, '08', 'Cojedes', 'VE-H', 231, 1, NULL, NULL),
(34, '09', 'Falcón', 'VE-I', 231, 1, NULL, NULL),
(35, '10', 'Guárico', 'VE-J', 231, 1, NULL, NULL),
(36, '11', 'Lara', 'VE-K', 231, 1, NULL, NULL),
(37, '12', 'Mérida', 'VE-L', 231, 1, NULL, NULL),
(38, '13', 'Miranda', 'VE-M', 231, 1, NULL, NULL),
(39, '14', 'Monagas', 'VE-N', 231, 1, NULL, NULL),
(40, '15', 'Nueva Esparta', 'VE-O', 231, 1, NULL, NULL),
(41, '16', 'Portuguesa', 'VE-P', 231, 1, NULL, NULL),
(42, '17', 'Sucre', 'VE-R', 231, 1, NULL, NULL),
(43, '18', 'Táchira', 'VE-S', 231, 1, NULL, NULL),
(44, '19', 'Trujillo', 'VE-T', 231, 1, NULL, NULL),
(45, '20', 'Yaracuy', 'VE-U', 231, 1, NULL, NULL),
(46, '21', 'Zulia', 'VE-V', 231, 1, NULL, NULL),
(47, '22', 'Vargas', 'VE-W', 231, 1, NULL, NULL),
(48, '23', 'Amazonas', 'VE-X', 231, 1, NULL, NULL),
(49, '24', 'Delta Amacuro', 'VE-Y', 231, 1, NULL, NULL),
(50, '25', 'Dependencias Federales', 'VE-Z', 231, 1, NULL, NULL);

-- --------------------------------------------------------

--
-- Estructura de tabla para la tabla `estados`
--

DROP TABLE IF EXISTS `estados`;
CREATE TABLE IF NOT EXISTS `estados` (
  `id_estado` int(11) NOT NULL AUTO_INCREMENT,
  `estado` varchar(250) NOT NULL,
  `iso_3166-2` varchar(4) NOT NULL,
  PRIMARY KEY (`id_estado`)
) ENGINE=InnoDB AUTO_INCREMENT=26 DEFAULT CHARSET=utf8;

--
-- Volcado de datos para la tabla `estados`
--

INSERT INTO `estados` (`id_estado`, `estado`, `iso_3166-2`) VALUES
(1, 'Amazonas', 'VE-X'),
(2, 'Anzoátegui', 'VE-B'),
(3, 'Apure', 'VE-C'),
(4, 'Aragua', 'VE-D'),
(5, 'Barinas', 'VE-E'),
(6, 'Bolívar', 'VE-F'),
(7, 'Carabobo', 'VE-G'),
(8, 'Cojedes', 'VE-H'),
(9, 'Delta Amacuro', 'VE-Y'),
(10, 'Falcón', 'VE-I'),
(11, 'Guárico', 'VE-J'),
(12, 'Lara', 'VE-K'),
(13, 'Mérida', 'VE-L'),
(14, 'Miranda', 'VE-M'),
(15, 'Monagas', 'VE-N'),
(16, 'Nueva Esparta', 'VE-O'),
(17, 'Portuguesa', 'VE-P'),
(18, 'Sucre', 'VE-R'),
(19, 'Táchira', 'VE-S'),
(20, 'Trujillo', 'VE-T'),
(21, 'Vargas', 'VE-W'),
(22, 'Yaracuy', 'VE-U'),
(23, 'Zulia', 'VE-V'),
(24, 'Distrito Capital', 'VE-A'),
(25, 'Dependencias Federales', 'VE-Z');

-- --------------------------------------------------------

--
-- Estructura de tabla para la tabla `failed_jobs`
--

DROP TABLE IF EXISTS `failed_jobs`;
CREATE TABLE IF NOT EXISTS `failed_jobs` (
  `id` bigint(20) UNSIGNED NOT NULL AUTO_INCREMENT,
  `uuid` varchar(191) COLLATE utf8mb4_unicode_ci NOT NULL,
  `connection` text COLLATE utf8mb4_unicode_ci NOT NULL,
  `queue` text COLLATE utf8mb4_unicode_ci NOT NULL,
  `payload` longtext COLLATE utf8mb4_unicode_ci NOT NULL,
  `exception` longtext COLLATE utf8mb4_unicode_ci NOT NULL,
  `failed_at` timestamp NOT NULL DEFAULT CURRENT_TIMESTAMP,
  PRIMARY KEY (`id`),
  UNIQUE KEY `failed_jobs_uuid_unique` (`uuid`)
) ENGINE=MyISAM DEFAULT CHARSET=utf8mb4 COLLATE=utf8mb4_unicode_ci;

-- --------------------------------------------------------

--
-- Estructura de tabla para la tabla `migrations`
--

DROP TABLE IF EXISTS `migrations`;
CREATE TABLE IF NOT EXISTS `migrations` (
  `id` int(10) UNSIGNED NOT NULL AUTO_INCREMENT,
  `migration` varchar(191) COLLATE utf8mb4_unicode_ci NOT NULL,
  `batch` int(11) NOT NULL,
  PRIMARY KEY (`id`)
) ENGINE=MyISAM AUTO_INCREMENT=35 DEFAULT CHARSET=utf8mb4 COLLATE=utf8mb4_unicode_ci;

--
-- Volcado de datos para la tabla `migrations`
--

INSERT INTO `migrations` (`id`, `migration`, `batch`) VALUES
(25, '2014_10_12_000000_create_users_table', 1),
(26, '2014_10_12_100000_create_password_resets_table', 1),
(27, '2016_06_01_000001_create_oauth_auth_codes_table', 1),
(28, '2016_06_01_000002_create_oauth_access_tokens_table', 1),
(29, '2016_06_01_000003_create_oauth_refresh_tokens_table', 1),
(30, '2016_06_01_000004_create_oauth_clients_table', 1),
(31, '2016_06_01_000005_create_oauth_personal_access_clients_table', 1),
(32, '2019_08_19_000000_create_failed_jobs_table', 1),
(33, '2020_12_27_115631_create_paciente_table', 1),
(34, '2020_12_27_174118_create_pais_table', 2);

-- --------------------------------------------------------

--
-- Estructura de tabla para la tabla `municipio`
--

DROP TABLE IF EXISTS `municipio`;
CREATE TABLE IF NOT EXISTS `municipio` (
  `id_mun` int(11) NOT NULL AUTO_INCREMENT COMMENT 'ID UNICO',
  `cod_mun` varchar(4) DEFAULT 'null',
  `des_mun` varchar(255) NOT NULL COMMENT 'DESCRIPCION MUNICIPIO',
  `pais_mun` int(11) DEFAULT NULL COMMENT 'PAIS MUNICIPIO',
  `edo_mun` int(11) DEFAULT NULL COMMENT 'ESTADO MUNICIPIO',
  `status_mun` int(11) NOT NULL COMMENT 'ESTATUS MUNICIPIO',
  `created_at` int(11) DEFAULT NULL COMMENT 'CREADO EN',
  `updated_at` int(11) DEFAULT NULL COMMENT 'ACTUALIZADO EN',
  PRIMARY KEY (`id_mun`),
  KEY `edo_mun` (`edo_mun`) USING BTREE,
  KEY `cod_edo_UNIQUE` (`cod_mun`,`pais_mun`,`edo_mun`) USING BTREE,
  KEY `pais_mun` (`pais_mun`) USING BTREE
) ENGINE=InnoDB AUTO_INCREMENT=532 DEFAULT CHARSET=latin1 COMMENT='GUARDA DATOS DE MUNICIPIO';

--
-- Volcado de datos para la tabla `municipio`
--

INSERT INTO `municipio` (`id_mun`, `cod_mun`, `des_mun`, `pais_mun`, `edo_mun`, `status_mun`, `created_at`, `updated_at`) VALUES
(1, '0101', 'Chachapoyas', 241, 1, 1, NULL, 1603464442),
(2, '0102', 'Bagua', 241, 1, 1, NULL, NULL),
(3, '0103', 'Bongará', 241, 1, 1, NULL, NULL),
(4, '0104', 'Condorcanqui', 241, 1, 1, NULL, NULL),
(5, '0105', 'Luya', 241, 1, 1, NULL, NULL),
(6, '0106', 'Rodríguez de Mendoza', 241, 1, 1, NULL, NULL),
(7, '0107', 'Utcubamba', 241, 1, 1, NULL, NULL),
(8, '0201', 'Huaraz', 241, 2, 1, NULL, NULL),
(9, '0202', 'Aija', 241, 2, 1, NULL, NULL),
(10, '0203', 'Antonio Raimondi', 241, 2, 1, NULL, NULL),
(11, '0204', 'Asunción', 241, 2, 1, NULL, NULL),
(12, '0205', 'Bolognesi', 241, 2, 1, NULL, NULL),
(13, '0206', 'Carhuaz', 241, 2, 1, NULL, NULL),
(14, '0207', 'Carlos Fermín Fitzcarrald', 241, 2, 1, NULL, NULL),
(15, '0208', 'Casma', 241, 2, 1, NULL, NULL),
(16, '0209', 'Corongo', 241, 2, 1, NULL, NULL),
(17, '0210', 'Huari', 241, 2, 1, NULL, NULL),
(18, '0211', 'Huarmey', 241, 2, 1, NULL, NULL),
(19, '0212', 'Huaylas', 241, 2, 1, NULL, NULL),
(20, '0213', 'Mariscal Luzuriaga', 241, 2, 1, NULL, NULL),
(21, '0214', 'Ocros', 241, 2, 1, NULL, NULL),
(22, '0215', 'Pallasca', 241, 2, 1, NULL, NULL),
(23, '0216', 'Pomabamba', 241, 2, 1, NULL, NULL),
(24, '0217', 'Recuay', 241, 2, 1, NULL, NULL),
(25, '0218', 'Santa', 241, 2, 1, NULL, NULL),
(26, '0219', 'Sihuas', 241, 2, 1, NULL, NULL),
(27, '0220', 'Yungay', 241, 2, 1, NULL, NULL),
(28, '0301', 'Abancay', 241, 3, 1, NULL, NULL),
(29, '0302', 'Andahuaylas', 241, 3, 1, NULL, NULL),
(30, '0303', 'Antabamba', 241, 3, 1, NULL, NULL),
(31, '0304', 'Aymaraes', 241, 3, 1, NULL, NULL),
(32, '0305', 'Cotabambas', 241, 3, 1, NULL, NULL),
(33, '0306', 'Chincheros', 241, 3, 1, NULL, NULL),
(34, '0307', 'Grau', 241, 3, 1, NULL, NULL),
(35, '0401', 'Arequipa', 241, 4, 1, NULL, NULL),
(36, '0402', 'Camaná', 241, 4, 1, NULL, NULL),
(37, '0403', 'Caravelí', 241, 4, 1, NULL, NULL),
(38, '0404', 'Castilla', 241, 4, 1, NULL, NULL),
(39, '0405', 'Caylloma', 241, 4, 1, NULL, NULL),
(40, '0406', 'Condesuyos', 241, 4, 1, NULL, NULL),
(41, '0407', 'Islay', 241, 4, 1, NULL, NULL),
(42, '0408', 'La Unión', 241, 4, 1, NULL, NULL),
(43, '0501', 'Huamanga', 241, 5, 1, NULL, NULL),
(44, '0502', 'Cangallo', 241, 5, 1, NULL, NULL),
(45, '0503', 'Huanca Sancos', 241, 5, 1, NULL, NULL),
(46, '0504', 'Huanta', 241, 5, 1, NULL, NULL),
(47, '0505', 'La Mar', 241, 5, 1, NULL, NULL),
(48, '0506', 'Lucanas', 241, 5, 1, NULL, NULL),
(49, '0507', 'Parinacochas', 241, 5, 1, NULL, NULL),
(50, '0508', 'Páucar del Sara Sara', 241, 5, 1, NULL, NULL),
(51, '0509', 'Sucre', 241, 5, 1, NULL, NULL),
(52, '0510', 'Víctor Fajardo', 241, 5, 1, NULL, NULL),
(53, '0511', 'Vilcas Huamán', 241, 5, 1, NULL, NULL),
(54, '0601', 'Cajamarca', 241, 6, 1, NULL, NULL),
(55, '0602', 'Cajabamba', 241, 6, 1, NULL, NULL),
(56, '0603', 'Celendín', 241, 6, 1, NULL, NULL),
(57, '0604', 'Chota', 241, 6, 1, NULL, NULL),
(58, '0605', 'Contumazá', 241, 6, 1, NULL, NULL),
(59, '0606', 'Cutervo', 241, 6, 1, NULL, NULL),
(60, '0607', 'Hualgayoc', 241, 6, 1, NULL, NULL),
(61, '0608', 'Jaén', 241, 6, 1, NULL, NULL),
(62, '0609', 'San Ignacio', 241, 6, 1, NULL, NULL),
(63, '0610', 'San Marcos', 241, 6, 1, NULL, NULL),
(64, '0611', 'San Miguel', 241, 6, 1, NULL, NULL),
(65, '0612', 'San Pablo', 241, 6, 1, NULL, NULL),
(66, '0613', 'Santa Cruz', 241, 6, 1, NULL, NULL),
(67, '0701', 'Callao', 241, 7, 1, NULL, NULL),
(68, '0801', 'Cusco', 241, 8, 1, NULL, NULL),
(69, '0802', 'Acomayo', 241, 8, 1, NULL, NULL),
(70, '0803', 'Anta', 241, 8, 1, NULL, NULL),
(71, '0804', 'Calca', 241, 8, 1, NULL, NULL),
(72, '0805', 'Canas', 241, 8, 1, NULL, NULL),
(73, '0806', 'Canchis', 241, 8, 1, NULL, NULL),
(74, '0807', 'Chumbivilcas', 241, 8, 1, NULL, NULL),
(75, '0808', 'Espinar', 241, 8, 1, NULL, NULL),
(76, '0809', 'La Convención', 241, 8, 1, NULL, NULL),
(77, '0810', 'Paruro', 241, 8, 1, NULL, NULL),
(78, '0811', 'Paucartambo', 241, 8, 1, NULL, NULL),
(79, '0812', 'Quispicanchi', 241, 8, 1, NULL, NULL),
(80, '0813', 'Urubamba', 241, 8, 1, NULL, NULL),
(81, '0901', 'Huancavelica', 241, 9, 1, NULL, NULL),
(82, '0902', 'Acobamba', 241, 9, 1, NULL, NULL),
(83, '0903', 'Angaraes', 241, 9, 1, NULL, NULL),
(84, '0904', 'Castrovirreyna', 241, 9, 1, NULL, NULL),
(85, '0905', 'Churcampa', 241, 9, 1, NULL, NULL),
(86, '0906', 'Huaytará', 241, 9, 1, NULL, NULL),
(87, '0907', 'Tayacaja', 241, 9, 1, NULL, NULL),
(88, '1001', 'Huánuco', 241, 10, 1, NULL, NULL),
(89, '1002', 'Ambo', 241, 10, 1, NULL, NULL),
(90, '1003', 'Dos de Mayo', 241, 10, 1, NULL, NULL),
(91, '1004', 'Huacaybamba', 241, 10, 1, NULL, NULL),
(92, '1005', 'Huamalíes', 241, 10, 1, NULL, NULL),
(93, '1006', 'Leoncio Prado', 241, 10, 1, NULL, NULL),
(94, '1007', 'Marañón', 241, 10, 1, NULL, NULL),
(95, '1008', 'Pachitea', 241, 10, 1, NULL, NULL),
(96, '1009', 'Puerto Inca', 241, 10, 1, NULL, NULL),
(97, '1010', 'Lauricocha', 241, 10, 1, NULL, NULL),
(98, '1011', 'Yarowilca', 241, 10, 1, NULL, NULL),
(99, '1101', 'Ica', 241, 11, 1, NULL, NULL),
(100, '1102', 'Chincha', 241, 11, 1, NULL, NULL),
(101, '1103', 'Nasca', 241, 11, 1, NULL, NULL),
(102, '1104', 'Palpa', 241, 11, 1, NULL, NULL),
(103, '1105', 'Pisco', 241, 11, 1, NULL, NULL),
(104, '1201', 'Huancayo', 241, 12, 1, NULL, NULL),
(105, '1202', 'Concepción', 241, 12, 1, NULL, NULL),
(106, '1203', 'Chanchamayo', 241, 12, 1, NULL, NULL),
(107, '1204', 'Jauja', 241, 12, 1, NULL, NULL),
(108, '1205', 'Junín', 241, 12, 1, NULL, NULL),
(109, '1206', 'Satipo', 241, 12, 1, NULL, NULL),
(110, '1207', 'Tarma', 241, 12, 1, NULL, NULL),
(111, '1208', 'Yauli', 241, 12, 1, NULL, NULL),
(112, '1209', 'Chupaca', 241, 12, 1, NULL, NULL),
(113, '1301', 'Trujillo', 241, 13, 1, NULL, NULL),
(114, '1302', 'Ascope', 241, 13, 1, NULL, NULL),
(115, '1303', 'Bolívar', 241, 13, 1, NULL, NULL),
(116, '1304', 'Chepén', 241, 13, 1, NULL, NULL),
(117, '1305', 'Julcán', 241, 13, 1, NULL, NULL),
(118, '1306', 'Otuzco', 241, 13, 1, NULL, NULL),
(119, '1307', 'Pacasmayo', 241, 13, 1, NULL, NULL),
(120, '1308', 'Pataz', 241, 13, 1, NULL, NULL),
(121, '1309', 'Sánchez Carrión', 241, 13, 1, NULL, NULL),
(122, '1310', 'Santiago de Chuco', 241, 13, 1, NULL, NULL),
(123, '1311', 'Gran Chimú', 241, 13, 1, NULL, NULL),
(124, '1312', 'Virú', 241, 13, 1, NULL, NULL),
(125, '1401', 'Chiclayo', 241, 14, 1, NULL, NULL),
(126, '1402', 'Ferreñafe', 241, 14, 1, NULL, NULL),
(127, '1403', 'Lambayeque', 241, 14, 1, NULL, NULL),
(128, '1501', 'Lima', 241, 15, 1, NULL, NULL),
(129, '1502', 'Barranca', 241, 15, 1, NULL, NULL),
(130, '1503', 'Cajatambo', 241, 15, 1, NULL, NULL),
(131, '1504', 'Canta', 241, 15, 1, NULL, NULL),
(132, '1505', 'Cañete', 241, 15, 1, NULL, NULL),
(133, '1506', 'Huaral', 241, 15, 1, NULL, NULL),
(134, '1507', 'Huarochiri', 241, 15, 1, NULL, NULL),
(135, '1508', 'Huaura', 241, 15, 1, NULL, NULL),
(136, '1509', 'Oyón', 241, 15, 1, NULL, NULL),
(137, '1510', 'Yauyos', 241, 15, 1, NULL, NULL),
(138, '1601', 'Maynas', 241, 16, 1, NULL, NULL),
(139, '1602', 'Alto Amazonas', 241, 16, 1, NULL, NULL),
(140, '1603', 'Loreto', 241, 16, 1, NULL, NULL),
(141, '1604', 'Mariscal Ramón Castilla', 241, 16, 1, NULL, NULL),
(142, '1605', 'Requena', 241, 16, 1, NULL, NULL),
(143, '1606', 'Ucayali', 241, 16, 1, NULL, NULL),
(144, '1607', 'Datem del Marañón', 241, 16, 1, NULL, NULL),
(145, '1608', 'Putumayo', 241, 16, 1, NULL, NULL),
(146, '1701', 'Tambopata', 241, 17, 1, NULL, NULL),
(147, '1702', 'Manu', 241, 17, 1, NULL, NULL),
(148, '1703', 'Tahuamanu', 241, 17, 1, NULL, NULL),
(149, '1801', 'Mariscal Nieto', 241, 18, 1, NULL, NULL),
(150, '1802', 'General Sánchez Cerro', 241, 18, 1, NULL, NULL),
(151, '1803', 'Ilo', 241, 18, 1, NULL, NULL),
(152, '1901', 'Pasco', 241, 19, 1, NULL, NULL),
(153, '1902', 'Daniel Alcides Carrión', 241, 19, 1, NULL, NULL),
(154, '1903', 'Oxapampa', 241, 19, 1, NULL, NULL),
(155, '2001', 'Piura', 241, 20, 1, NULL, NULL),
(156, '2002', 'Ayabaca', 241, 20, 1, NULL, NULL),
(157, '2003', 'Huancabamba', 241, 20, 1, NULL, NULL),
(158, '2004', 'Morropón', 241, 20, 1, NULL, NULL),
(159, '2005', 'Paita', 241, 20, 1, NULL, NULL),
(160, '2006', 'Sullana', 241, 20, 1, NULL, NULL),
(161, '2007', 'Talara', 241, 20, 1, NULL, NULL),
(162, '2008', 'Sechura', 241, 20, 1, NULL, NULL),
(163, '2101', 'Puno', 241, 21, 1, NULL, NULL),
(164, '2102', 'Azángaro', 241, 21, 1, NULL, NULL),
(165, '2103', 'Carabaya', 241, 21, 1, NULL, NULL),
(166, '2104', 'Chucuito', 241, 21, 1, NULL, NULL),
(167, '2105', 'El Collao', 241, 21, 1, NULL, NULL),
(168, '2106', 'Huancané', 241, 21, 1, NULL, NULL),
(169, '2107', 'Lampa', 241, 21, 1, NULL, NULL),
(170, '2108', 'Melgar', 241, 21, 1, NULL, NULL),
(171, '2109', 'Moho', 241, 21, 1, NULL, NULL),
(172, '2110', 'San Antonio de Putina', 241, 21, 1, NULL, NULL),
(173, '2111', 'San Román', 241, 21, 1, NULL, NULL),
(174, '2112', 'Sandia', 241, 21, 1, NULL, NULL),
(175, '2113', 'Yunguyo', 241, 21, 1, NULL, NULL),
(176, '2201', 'Moyobamba', 241, 22, 1, NULL, NULL),
(177, '2202', 'Bellavista', 241, 22, 1, NULL, NULL),
(178, '2203', 'El Dorado', 241, 22, 1, NULL, NULL),
(179, '2204', 'Huallaga', 241, 22, 1, NULL, NULL),
(180, '2205', 'Lamas', 241, 22, 1, NULL, NULL),
(181, '2206', 'Mariscal Cáceres', 241, 22, 1, NULL, NULL),
(182, '2207', 'Picota', 241, 22, 1, NULL, NULL),
(183, '2208', 'Rioja', 241, 22, 1, NULL, NULL),
(184, '2209', 'San Martín', 241, 22, 1, NULL, NULL),
(185, '2210', 'Tocache', 241, 22, 1, NULL, NULL),
(186, '2301', 'Tacna', 241, 23, 1, NULL, NULL),
(187, '2302', 'Candarave', 241, 23, 1, NULL, NULL),
(188, '2303', 'Jorge Basadre', 241, 23, 1, NULL, NULL),
(189, '2304', 'Tarata', 241, 23, 1, NULL, NULL),
(190, '2401', 'Tumbes', 241, 24, 1, NULL, NULL),
(191, '2402', 'Contralmirante Villar', 241, 24, 1, NULL, NULL),
(192, '2403', 'Zarumilla', 241, 24, 1, NULL, NULL),
(193, '2501', 'Coronel Portillo', 241, 25, 1, NULL, NULL),
(194, '2502', 'Atalaya', 241, 25, 1, NULL, NULL),
(195, '2503', 'Padre Abad', 241, 25, 1, NULL, NULL),
(196, '2504', 'Purus', 241, 25, 1, NULL, NULL),
(197, '2301', 'Alto Orinoco', 231, 48, 1, NULL, NULL),
(198, '2302', 'Atabapo', 231, 48, 1, NULL, NULL),
(199, '2303', 'Atures', 231, 48, 1, NULL, NULL),
(200, '2304', 'Autana', 231, 48, 1, NULL, NULL),
(201, '2305', 'Manapiare', 231, 48, 1, NULL, NULL),
(202, '2306', 'Maroa', 231, 48, 1, NULL, NULL),
(203, '2307', 'Río Negro', 231, 48, 1, NULL, NULL),
(204, '0208', 'Anaco', 231, 27, 1, NULL, NULL),
(205, '0209', 'Aragua', 231, 27, 1, NULL, NULL),
(206, '0210', 'Manuel Ezequiel Bruzual', 231, 27, 1, NULL, NULL),
(207, '0211', 'Diego Bautista Urbaneja', 231, 27, 1, NULL, NULL),
(208, '0212', 'Fernando Peñalver', 231, 27, 1, NULL, NULL),
(209, '0213', 'Francisco Del Carmen Carvajal', 231, 27, 1, NULL, NULL),
(210, '0214', 'General Sir Arthur McGregor', 231, 27, 1, NULL, NULL),
(211, '0215', 'Guanta', 231, 27, 1, NULL, NULL),
(212, '0216', 'Independencia', 231, 27, 1, NULL, NULL),
(213, '0217', 'José Gregorio Monagas', 231, 27, 1, NULL, NULL),
(214, '0218', 'Juan Antonio Sotillo', 231, 27, 1, NULL, NULL),
(215, '0219', 'Juan Manuel Cajigal', 231, 27, 1, NULL, NULL),
(216, '0220', 'Libertad', 231, 27, 1, NULL, NULL),
(217, '0221', 'Francisco de Miranda', 231, 27, 1, NULL, NULL),
(218, '0222', 'Pedro María Freites', 231, 27, 1, NULL, NULL),
(219, '0223', 'Píritu', 231, 27, 1, NULL, NULL),
(220, '0224', 'San José de Guanipa', 231, 27, 1, NULL, NULL),
(221, '0225', 'San Juan de Capistrano', 231, 27, 1, NULL, NULL),
(222, '0226', 'Santa Ana', 231, 27, 1, NULL, NULL),
(223, '0227', 'Simón Bolívar', 231, 27, 1, NULL, NULL),
(224, '0228', 'Simón Rodríguez', 231, 27, 1, NULL, NULL),
(225, '0329', 'Achaguas', 231, 28, 1, NULL, NULL),
(226, '0330', 'Biruaca', 231, 28, 1, NULL, NULL),
(227, '0331', 'Muñóz', 231, 28, 1, NULL, NULL),
(228, '0332', 'Páez', 231, 28, 1, NULL, NULL),
(229, '0333', 'Pedro Camejo', 231, 28, 1, NULL, NULL),
(230, '0334', 'Rómulo Gallegos', 231, 28, 1, NULL, NULL),
(231, '0335', 'San Fernando', 231, 28, 1, NULL, NULL),
(232, '0436', 'Atanasio Girardot', 231, 29, 1, NULL, NULL),
(233, '0437', 'Bolívar', 231, 29, 1, NULL, NULL),
(234, '0438', 'Camatagua', 231, 29, 1, NULL, NULL),
(235, '0439', 'Francisco Linares Alcántara', 231, 29, 1, NULL, NULL),
(236, '0440', 'José Ángel Lamas', 231, 29, 1, NULL, NULL),
(237, '0441', 'José Félix Ribas', 231, 29, 1, NULL, NULL),
(238, '0442', 'José Rafael Revenga', 231, 29, 1, NULL, NULL),
(239, '0443', 'Libertador', 231, 29, 1, NULL, NULL),
(240, '0444', 'Mario Briceño Iragorry', 231, 29, 1, NULL, NULL),
(241, '0445', 'Ocumare de la Costa de Oro', 231, 29, 1, NULL, NULL),
(242, '0446', 'San Casimiro', 231, 29, 1, NULL, NULL),
(243, '0447', 'San Sebastián', 231, 29, 1, NULL, NULL),
(244, '0448', 'Santiago Mariño', 231, 29, 1, NULL, NULL),
(245, '0449', 'Santos Michelena', 231, 29, 1, NULL, NULL),
(246, '0450', 'Sucre', 231, 29, 1, NULL, NULL),
(247, '0451', 'Tovar', 231, 29, 1, NULL, NULL),
(248, '0452', 'Urdaneta', 231, 29, 1, NULL, NULL),
(249, '0453', 'Zamora', 231, 29, 1, NULL, NULL),
(250, '0554', 'Alberto Arvelo Torrealba', 231, 30, 1, NULL, NULL),
(251, '0555', 'Andrés Eloy Blanco', 231, 30, 1, NULL, NULL),
(252, '0556', 'Antonio José de Sucre', 231, 30, 1, NULL, NULL),
(253, '0557', 'Arismendi', 231, 30, 1, NULL, NULL),
(254, '0558', 'Barinas', 231, 30, 1, NULL, NULL),
(255, '0559', 'Bolívar', 231, 30, 1, NULL, NULL),
(256, '0560', 'Cruz Paredes', 231, 30, 1, NULL, NULL),
(257, '0561', 'Ezequiel Zamora', 231, 30, 1, NULL, NULL),
(258, '0562', 'Obispos', 231, 30, 1, NULL, NULL),
(259, '0563', 'Pedraza', 231, 30, 1, NULL, NULL),
(260, '0564', 'Rojas', 231, 30, 1, NULL, NULL),
(261, '0565', 'Sosa', 231, 30, 1, NULL, NULL),
(262, '0666', 'Caroní', 231, 31, 1, NULL, NULL),
(263, '0667', 'Cedeño', 231, 31, 1, NULL, NULL),
(264, '0668', 'El Callao', 231, 31, 1, NULL, NULL),
(265, '0669', 'Gran Sabana', 231, 31, 1, NULL, NULL),
(266, '0670', 'Heres', 231, 31, 1, NULL, NULL),
(267, '0671', 'Piar', 231, 31, 1, NULL, NULL),
(268, '0672', 'Angostura (Raúl Leoni)', 231, 31, 1, NULL, NULL),
(269, '0673', 'Roscio', 231, 31, 1, NULL, NULL),
(270, '0674', 'Sifontes', 231, 31, 1, NULL, NULL),
(271, '0675', 'Sucre', 231, 31, 1, NULL, NULL),
(272, '0676', 'Padre Pedro Chien', 231, 31, 1, NULL, NULL),
(273, '0777', 'Bejuma', 231, 32, 1, NULL, NULL),
(274, '0778', 'Carlos Arvelo', 231, 32, 1, NULL, NULL),
(275, '0779', 'Diego Ibarra', 231, 32, 1, NULL, NULL),
(276, '0780', 'Guacara', 231, 32, 1, NULL, NULL),
(277, '0781', 'Juan José Mora', 231, 32, 1, NULL, NULL),
(278, '0782', 'Libertador', 231, 32, 1, NULL, NULL),
(279, '0783', 'Los Guayos', 231, 32, 1, NULL, NULL),
(280, '0784', 'Miranda', 231, 32, 1, NULL, NULL),
(281, '0785', 'Montalbán', 231, 32, 1, NULL, NULL),
(282, '0786', 'Naguanagua', 231, 32, 1, NULL, NULL),
(283, '0787', 'Puerto Cabello', 231, 32, 1, NULL, NULL),
(284, '0788', 'San Diego', 231, 32, 1, NULL, NULL),
(285, '0789', 'San Joaquín', 231, 32, 1, NULL, NULL),
(286, '0790', 'Valencia', 231, 32, 1, NULL, NULL),
(287, '0891', 'Anzoátegui', 231, 33, 1, NULL, NULL),
(288, '0892', 'Tinaquillo', 231, 33, 1, NULL, NULL),
(289, '0893', 'Girardot', 231, 33, 1, NULL, NULL),
(290, '0894', 'Lima Blanco', 231, 33, 1, NULL, NULL),
(291, '0895', 'Pao de San Juan Bautista', 231, 33, 1, NULL, NULL),
(292, '0896', 'Ricaurte', 231, 33, 1, NULL, NULL),
(293, '0897', 'Rómulo Gallegos', 231, 33, 1, NULL, NULL),
(294, '0898', 'San Carlos', 231, 33, 1, NULL, NULL),
(295, '0899', 'Tinaco', 231, 33, 1, NULL, NULL),
(296, '2410', 'Antonio Díaz', 231, 49, 1, NULL, NULL),
(297, '2410', 'Casacoima', 231, 49, 1, NULL, NULL),
(298, '2410', 'Pedernales', 231, 49, 1, NULL, NULL),
(299, '2410', 'Tucupita', 231, 49, 1, NULL, NULL),
(300, '0910', 'Acosta', 231, 34, 1, NULL, NULL),
(301, '0910', 'Bolívar', 231, 34, 1, NULL, NULL),
(302, '0910', 'Buchivacoa', 231, 34, 1, NULL, NULL),
(303, '0910', 'Cacique Manaure', 231, 34, 1, NULL, NULL),
(304, '0910', 'Carirubana', 231, 34, 1, NULL, NULL),
(305, '0910', 'Colina', 231, 34, 1, NULL, NULL),
(306, '0911', 'Dabajuro', 231, 34, 1, NULL, NULL),
(307, '0911', 'Democracia', 231, 34, 1, NULL, NULL),
(308, '0911', 'Falcón', 231, 34, 1, NULL, NULL),
(309, '0911', 'Federación', 231, 34, 1, NULL, NULL),
(310, '0911', 'Jacura', 231, 34, 1, NULL, NULL),
(311, '0911', 'José Laurencio Silva', 231, 34, 1, NULL, NULL),
(312, '0911', 'Los Taques', 231, 34, 1, NULL, NULL),
(313, '0911', 'Mauroa', 231, 34, 1, NULL, NULL),
(314, '0911', 'Miranda', 231, 34, 1, NULL, NULL),
(315, '0911', 'Monseñor Iturriza', 231, 34, 1, NULL, NULL),
(316, '0912', 'Palmasola', 231, 34, 1, NULL, NULL),
(317, '0912', 'Petit', 231, 34, 1, NULL, NULL),
(318, '0912', 'Píritu', 231, 34, 1, NULL, NULL),
(319, '0912', 'San Francisco', 231, 34, 1, NULL, NULL),
(320, '0912', 'Sucre', 231, 34, 1, NULL, NULL),
(321, '0912', 'Tocópero', 231, 34, 1, NULL, NULL),
(322, '0912', 'Unión', 231, 34, 1, NULL, NULL),
(323, '0912', 'Urumaco', 231, 34, 1, NULL, NULL),
(324, '0912', 'Zamora', 231, 34, 1, NULL, NULL),
(325, '1012', 'Camaguán', 231, 35, 1, NULL, NULL),
(326, '1013', 'Chaguaramas', 231, 35, 1, NULL, NULL),
(327, '1013', 'El Socorro', 231, 35, 1, NULL, NULL),
(328, '1013', 'José Félix Ribas', 231, 35, 1, NULL, NULL),
(329, '1013', 'José Tadeo Monagas', 231, 35, 1, NULL, NULL),
(330, '1013', 'Juan Germán Roscio', 231, 35, 1, NULL, NULL),
(331, '1013', 'Julián Mellado', 231, 35, 1, NULL, NULL),
(332, '1013', 'Las Mercedes', 231, 35, 1, NULL, NULL),
(333, '1013', 'Leonardo Infante', 231, 35, 1, NULL, NULL),
(334, '1013', 'Pedro Zaraza', 231, 35, 1, NULL, NULL),
(335, '1013', 'Ortíz', 231, 35, 1, NULL, NULL),
(336, '1014', 'San Gerónimo de Guayabal', 231, 35, 1, NULL, NULL),
(337, '1014', 'San José de Guaribe', 231, 35, 1, NULL, NULL),
(338, '1014', 'Santa María de Ipire', 231, 35, 1, NULL, NULL),
(339, '1014', 'Sebastián Francisco de Miranda', 231, 35, 1, NULL, NULL),
(340, '1114', 'Andrés Eloy Blanco', 231, 36, 1, NULL, NULL),
(341, '1114', 'Crespo', 231, 36, 1, NULL, NULL),
(342, '1114', 'Iribarren', 231, 36, 1, NULL, NULL),
(343, '1114', 'Jiménez', 231, 36, 1, NULL, NULL),
(344, '1114', 'Morán', 231, 36, 1, NULL, NULL),
(345, '1114', 'Palavecino', 231, 36, 1, NULL, NULL),
(346, '1115', 'Simón Planas', 231, 36, 1, NULL, NULL),
(347, '1115', 'Torres', 231, 36, 1, NULL, NULL),
(348, '1115', 'Urdaneta', 231, 36, 1, NULL, NULL),
(349, '1217', 'Alberto Adriani', 231, 37, 1, NULL, NULL),
(350, '1218', 'Andrés Bello', 231, 37, 1, NULL, NULL),
(351, '1218', 'Antonio Pinto Salinas', 231, 37, 1, NULL, NULL),
(352, '1218', 'Aricagua', 231, 37, 1, NULL, NULL),
(353, '1218', 'Arzobispo Chacón', 231, 37, 1, NULL, NULL),
(354, '1218', 'Campo Elías', 231, 37, 1, NULL, NULL),
(355, '1218', 'Caracciolo Parra Olmedo', 231, 37, 1, NULL, NULL),
(356, '1218', 'Cardenal Quintero', 231, 37, 1, NULL, NULL),
(357, '1218', 'Guaraque', 231, 37, 1, NULL, NULL),
(358, '1218', 'Julio César Salas', 231, 37, 1, NULL, NULL),
(359, '1218', 'Justo Briceño', 231, 37, 1, NULL, NULL),
(360, '1219', 'Libertador', 231, 37, 1, NULL, NULL),
(361, '1219', 'Miranda', 231, 37, 1, NULL, NULL),
(362, '1219', 'Obispo Ramos de Lora', 231, 37, 1, NULL, NULL),
(363, '1219', 'Padre Noguera', 231, 37, 1, NULL, NULL),
(364, '1219', 'Pueblo Llano', 231, 37, 1, NULL, NULL),
(365, '1219', 'Rangel', 231, 37, 1, NULL, NULL),
(366, '1219', 'Rivas Dávila', 231, 37, 1, NULL, NULL),
(367, '1219', 'Santos Marquina', 231, 37, 1, NULL, NULL),
(368, '1219', 'Sucre', 231, 37, 1, NULL, NULL),
(369, '1219', 'Tovar', 231, 37, 1, NULL, NULL),
(370, '1220', 'Tulio Febres Cordero', 231, 37, 1, NULL, NULL),
(371, '1220', 'Zea', 231, 37, 1, NULL, NULL),
(372, '1322', 'Acevedo', 231, 38, 1, NULL, NULL),
(373, '1322', 'Andrés Bello', 231, 38, 1, NULL, NULL),
(374, '1322', 'Baruta', 231, 38, 1, NULL, NULL),
(375, '1322', 'Brión', 231, 38, 1, NULL, NULL),
(376, '1322', 'Buroz', 231, 38, 1, NULL, NULL),
(377, '1322', 'Carrizal', 231, 38, 1, NULL, NULL),
(378, '1322', 'Chacao', 231, 38, 1, NULL, NULL),
(379, '1323', 'Cristóbal Rojas', 231, 38, 1, NULL, NULL),
(380, '1323', 'El Hatillo', 231, 38, 1, NULL, NULL),
(381, '1323', 'Guaicaipuro', 231, 38, 1, NULL, NULL),
(382, '1323', 'Independencia', 231, 38, 1, NULL, NULL),
(383, '1323', 'Lander', 231, 38, 1, NULL, NULL),
(384, '1323', 'Los Salias', 231, 38, 1, NULL, NULL),
(385, '1323', 'Páez', 231, 38, 1, NULL, NULL),
(386, '1323', 'Paz Castillo', 231, 38, 1, NULL, NULL),
(387, '1323', 'Pedro Gual', 231, 38, 1, NULL, NULL),
(388, '1323', 'Plaza', 231, 38, 1, NULL, NULL),
(389, '1324', 'Simón Bolívar', 231, 38, 1, NULL, NULL),
(390, '1324', 'Sucre', 231, 38, 1, NULL, NULL),
(391, '1324', 'Urdaneta', 231, 38, 1, NULL, NULL),
(392, '1324', 'Zamora', 231, 38, 1, NULL, NULL),
(393, '1425', 'Acosta', 231, 39, 1, NULL, NULL),
(394, '1425', 'Aguasay', 231, 39, 1, NULL, NULL),
(395, '1426', 'Bolívar', 231, 39, 1, NULL, NULL),
(396, '1426', 'Caripe', 231, 39, 1, NULL, NULL),
(397, '1426', 'Cedeño', 231, 39, 1, NULL, NULL),
(398, '1426', 'Ezequiel Zamora', 231, 39, 1, NULL, NULL),
(399, '1426', 'Libertador', 231, 39, 1, NULL, NULL),
(400, '1426', 'Maturín', 231, 39, 1, NULL, NULL),
(401, '1426', 'Piar', 231, 39, 1, NULL, NULL),
(402, '1426', 'Punceres', 231, 39, 1, NULL, NULL),
(403, '1426', 'Santa Bárbara', 231, 39, 1, NULL, NULL),
(404, '1426', 'Sotillo', 231, 39, 1, NULL, NULL),
(405, '1427', 'Uracoa', 231, 39, 1, NULL, NULL),
(406, '1527', 'Antolín del Campo', 231, 40, 1, NULL, NULL),
(407, '1527', 'Arismendi', 231, 40, 1, NULL, NULL),
(408, '1527', 'García', 231, 40, 1, NULL, NULL),
(409, '1527', 'Gómez', 231, 40, 1, NULL, NULL),
(410, '1527', 'Maneiro', 231, 40, 1, NULL, NULL),
(411, '1527', 'Marcano', 231, 40, 1, NULL, NULL),
(412, '1527', 'Mariño', 231, 40, 1, NULL, NULL),
(413, '1527', 'Península de Macanao', 231, 40, 1, NULL, NULL),
(414, '1527', 'Tubores', 231, 40, 1, NULL, NULL),
(415, '1528', 'Villalba', 231, 40, 1, NULL, NULL),
(416, '1528', 'Díaz', 231, 40, 1, NULL, NULL),
(417, '1628', 'Agua Blanca', 231, 41, 1, NULL, NULL),
(418, '1628', 'Araure', 231, 41, 1, NULL, NULL),
(419, '1628', 'Esteller', 231, 41, 1, NULL, NULL),
(420, '1628', 'Guanare', 231, 41, 1, NULL, NULL),
(421, '1628', 'Guanarito', 231, 41, 1, NULL, NULL),
(422, '1628', 'Monseñor José Vicente de Unda', 231, 41, 1, NULL, NULL),
(423, '1628', 'Ospino', 231, 41, 1, NULL, NULL),
(424, '1628', 'Páez', 231, 41, 1, NULL, NULL),
(425, '1629', 'Papelón', 231, 41, 1, NULL, NULL),
(426, '1629', 'San Genaro de Boconoíto', 231, 41, 1, NULL, NULL),
(427, '1629', 'San Rafael de Onoto', 231, 41, 1, NULL, NULL),
(428, '1629', 'Santa Rosalía', 231, 41, 1, NULL, NULL),
(429, '1629', 'Sucre', 231, 41, 1, NULL, NULL),
(430, '1629', 'Turén', 231, 41, 1, NULL, NULL),
(431, '1729', 'Andrés Eloy Blanco', 231, 42, 1, NULL, NULL),
(432, '1729', 'Andrés Mata', 231, 42, 1, NULL, NULL),
(433, '1729', 'Arismendi', 231, 42, 1, NULL, NULL),
(434, '1729', 'Benítez', 231, 42, 1, NULL, NULL),
(435, '1730', 'Bermúdez', 231, 42, 1, NULL, NULL),
(436, '1730', 'Bolívar', 231, 42, 1, NULL, NULL),
(437, '1730', 'Cajigal', 231, 42, 1, NULL, NULL),
(438, '1730', 'Cruz Salmerón Acosta', 231, 42, 1, NULL, NULL),
(439, '1730', 'Libertador', 231, 42, 1, NULL, NULL),
(440, '1730', 'Mariño', 231, 42, 1, NULL, NULL),
(441, '1730', 'Mejía', 231, 42, 1, NULL, NULL),
(442, '1730', 'Montes', 231, 42, 1, NULL, NULL),
(443, '1730', 'Ribero', 231, 42, 1, NULL, NULL),
(444, '1730', 'Sucre', 231, 42, 1, NULL, NULL),
(445, '1731', 'Valdéz', 231, 42, 1, NULL, NULL),
(446, '1834', 'Andrés Bello', 231, 43, 1, NULL, NULL),
(447, '1834', 'Antonio Rómulo Costa', 231, 43, 1, NULL, NULL),
(448, '1834', 'Ayacucho', 231, 43, 1, NULL, NULL),
(449, '1834', 'Bolívar', 231, 43, 1, NULL, NULL),
(450, '1834', 'Cárdenas', 231, 43, 1, NULL, NULL),
(451, '1834', 'Córdoba', 231, 43, 1, NULL, NULL),
(452, '1834', 'Fernández Feo', 231, 43, 1, NULL, NULL),
(453, '1834', 'Francisco de Miranda', 231, 43, 1, NULL, NULL),
(454, '1834', 'García de Hevia', 231, 43, 1, NULL, NULL),
(455, '1835', 'Guásimos', 231, 43, 1, NULL, NULL),
(456, '1835', 'Independencia', 231, 43, 1, NULL, NULL),
(457, '1835', 'Jáuregui', 231, 43, 1, NULL, NULL),
(458, '1835', 'José María Vargas', 231, 43, 1, NULL, NULL),
(459, '1835', 'Junín', 231, 43, 1, NULL, NULL),
(460, '1835', 'Libertad', 231, 43, 1, NULL, NULL),
(461, '1835', 'Libertador', 231, 43, 1, NULL, NULL),
(462, '1835', 'Lobatera', 231, 43, 1, NULL, NULL),
(463, '1835', 'Michelena', 231, 43, 1, NULL, NULL),
(464, '1835', 'Panamericano', 231, 43, 1, NULL, NULL),
(465, '1836', 'Pedro María Ureña', 231, 43, 1, NULL, NULL),
(466, '1836', 'Rafael Urdaneta', 231, 43, 1, NULL, NULL),
(467, '1836', 'Samuel Darío Maldonado', 231, 43, 1, NULL, NULL),
(468, '1836', 'San Cristóbal', 231, 43, 1, NULL, NULL),
(469, '1836', 'Seboruco', 231, 43, 1, NULL, NULL),
(470, '1836', 'Simón Rodríguez', 231, 43, 1, NULL, NULL),
(471, '1836', 'Sucre', 231, 43, 1, NULL, NULL),
(472, '1836', 'Torbes', 231, 43, 1, NULL, NULL),
(473, '1836', 'Uribante', 231, 43, 1, NULL, NULL),
(474, '1836', 'San Judas Tadeo', 231, 43, 1, NULL, NULL),
(475, '1937', 'Andrés Bello', 231, 44, 1, NULL, NULL),
(476, '1937', 'Boconó', 231, 44, 1, NULL, NULL),
(477, '1937', 'Bolívar', 231, 44, 1, NULL, NULL),
(478, '1937', 'Candelaria', 231, 44, 1, NULL, NULL),
(479, '1937', 'Carache', 231, 44, 1, NULL, NULL),
(480, '1937', 'Escuque', 231, 44, 1, NULL, NULL),
(481, '1937', 'José Felipe Márquez Cañizalez', 231, 44, 1, NULL, NULL),
(482, '1937', 'Juan Vicente Campos Elías', 231, 44, 1, NULL, NULL),
(483, '1937', 'La Ceiba', 231, 44, 1, NULL, NULL),
(484, '1937', 'Miranda', 231, 44, 1, NULL, NULL),
(485, '1938', 'Monte Carmelo', 231, 44, 1, NULL, NULL),
(486, '1938', 'Motatán', 231, 44, 1, NULL, NULL),
(487, '1938', 'Pampán', 231, 44, 1, NULL, NULL),
(488, '1938', 'Pampanito', 231, 44, 1, NULL, NULL),
(489, '1938', 'Rafael Rangel', 231, 44, 1, NULL, NULL),
(490, '1938', 'San Rafael de Carvajal', 231, 44, 1, NULL, NULL),
(491, '1938', 'Sucre', 231, 44, 1, NULL, NULL),
(492, '1938', 'Trujillo', 231, 44, 1, NULL, NULL),
(493, '1938', 'Urdaneta', 231, 44, 1, NULL, NULL),
(494, '1938', 'Valera', 231, 44, 1, NULL, NULL),
(495, '2239', 'Vargas', 231, 47, 1, NULL, NULL),
(496, '2039', 'Arístides Bastidas', 231, 45, 1, NULL, NULL),
(497, '2039', 'Bolívar', 231, 45, 1, NULL, NULL),
(498, '2040', 'Bruzual', 231, 45, 1, NULL, NULL),
(499, '2040', 'Cocorote', 231, 45, 1, NULL, NULL),
(500, '2040', 'Independencia', 231, 45, 1, NULL, NULL),
(501, '2041', 'José Antonio Páez', 231, 45, 1, NULL, NULL),
(502, '2041', 'La Trinidad', 231, 45, 1, NULL, NULL),
(503, '2041', 'Manuel Monge', 231, 45, 1, NULL, NULL),
(504, '2041', 'Nirgua', 231, 45, 1, NULL, NULL),
(505, '2041', 'Peña', 231, 45, 1, NULL, NULL),
(506, '2041', 'San Felipe', 231, 45, 1, NULL, NULL),
(507, '2041', 'Sucre', 231, 45, 1, NULL, NULL),
(508, '2041', 'Urachiche', 231, 45, 1, NULL, NULL),
(509, '2041', 'José Joaquín Veroes', 231, 45, 1, NULL, NULL),
(510, '2144', 'Almirante Padilla', 231, 46, 1, NULL, NULL),
(511, '2144', 'Baralt', 231, 46, 1, NULL, NULL),
(512, '2144', 'Cabimas', 231, 46, 1, NULL, NULL),
(513, '2144', 'Catatumbo', 231, 46, 1, NULL, NULL),
(514, '2144', 'Colón', 231, 46, 1, NULL, NULL),
(515, '2144', 'Francisco Javier Pulgar', 231, 46, 1, NULL, NULL),
(516, '2144', 'Páez', 231, 46, 1, NULL, NULL),
(517, '2144', 'Jesús Enrique Losada', 231, 46, 1, NULL, NULL),
(518, '2144', 'Jesús María Semprún', 231, 46, 1, NULL, NULL),
(519, '2145', 'La Cañada de Urdaneta', 231, 46, 1, NULL, NULL),
(520, '2145', 'Lagunillas', 231, 46, 1, NULL, NULL),
(521, '2145', 'Machiques de Perijá', 231, 46, 1, NULL, NULL),
(522, '2145', 'Mara', 231, 46, 1, NULL, NULL),
(523, '2145', 'Maracaibo', 231, 46, 1, NULL, NULL),
(524, '2145', 'Miranda', 231, 46, 1, NULL, NULL),
(525, '2145', 'Rosario de Perijá', 231, 46, 1, NULL, NULL),
(526, '2145', 'San Francisco', 231, 46, 1, NULL, NULL),
(527, '2145', 'Santa Rita', 231, 46, 1, NULL, NULL),
(528, '2145', 'Simón Bolívar', 231, 46, 1, NULL, NULL),
(529, '2146', 'Sucre', 231, 46, 1, NULL, NULL),
(530, '2146', 'Valmore Rodríguez', 231, 46, 1, NULL, NULL),
(531, '0146', 'Libertador', 231, 26, 1, NULL, NULL);

-- --------------------------------------------------------

--
-- Estructura de tabla para la tabla `municipios`
--

DROP TABLE IF EXISTS `municipios`;
CREATE TABLE IF NOT EXISTS `municipios` (
  `id_municipio` int(11) NOT NULL AUTO_INCREMENT,
  `id_estado` int(11) NOT NULL,
  `municipio` varchar(100) NOT NULL,
  PRIMARY KEY (`id_municipio`),
  KEY `id_estado` (`id_estado`)
) ENGINE=InnoDB AUTO_INCREMENT=463 DEFAULT CHARSET=utf8;

--
-- Volcado de datos para la tabla `municipios`
--

INSERT INTO `municipios` (`id_municipio`, `id_estado`, `municipio`) VALUES
(1, 1, 'Alto Orinoco'),
(2, 1, 'Atabapo'),
(3, 1, 'Atures'),
(4, 1, 'Autana'),
(5, 1, 'Manapiare'),
(6, 1, 'Maroa'),
(7, 1, 'Río Negro'),
(8, 2, 'Anaco'),
(9, 2, 'Aragua'),
(10, 2, 'Manuel Ezequiel Bruzual'),
(11, 2, 'Diego Bautista Urbaneja'),
(12, 2, 'Fernando Peñalver'),
(13, 2, 'Francisco Del Carmen Carvajal'),
(14, 2, 'General Sir Arthur McGregor'),
(15, 2, 'Guanta'),
(16, 2, 'Independencia'),
(17, 2, 'José Gregorio Monagas'),
(18, 2, 'Juan Antonio Sotillo'),
(19, 2, 'Juan Manuel Cajigal'),
(20, 2, 'Libertad'),
(21, 2, 'Francisco de Miranda'),
(22, 2, 'Pedro María Freites'),
(23, 2, 'Píritu'),
(24, 2, 'San José de Guanipa'),
(25, 2, 'San Juan de Capistrano'),
(26, 2, 'Santa Ana'),
(27, 2, 'Simón Bolívar'),
(28, 2, 'Simón Rodríguez'),
(29, 3, 'Achaguas'),
(30, 3, 'Biruaca'),
(31, 3, 'Muñóz'),
(32, 3, 'Páez'),
(33, 3, 'Pedro Camejo'),
(34, 3, 'Rómulo Gallegos'),
(35, 3, 'San Fernando'),
(36, 4, 'Atanasio Girardot'),
(37, 4, 'Bolívar'),
(38, 4, 'Camatagua'),
(39, 4, 'Francisco Linares Alcántara'),
(40, 4, 'José Ángel Lamas'),
(41, 4, 'José Félix Ribas'),
(42, 4, 'José Rafael Revenga'),
(43, 4, 'Libertador'),
(44, 4, 'Mario Briceño Iragorry'),
(45, 4, 'Ocumare de la Costa de Oro'),
(46, 4, 'San Casimiro'),
(47, 4, 'San Sebastián'),
(48, 4, 'Santiago Mariño'),
(49, 4, 'Santos Michelena'),
(50, 4, 'Sucre'),
(51, 4, 'Tovar'),
(52, 4, 'Urdaneta'),
(53, 4, 'Zamora'),
(54, 5, 'Alberto Arvelo Torrealba'),
(55, 5, 'Andrés Eloy Blanco'),
(56, 5, 'Antonio José de Sucre'),
(57, 5, 'Arismendi'),
(58, 5, 'Barinas'),
(59, 5, 'Bolívar'),
(60, 5, 'Cruz Paredes'),
(61, 5, 'Ezequiel Zamora'),
(62, 5, 'Obispos'),
(63, 5, 'Pedraza'),
(64, 5, 'Rojas'),
(65, 5, 'Sosa'),
(66, 6, 'Caroní'),
(67, 6, 'Cedeño'),
(68, 6, 'El Callao'),
(69, 6, 'Gran Sabana'),
(70, 6, 'Heres'),
(71, 6, 'Piar'),
(72, 6, 'Angostura (Raúl Leoni)'),
(73, 6, 'Roscio'),
(74, 6, 'Sifontes'),
(75, 6, 'Sucre'),
(76, 6, 'Padre Pedro Chien'),
(77, 7, 'Bejuma'),
(78, 7, 'Carlos Arvelo'),
(79, 7, 'Diego Ibarra'),
(80, 7, 'Guacara'),
(81, 7, 'Juan José Mora'),
(82, 7, 'Libertador'),
(83, 7, 'Los Guayos'),
(84, 7, 'Miranda'),
(85, 7, 'Montalbán'),
(86, 7, 'Naguanagua'),
(87, 7, 'Puerto Cabello'),
(88, 7, 'San Diego'),
(89, 7, 'San Joaquín'),
(90, 7, 'Valencia'),
(91, 8, 'Anzoátegui'),
(92, 8, 'Tinaquillo'),
(93, 8, 'Girardot'),
(94, 8, 'Lima Blanco'),
(95, 8, 'Pao de San Juan Bautista'),
(96, 8, 'Ricaurte'),
(97, 8, 'Rómulo Gallegos'),
(98, 8, 'San Carlos'),
(99, 8, 'Tinaco'),
(100, 9, 'Antonio Díaz'),
(101, 9, 'Casacoima'),
(102, 9, 'Pedernales'),
(103, 9, 'Tucupita'),
(104, 10, 'Acosta'),
(105, 10, 'Bolívar'),
(106, 10, 'Buchivacoa'),
(107, 10, 'Cacique Manaure'),
(108, 10, 'Carirubana'),
(109, 10, 'Colina'),
(110, 10, 'Dabajuro'),
(111, 10, 'Democracia'),
(112, 10, 'Falcón'),
(113, 10, 'Federación'),
(114, 10, 'Jacura'),
(115, 10, 'José Laurencio Silva'),
(116, 10, 'Los Taques'),
(117, 10, 'Mauroa'),
(118, 10, 'Miranda'),
(119, 10, 'Monseñor Iturriza'),
(120, 10, 'Palmasola'),
(121, 10, 'Petit'),
(122, 10, 'Píritu'),
(123, 10, 'San Francisco'),
(124, 10, 'Sucre'),
(125, 10, 'Tocópero'),
(126, 10, 'Unión'),
(127, 10, 'Urumaco'),
(128, 10, 'Zamora'),
(129, 11, 'Camaguán'),
(130, 11, 'Chaguaramas'),
(131, 11, 'El Socorro'),
(132, 11, 'José Félix Ribas'),
(133, 11, 'José Tadeo Monagas'),
(134, 11, 'Juan Germán Roscio'),
(135, 11, 'Julián Mellado'),
(136, 11, 'Las Mercedes'),
(137, 11, 'Leonardo Infante'),
(138, 11, 'Pedro Zaraza'),
(139, 11, 'Ortíz'),
(140, 11, 'San Gerónimo de Guayabal'),
(141, 11, 'San José de Guaribe'),
(142, 11, 'Santa María de Ipire'),
(143, 11, 'Sebastián Francisco de Miranda'),
(144, 12, 'Andrés Eloy Blanco'),
(145, 12, 'Crespo'),
(146, 12, 'Iribarren'),
(147, 12, 'Jiménez'),
(148, 12, 'Morán'),
(149, 12, 'Palavecino'),
(150, 12, 'Simón Planas'),
(151, 12, 'Torres'),
(152, 12, 'Urdaneta'),
(179, 13, 'Alberto Adriani'),
(180, 13, 'Andrés Bello'),
(181, 13, 'Antonio Pinto Salinas'),
(182, 13, 'Aricagua'),
(183, 13, 'Arzobispo Chacón'),
(184, 13, 'Campo Elías'),
(185, 13, 'Caracciolo Parra Olmedo'),
(186, 13, 'Cardenal Quintero'),
(187, 13, 'Guaraque'),
(188, 13, 'Julio César Salas'),
(189, 13, 'Justo Briceño'),
(190, 13, 'Libertador'),
(191, 13, 'Miranda'),
(192, 13, 'Obispo Ramos de Lora'),
(193, 13, 'Padre Noguera'),
(194, 13, 'Pueblo Llano'),
(195, 13, 'Rangel'),
(196, 13, 'Rivas Dávila'),
(197, 13, 'Santos Marquina'),
(198, 13, 'Sucre'),
(199, 13, 'Tovar'),
(200, 13, 'Tulio Febres Cordero'),
(201, 13, 'Zea'),
(223, 14, 'Acevedo'),
(224, 14, 'Andrés Bello'),
(225, 14, 'Baruta'),
(226, 14, 'Brión'),
(227, 14, 'Buroz'),
(228, 14, 'Carrizal'),
(229, 14, 'Chacao'),
(230, 14, 'Cristóbal Rojas'),
(231, 14, 'El Hatillo'),
(232, 14, 'Guaicaipuro'),
(233, 14, 'Independencia'),
(234, 14, 'Lander'),
(235, 14, 'Los Salias'),
(236, 14, 'Páez'),
(237, 14, 'Paz Castillo'),
(238, 14, 'Pedro Gual'),
(239, 14, 'Plaza'),
(240, 14, 'Simón Bolívar'),
(241, 14, 'Sucre'),
(242, 14, 'Urdaneta'),
(243, 14, 'Zamora'),
(258, 15, 'Acosta'),
(259, 15, 'Aguasay'),
(260, 15, 'Bolívar'),
(261, 15, 'Caripe'),
(262, 15, 'Cedeño'),
(263, 15, 'Ezequiel Zamora'),
(264, 15, 'Libertador'),
(265, 15, 'Maturín'),
(266, 15, 'Piar'),
(267, 15, 'Punceres'),
(268, 15, 'Santa Bárbara'),
(269, 15, 'Sotillo'),
(270, 15, 'Uracoa'),
(271, 16, 'Antolín del Campo'),
(272, 16, 'Arismendi'),
(273, 16, 'García'),
(274, 16, 'Gómez'),
(275, 16, 'Maneiro'),
(276, 16, 'Marcano'),
(277, 16, 'Mariño'),
(278, 16, 'Península de Macanao'),
(279, 16, 'Tubores'),
(280, 16, 'Villalba'),
(281, 16, 'Díaz'),
(282, 17, 'Agua Blanca'),
(283, 17, 'Araure'),
(284, 17, 'Esteller'),
(285, 17, 'Guanare'),
(286, 17, 'Guanarito'),
(287, 17, 'Monseñor José Vicente de Unda'),
(288, 17, 'Ospino'),
(289, 17, 'Páez'),
(290, 17, 'Papelón'),
(291, 17, 'San Genaro de Boconoíto'),
(292, 17, 'San Rafael de Onoto'),
(293, 17, 'Santa Rosalía'),
(294, 17, 'Sucre'),
(295, 17, 'Turén'),
(296, 18, 'Andrés Eloy Blanco'),
(297, 18, 'Andrés Mata'),
(298, 18, 'Arismendi'),
(299, 18, 'Benítez'),
(300, 18, 'Bermúdez'),
(301, 18, 'Bolívar'),
(302, 18, 'Cajigal'),
(303, 18, 'Cruz Salmerón Acosta'),
(304, 18, 'Libertador'),
(305, 18, 'Mariño'),
(306, 18, 'Mejía'),
(307, 18, 'Montes'),
(308, 18, 'Ribero'),
(309, 18, 'Sucre'),
(310, 18, 'Valdéz'),
(341, 19, 'Andrés Bello'),
(342, 19, 'Antonio Rómulo Costa'),
(343, 19, 'Ayacucho'),
(344, 19, 'Bolívar'),
(345, 19, 'Cárdenas'),
(346, 19, 'Córdoba'),
(347, 19, 'Fernández Feo'),
(348, 19, 'Francisco de Miranda'),
(349, 19, 'García de Hevia'),
(350, 19, 'Guásimos'),
(351, 19, 'Independencia'),
(352, 19, 'Jáuregui'),
(353, 19, 'José María Vargas'),
(354, 19, 'Junín'),
(355, 19, 'Libertad'),
(356, 19, 'Libertador'),
(357, 19, 'Lobatera'),
(358, 19, 'Michelena'),
(359, 19, 'Panamericano'),
(360, 19, 'Pedro María Ureña'),
(361, 19, 'Rafael Urdaneta'),
(362, 19, 'Samuel Darío Maldonado'),
(363, 19, 'San Cristóbal'),
(364, 19, 'Seboruco'),
(365, 19, 'Simón Rodríguez'),
(366, 19, 'Sucre'),
(367, 19, 'Torbes'),
(368, 19, 'Uribante'),
(369, 19, 'San Judas Tadeo'),
(370, 20, 'Andrés Bello'),
(371, 20, 'Boconó'),
(372, 20, 'Bolívar'),
(373, 20, 'Candelaria'),
(374, 20, 'Carache'),
(375, 20, 'Escuque'),
(376, 20, 'José Felipe Márquez Cañizalez'),
(377, 20, 'Juan Vicente Campos Elías'),
(378, 20, 'La Ceiba'),
(379, 20, 'Miranda'),
(380, 20, 'Monte Carmelo'),
(381, 20, 'Motatán'),
(382, 20, 'Pampán'),
(383, 20, 'Pampanito'),
(384, 20, 'Rafael Rangel'),
(385, 20, 'San Rafael de Carvajal'),
(386, 20, 'Sucre'),
(387, 20, 'Trujillo'),
(388, 20, 'Urdaneta'),
(389, 20, 'Valera'),
(390, 21, 'Vargas'),
(391, 22, 'Arístides Bastidas'),
(392, 22, 'Bolívar'),
(407, 22, 'Bruzual'),
(408, 22, 'Cocorote'),
(409, 22, 'Independencia'),
(410, 22, 'José Antonio Páez'),
(411, 22, 'La Trinidad'),
(412, 22, 'Manuel Monge'),
(413, 22, 'Nirgua'),
(414, 22, 'Peña'),
(415, 22, 'San Felipe'),
(416, 22, 'Sucre'),
(417, 22, 'Urachiche'),
(418, 22, 'José Joaquín Veroes'),
(441, 23, 'Almirante Padilla'),
(442, 23, 'Baralt'),
(443, 23, 'Cabimas'),
(444, 23, 'Catatumbo'),
(445, 23, 'Colón'),
(446, 23, 'Francisco Javier Pulgar'),
(447, 23, 'Páez'),
(448, 23, 'Jesús Enrique Losada'),
(449, 23, 'Jesús María Semprún'),
(450, 23, 'La Cañada de Urdaneta'),
(451, 23, 'Lagunillas'),
(452, 23, 'Machiques de Perijá'),
(453, 23, 'Mara'),
(454, 23, 'Maracaibo'),
(455, 23, 'Miranda'),
(456, 23, 'Rosario de Perijá'),
(457, 23, 'San Francisco'),
(458, 23, 'Santa Rita'),
(459, 23, 'Simón Bolívar'),
(460, 23, 'Sucre'),
(461, 23, 'Valmore Rodríguez'),
(462, 24, 'Libertador');

-- --------------------------------------------------------

--
-- Estructura de tabla para la tabla `oauth_access_tokens`
--

DROP TABLE IF EXISTS `oauth_access_tokens`;
CREATE TABLE IF NOT EXISTS `oauth_access_tokens` (
  `id` varchar(100) COLLATE utf8mb4_unicode_ci NOT NULL,
  `user_id` bigint(20) UNSIGNED DEFAULT NULL,
  `client_id` bigint(20) UNSIGNED NOT NULL,
  `name` varchar(191) COLLATE utf8mb4_unicode_ci DEFAULT NULL,
  `scopes` text COLLATE utf8mb4_unicode_ci,
  `revoked` tinyint(1) NOT NULL,
  `created_at` timestamp NULL DEFAULT NULL,
  `updated_at` timestamp NULL DEFAULT NULL,
  `expires_at` datetime DEFAULT NULL,
  PRIMARY KEY (`id`),
  KEY `oauth_access_tokens_user_id_index` (`user_id`)
) ENGINE=MyISAM DEFAULT CHARSET=utf8mb4 COLLATE=utf8mb4_unicode_ci;

--
-- Volcado de datos para la tabla `oauth_access_tokens`
--

INSERT INTO `oauth_access_tokens` (`id`, `user_id`, `client_id`, `name`, `scopes`, `revoked`, `created_at`, `updated_at`, `expires_at`) VALUES
('3171be7450e65276af9ef1ac33c3201c6a3512bb4be596ff151bdab7e8eb101e2f6595d9f686cb31', 1, 1, 'Personal Access Token', '[]', 1, '2020-12-27 20:42:41', '2020-12-27 20:42:41', '2021-01-03 15:42:41'),
('ac0e67aa3b8bbd678bd5046ab94f87bd733c78cd95537fa376dbe4f48ca068d4cce8c02477780904', 1, 1, 'Personal Access Token', '[]', 1, '2020-12-30 05:15:13', '2020-12-30 05:15:13', '2021-01-06 00:15:13'),
('b32e227b6955df51db27d8a6db98dc46f3639b0d3c17da952776cb5713effabfbfc88b00c0f65b96', 1, 1, 'Personal Access Token', '[]', 0, '2020-12-30 05:16:05', '2020-12-30 05:16:05', '2021-01-06 00:16:05');

-- --------------------------------------------------------

--
-- Estructura de tabla para la tabla `oauth_auth_codes`
--

DROP TABLE IF EXISTS `oauth_auth_codes`;
CREATE TABLE IF NOT EXISTS `oauth_auth_codes` (
  `id` varchar(100) COLLATE utf8mb4_unicode_ci NOT NULL,
  `user_id` bigint(20) UNSIGNED NOT NULL,
  `client_id` bigint(20) UNSIGNED NOT NULL,
  `scopes` text COLLATE utf8mb4_unicode_ci,
  `revoked` tinyint(1) NOT NULL,
  `expires_at` datetime DEFAULT NULL,
  PRIMARY KEY (`id`),
  KEY `oauth_auth_codes_user_id_index` (`user_id`)
) ENGINE=MyISAM DEFAULT CHARSET=utf8mb4 COLLATE=utf8mb4_unicode_ci;

-- --------------------------------------------------------

--
-- Estructura de tabla para la tabla `oauth_clients`
--

DROP TABLE IF EXISTS `oauth_clients`;
CREATE TABLE IF NOT EXISTS `oauth_clients` (
  `id` bigint(20) UNSIGNED NOT NULL AUTO_INCREMENT,
  `user_id` bigint(20) UNSIGNED DEFAULT NULL,
  `name` varchar(191) COLLATE utf8mb4_unicode_ci NOT NULL,
  `secret` varchar(100) COLLATE utf8mb4_unicode_ci DEFAULT NULL,
  `provider` varchar(191) COLLATE utf8mb4_unicode_ci DEFAULT NULL,
  `redirect` text COLLATE utf8mb4_unicode_ci NOT NULL,
  `personal_access_client` tinyint(1) NOT NULL,
  `password_client` tinyint(1) NOT NULL,
  `revoked` tinyint(1) NOT NULL,
  `created_at` timestamp NULL DEFAULT NULL,
  `updated_at` timestamp NULL DEFAULT NULL,
  PRIMARY KEY (`id`),
  KEY `oauth_clients_user_id_index` (`user_id`)
) ENGINE=MyISAM AUTO_INCREMENT=3 DEFAULT CHARSET=utf8mb4 COLLATE=utf8mb4_unicode_ci;

--
-- Volcado de datos para la tabla `oauth_clients`
--

INSERT INTO `oauth_clients` (`id`, `user_id`, `name`, `secret`, `provider`, `redirect`, `personal_access_client`, `password_client`, `revoked`, `created_at`, `updated_at`) VALUES
(1, NULL, 'Backend-Historias Personal Access Client', '26ifwdv6nblFMnrfDPC6t2HAgy4ljWlCXepXzWwd', NULL, 'http://localhost', 1, 0, 0, '2020-12-27 20:42:10', '2020-12-27 20:42:10'),
(2, NULL, 'Backend-Historias Password Grant Client', 'gSEqoyr0x5BY6WjSkiJxEsu3Ix1wzIUWq7tWmHMA', 'users', 'http://localhost', 0, 1, 0, '2020-12-27 20:42:10', '2020-12-27 20:42:10');

-- --------------------------------------------------------

--
-- Estructura de tabla para la tabla `oauth_personal_access_clients`
--

DROP TABLE IF EXISTS `oauth_personal_access_clients`;
CREATE TABLE IF NOT EXISTS `oauth_personal_access_clients` (
  `id` bigint(20) UNSIGNED NOT NULL AUTO_INCREMENT,
  `client_id` bigint(20) UNSIGNED NOT NULL,
  `created_at` timestamp NULL DEFAULT NULL,
  `updated_at` timestamp NULL DEFAULT NULL,
  PRIMARY KEY (`id`)
) ENGINE=MyISAM AUTO_INCREMENT=2 DEFAULT CHARSET=utf8mb4 COLLATE=utf8mb4_unicode_ci;

--
-- Volcado de datos para la tabla `oauth_personal_access_clients`
--

INSERT INTO `oauth_personal_access_clients` (`id`, `client_id`, `created_at`, `updated_at`) VALUES
(1, 1, '2020-12-27 20:42:10', '2020-12-27 20:42:10');

-- --------------------------------------------------------

--
-- Estructura de tabla para la tabla `oauth_refresh_tokens`
--

DROP TABLE IF EXISTS `oauth_refresh_tokens`;
CREATE TABLE IF NOT EXISTS `oauth_refresh_tokens` (
  `id` varchar(100) COLLATE utf8mb4_unicode_ci NOT NULL,
  `access_token_id` varchar(100) COLLATE utf8mb4_unicode_ci NOT NULL,
  `revoked` tinyint(1) NOT NULL,
  `expires_at` datetime DEFAULT NULL,
  PRIMARY KEY (`id`),
  KEY `oauth_refresh_tokens_access_token_id_index` (`access_token_id`)
) ENGINE=MyISAM DEFAULT CHARSET=utf8mb4 COLLATE=utf8mb4_unicode_ci;

-- --------------------------------------------------------

--
-- Estructura de tabla para la tabla `paciente`
--

DROP TABLE IF EXISTS `paciente`;
CREATE TABLE IF NOT EXISTS `paciente` (
  `id` int(10) UNSIGNED NOT NULL AUTO_INCREMENT,
  `tipo_id` enum('V','E','P') NOT NULL COMMENT 'V-VENEZOLANO',
  `identificacion` varchar(10) NOT NULL COMMENT 'NUMERO DE IDENTIFICACION',
  `nombres` varchar(50) NOT NULL COMMENT 'NOMBRES DEL PACIENTE',
  `apellidos` varchar(50) NOT NULL COMMENT 'APELLIDOS DEL PACIENTE',
  `sexo` enum('M','F') NOT NULL COMMENT 'SEXO DEL PACIENTE',
  `email` varchar(255) NOT NULL COMMENT 'CORREO ELECTRONICO',
  `fecha_nac` date NOT NULL COMMENT 'FECHA DE NACIMIENTO DEL PACIENTE',
  `created_at` timestamp NULL DEFAULT NULL,
  `updated_at` timestamp NULL DEFAULT NULL,
  PRIMARY KEY (`id`)
) ENGINE=InnoDB AUTO_INCREMENT=4 DEFAULT CHARSET=utf8;

--
-- Volcado de datos para la tabla `paciente`
--

INSERT INTO `paciente` (`id`, `tipo_id`, `identificacion`, `nombres`, `apellidos`, `sexo`, `email`, `fecha_nac`, `created_at`, `updated_at`) VALUES
(2, 'V', '17031766', 'Jose', 'Guerra', 'M', 'jose@jose.local', '1984-11-09', '2020-12-27 21:02:11', '2020-12-27 21:02:11'),
(3, 'E', '17031767', 'Jose', 'Guerra', 'M', 'jose@jose.local', '1984-11-09', '2020-12-27 21:02:26', '2020-12-27 21:02:26');

-- --------------------------------------------------------

--
-- Estructura de tabla para la tabla `pais`
--

DROP TABLE IF EXISTS `pais`;
CREATE TABLE IF NOT EXISTS `pais` (
  `id_pais` int(11) NOT NULL AUTO_INCREMENT COMMENT 'ID UNICO',
  `cod_pais` varchar(3) NOT NULL COMMENT 'CODIGO PAIS',
  `des_pais` varchar(100) NOT NULL COMMENT 'DESCIPCION DE PAIS',
  `status_pais` int(11) NOT NULL DEFAULT '1' COMMENT 'ESTATUS PAIS',
  `created_at` date DEFAULT NULL COMMENT 'CREADO EN',
  `updated_at` date DEFAULT NULL COMMENT 'ACTUALIZADO EN',
  PRIMARY KEY (`id_pais`),
  UNIQUE KEY `cod_pais` (`cod_pais`)
) ENGINE=InnoDB AUTO_INCREMENT=244 DEFAULT CHARSET=latin1 COMMENT='GUARDA DATOS DE PAISES';

--
-- Volcado de datos para la tabla `pais`
--

INSERT INTO `pais` (`id_pais`, `cod_pais`, `des_pais`, `status_pais`, `created_at`, `updated_at`) VALUES
(2, 'ARE', 'Emiratos Árabes Unidos', 1, NULL, NULL),
(3, 'AFG', 'Afganistán', 1, NULL, NULL),
(4, 'ATG', 'Antigua y Barbuda', 1, NULL, NULL),
(5, 'AIA', 'Anguila', 1, NULL, NULL),
(6, 'ALB', 'Albania', 1, NULL, NULL),
(7, 'ARM', 'Armenia', 1, NULL, NULL),
(8, 'ANT', 'Antillas Neerlandesas', 1, NULL, NULL),
(9, 'AGO', 'Angola', 1, NULL, NULL),
(10, 'ATA', 'Antártida', 1, NULL, NULL),
(11, 'ARG', 'Argentina', 1, NULL, NULL),
(12, 'ASM', 'Samoa Americana', 1, NULL, NULL),
(13, 'AUT', 'Austria', 1, NULL, NULL),
(14, 'AUS', 'Australia', 1, NULL, NULL),
(15, 'ABW', 'Aruba', 1, NULL, NULL),
(16, 'ALA', 'Islas Áland', 1, NULL, NULL),
(17, 'AZE', 'Azerbaiyán', 1, NULL, NULL),
(18, 'BIH', 'Bosnia y Herzegovina', 1, NULL, NULL),
(19, 'BRB', 'Barbados', 1, NULL, NULL),
(20, 'BGD', 'Bangladesh', 1, NULL, NULL),
(21, 'BEL', 'Bélgica', 1, NULL, NULL),
(22, 'BFA', 'Burkina Faso', 1, NULL, NULL),
(23, 'BGR', 'Bulgaria', 1, NULL, NULL),
(24, 'BHR', 'Bahréin', 1, NULL, NULL),
(25, 'BDI', 'Burundi', 1, NULL, NULL),
(26, 'BEN', 'Benin', 1, NULL, NULL),
(27, 'BLM', 'San Bartolomé', 1, NULL, NULL),
(28, 'BMU', 'Bermudas', 1, NULL, NULL),
(29, 'BRN', 'Brunéi', 1, NULL, NULL),
(30, 'BOL', 'Bolivia', 1, NULL, NULL),
(31, 'BRA', 'Brasil', 1, NULL, NULL),
(32, 'BHS', 'Bahamas', 1, NULL, NULL),
(33, 'BTN', 'Bhután', 1, NULL, NULL),
(34, 'BVT', 'Isla Bouvet', 1, NULL, NULL),
(35, 'BWA', 'Botsuana', 1, NULL, NULL),
(36, 'BLR', 'Belarús', 1, NULL, NULL),
(37, 'BLZ', 'Belice', 1, NULL, NULL),
(38, 'CAN', 'Canadá', 1, NULL, NULL),
(39, 'CCK', 'Islas Cocos', 1, NULL, NULL),
(40, 'CAF', 'República Centro-Africana', 1, NULL, NULL),
(41, 'COG', 'Congo', 1, NULL, NULL),
(42, 'CHE', 'Suiza', 1, NULL, NULL),
(43, 'CIV', 'Costa de Marfil', 1, NULL, NULL),
(44, 'COK', 'Islas Cook', 1, NULL, NULL),
(45, 'CHL', 'Chile', 1, NULL, NULL),
(46, 'CMR', 'Camerún', 1, NULL, NULL),
(47, 'CHN', 'China', 1, NULL, NULL),
(48, 'COL', 'Colombia', 1, NULL, NULL),
(49, 'CRI', 'Costa Rica', 1, NULL, NULL),
(50, 'CUB', 'Cuba', 1, NULL, NULL),
(51, 'CPV', 'Cabo Verde', 1, NULL, NULL),
(52, 'CXR', 'Islas Christmas', 1, NULL, NULL),
(53, 'CYP', 'Chipre', 1, NULL, NULL),
(54, 'CZE', 'República Checa', 1, NULL, NULL),
(55, 'DEU', 'Alemania', 1, NULL, NULL),
(56, 'DJI', 'Yibuti', 1, NULL, NULL),
(57, 'DNK', 'Dinamarca', 1, NULL, NULL),
(58, 'DMA', 'Domínica', 1, NULL, NULL),
(59, 'DOM', 'República Dominicana', 1, NULL, NULL),
(60, 'DZA', 'Argel', 1, NULL, NULL),
(61, 'ECU', 'Ecuador', 1, NULL, NULL),
(62, 'EST', 'Estonia', 1, NULL, NULL),
(63, 'EGY', 'Egipto', 1, NULL, NULL),
(64, 'ESH', 'Sahara Occidental', 1, NULL, NULL),
(65, 'ERI', 'Eritrea', 1, NULL, NULL),
(66, 'ESP', 'España', 1, NULL, NULL),
(67, 'ETH', 'Etiopía', 1, NULL, NULL),
(68, 'FIN', 'Finlandia', 1, NULL, NULL),
(69, 'FJI', 'Fiji', 1, NULL, NULL),
(70, 'KLK', 'Islas Malvinas', 1, NULL, NULL),
(71, 'FSM', 'Micronesia', 1, NULL, NULL),
(72, 'FRO', 'Islas Faroe', 1, NULL, NULL),
(73, 'FRA', 'Francia', 1, NULL, NULL),
(74, 'GAB', 'Gabón', 1, NULL, NULL),
(75, 'GBR', 'Reino Unido', 1, NULL, NULL),
(76, 'GRD', 'Granada', 1, NULL, NULL),
(77, 'GEO', 'Georgia', 1, NULL, NULL),
(78, 'GUF', 'Guayana Francesa', 1, NULL, NULL),
(79, 'GGY', 'Guernsey', 1, NULL, NULL),
(80, 'GHA', 'Ghana', 1, NULL, NULL),
(81, 'GIB', 'Gibraltar', 1, NULL, NULL),
(82, 'GRL', 'Groenlandia', 1, NULL, NULL),
(83, 'GMB', 'Gambia', 1, NULL, NULL),
(84, 'GIN', 'Guinea', 1, NULL, NULL),
(85, 'GLP', 'Guadalupe', 1, NULL, NULL),
(86, 'GNQ', 'Guinea Ecuatorial', 1, NULL, NULL),
(87, 'GRC', 'Grecia', 1, NULL, NULL),
(88, 'SGS', 'Georgia del Sur e Islas Sandwich del Sur', 1, NULL, NULL),
(89, 'GTM', 'Guatemala', 1, NULL, NULL),
(90, 'GUM', 'Guam', 1, NULL, NULL),
(91, 'GNB', 'Guinea-Bissau', 1, NULL, NULL),
(92, 'GUY', 'Guayana', 1, NULL, NULL),
(93, 'HKG', 'Hong Kong', 1, NULL, NULL),
(94, 'HMD', 'Islas Heard y McDonald', 1, NULL, NULL),
(95, 'HND', 'Honduras', 1, NULL, NULL),
(96, 'HRV', 'Croacia', 1, NULL, NULL),
(97, 'HTI', 'Haití', 1, NULL, NULL),
(98, 'HUN', 'Hungría', 1, NULL, NULL),
(99, 'IDN', 'Indonesia', 1, NULL, NULL),
(100, 'IRL', 'Irlanda', 1, NULL, NULL),
(101, 'ISR', 'Israel', 1, NULL, NULL),
(102, 'IMN', 'Isla de Man', 1, NULL, NULL),
(103, 'IND', 'India', 1, NULL, NULL),
(104, 'IOT', 'Territorio Británico del Océano Índico', 1, NULL, NULL),
(105, 'IRQ', 'Irak', 1, NULL, NULL),
(106, 'IRN', 'Irán', 1, NULL, NULL),
(107, 'ISL', 'Islandia', 1, NULL, NULL),
(108, 'ITA', 'Italia', 1, NULL, NULL),
(109, 'JEY', 'Jersey', 1, NULL, NULL),
(110, 'JAM', 'Jamaica', 1, NULL, NULL),
(111, 'JOR', 'Jordania', 1, NULL, NULL),
(112, 'JPN', 'Japón', 1, NULL, NULL),
(113, 'KEN', 'Kenia', 1, NULL, NULL),
(114, 'KGZ', 'Kirguistán', 1, NULL, NULL),
(115, 'KHM', 'Camboya', 1, NULL, NULL),
(116, 'KIR', 'Kiribati', 1, NULL, NULL),
(117, 'COM', 'Comoros', 1, NULL, NULL),
(118, 'KNA', 'San Cristóbal y Nieves', 1, NULL, NULL),
(119, 'PRK', 'Corea del Norte', 1, NULL, NULL),
(120, 'KOR', 'Corea del Sur', 1, NULL, NULL),
(121, 'KWT', 'Kuwait', 1, NULL, NULL),
(122, 'CYM', 'Islas Caimán', 1, NULL, NULL),
(123, 'KAZ', 'Kazajstán', 1, NULL, NULL),
(124, 'LAO', 'Laos', 1, NULL, NULL),
(125, 'LBN', 'Líbano', 1, NULL, NULL),
(126, 'LCA', 'Santa Lucía', 1, NULL, NULL),
(127, 'LIE', 'Liechtenstein', 1, NULL, NULL),
(128, 'LKA', 'Sri Lanka', 1, NULL, NULL),
(129, 'LBR', 'Liberia', 1, NULL, NULL),
(130, 'LSO', 'Lesotho', 1, NULL, NULL),
(131, 'LTU', 'Lituania', 1, NULL, NULL),
(132, 'LUX', 'Luxemburgo', 1, NULL, NULL),
(133, 'LVA', 'Letonia', 1, NULL, NULL),
(134, 'LBY', 'Libia', 1, NULL, NULL),
(135, 'MAR', 'Marruecos', 1, NULL, NULL),
(136, 'MCO', 'Mónaco', 1, NULL, NULL),
(137, 'MDA', 'Moldova', 1, NULL, NULL),
(138, 'MNE', 'Montenegro', 1, NULL, NULL),
(139, 'MDG', 'Madagascar', 1, NULL, NULL),
(140, 'MHL', 'Islas Marshall', 1, NULL, NULL),
(141, 'MKD', 'Macedonia', 1, NULL, NULL),
(142, 'MLI', 'Mali', 1, NULL, NULL),
(143, 'MMR', 'Myanmar', 1, NULL, NULL),
(144, 'MNG', 'Mongolia', 1, NULL, NULL),
(145, 'MAC', 'Macao', 1, NULL, NULL),
(146, 'MTQ', 'Martinica', 1, NULL, NULL),
(147, 'MRT', 'Mauritania', 1, NULL, NULL),
(148, 'MSR', 'Montserrat', 1, NULL, NULL),
(149, 'MLT', 'Malta', 1, NULL, NULL),
(150, 'MUS', 'Mauricio', 1, NULL, NULL),
(151, 'MDV', 'Maldivas', 1, NULL, NULL),
(152, 'MWI', 'Malawi', 1, NULL, NULL),
(153, 'MEX', 'México', 1, NULL, NULL),
(154, 'MYS', 'Malasia', 1, NULL, NULL),
(155, 'MOZ', 'Mozambique', 1, NULL, NULL),
(156, 'NAM', 'Namibia', 1, NULL, NULL),
(157, 'NCL', 'Nueva Caledonia', 1, NULL, NULL),
(158, 'NER', 'Níger', 1, NULL, NULL),
(159, 'NFK', 'Islas Norkfolk', 1, NULL, NULL),
(160, 'NGA', 'Nigeria', 1, NULL, NULL),
(161, 'NIC', 'Nicaragua', 1, NULL, NULL),
(162, 'NLD', 'Países Bajos', 1, NULL, NULL),
(163, 'NOR', 'Noruega', 1, NULL, NULL),
(164, 'NPL', 'Nepal', 1, NULL, NULL),
(165, 'NRU', 'Nauru', 1, NULL, NULL),
(166, 'NIU', 'Niue', 1, NULL, NULL),
(167, 'NZL', 'Nueva Zelanda', 1, NULL, NULL),
(168, 'OMN', 'Omán', 1, NULL, NULL),
(169, 'PAN', 'Panamá', 1, NULL, NULL),
(171, 'PYF', 'Polinesia Francesa', 1, NULL, NULL),
(172, 'PNG', 'Papúa Nueva Guinea', 1, NULL, NULL),
(173, 'PHL', 'Filipinas', 1, NULL, NULL),
(174, 'PAK', 'Pakistán', 1, NULL, NULL),
(175, 'POL', 'Polonia', 1, NULL, NULL),
(176, 'SPM', 'San Pedro y Miquelón', 1, NULL, NULL),
(177, 'PCN', 'Islas Pitcairn', 1, NULL, NULL),
(178, 'PRI', 'Puerto Rico', 1, NULL, NULL),
(179, 'PSE', 'Palestina', 1, NULL, NULL),
(180, 'PRT', 'Portugal', 1, NULL, NULL),
(181, 'PLW', 'Islas Palaos', 1, NULL, NULL),
(182, 'PRY', 'Paraguay', 1, NULL, NULL),
(183, 'QAT', 'Qatar', 1, NULL, NULL),
(184, 'REU', 'Reunión', 1, NULL, NULL),
(185, 'ROU', 'Rumanía', 1, NULL, NULL),
(186, 'SRB', 'Serbia y Montenegro', 1, NULL, NULL),
(187, 'RUS', 'Rusia', 1, NULL, NULL),
(188, 'RWA', 'Ruanda', 1, NULL, NULL),
(189, 'SAU', 'Arabia Saudita', 1, NULL, NULL),
(190, 'SLB', 'Islas Solomón', 1, NULL, NULL),
(191, 'SYC', 'Seychelles', 1, NULL, NULL),
(192, 'SDN', 'Sudán', 1, NULL, NULL),
(193, 'SWE', 'Suecia', 1, NULL, NULL),
(194, 'SGP', 'Singapur', 1, NULL, NULL),
(195, 'SHN', 'Santa Elena', 1, NULL, NULL),
(196, 'SVN', 'Eslovenia', 1, NULL, NULL),
(197, 'SJM', 'Islas Svalbard y Jan Mayen', 1, NULL, NULL),
(198, 'SVK', 'Eslovaquia', 1, NULL, NULL),
(199, 'SLE', 'Sierra Leona', 1, NULL, NULL),
(200, 'SMR', 'San Marino', 1, NULL, NULL),
(201, 'SEN', 'Senegal', 1, NULL, NULL),
(202, 'SOM', 'Somalia', 1, NULL, NULL),
(203, 'SUR', 'Surinam', 1, NULL, NULL),
(204, 'STP', 'Santo Tomé y Príncipe', 1, NULL, NULL),
(205, 'SLV', 'El Salvador', 1, NULL, NULL),
(206, 'SYR', 'Siria', 1, NULL, NULL),
(207, 'SWZ', 'Suazilandia', 1, NULL, NULL),
(208, 'TCA', 'Islas Turcas y Caicos', 1, NULL, NULL),
(209, 'TCD', 'Chad', 1, NULL, NULL),
(210, 'ATF', 'Territorios Australes Franceses', 1, NULL, NULL),
(211, 'TGO', 'Togo', 1, NULL, NULL),
(212, 'THA', 'Tailandia', 1, NULL, NULL),
(213, 'TZA', 'Tanzania', 1, NULL, NULL),
(214, 'TJK', 'Tayikistán', 1, NULL, NULL),
(215, 'TKL', 'Tokelau', 1, NULL, NULL),
(216, 'TLS', 'Timor-Leste', 1, NULL, NULL),
(217, 'TKM', 'Turkmenistán', 1, NULL, NULL),
(218, 'TUN', 'Túnez', 1, NULL, NULL),
(219, 'TON', 'Tonga', 1, NULL, NULL),
(220, 'TUR', 'Turquía', 1, NULL, NULL),
(221, 'TTO', 'Trinidad y Tobago', 1, NULL, NULL),
(222, 'TUV', 'Tuvalu', 1, NULL, NULL),
(223, 'TWN', 'Taiwán', 1, NULL, NULL),
(224, 'UKR', 'Ucrania', 1, NULL, NULL),
(225, 'UGA', 'Uganda', 1, NULL, NULL),
(226, 'USA', 'Estados Unidos de América', 1, NULL, NULL),
(227, 'URY', 'Uruguay', 1, NULL, NULL),
(228, 'UZB', 'Uzbekistán', 1, NULL, NULL),
(229, 'VAT', 'Ciudad del Vaticano', 1, NULL, NULL),
(230, 'VCT', 'San Vicente y las Granadinas', 1, NULL, NULL),
(231, 'VEN', 'Venezuela', 1, NULL, NULL),
(232, 'VGB', 'Islas Vírgenes Británicas', 1, NULL, NULL),
(233, 'VIR', 'Islas Vírgenes de los Estados Unidos de América', 1, NULL, NULL),
(234, 'VNM', 'Vietnam', 1, NULL, NULL),
(235, 'VUT', 'Vanuatu', 1, NULL, NULL),
(236, 'WLF', 'Wallis y Futuna', 1, NULL, NULL),
(237, 'WSM', 'Samoa', 1, NULL, NULL),
(238, 'YEM', 'Yemen', 1, NULL, NULL),
(239, 'MYT', 'Mayotte', 1, NULL, NULL),
(240, 'ZAF', 'Sudáfrica', 1, NULL, NULL),
(241, 'PER', 'Perú', 1, NULL, NULL),
(243, 'AND', 'Andorra', 1, '2020-12-30', '2020-12-30');

-- --------------------------------------------------------

--
-- Estructura de tabla para la tabla `parroquia`
--

DROP TABLE IF EXISTS `parroquia`;
CREATE TABLE IF NOT EXISTS `parroquia` (
  `id_parr` int(11) NOT NULL AUTO_INCREMENT COMMENT 'ID UNICO',
  `cod_parr` varchar(6) NOT NULL COMMENT 'CODIGO PARROQUIA',
  `des_parr` varchar(255) NOT NULL COMMENT 'DESCRIPCION PARROQUIA',
  `pais_parr` int(11) NOT NULL COMMENT 'PAIS PARROQUIA',
  `edo_parr` int(11) NOT NULL COMMENT 'ESTADO PARROQUIA',
  `mun_parr` int(11) NOT NULL COMMENT 'MUNICIPIO PARROQUIA',
  `status_parr` int(11) NOT NULL COMMENT 'ESTATUS PARROQUIA',
  `created_at` int(11) DEFAULT NULL COMMENT 'CREADO EN',
  `updated_at` int(11) DEFAULT NULL COMMENT 'ACTUALIZADO EN',
  PRIMARY KEY (`id_parr`),
  KEY `cod_parr` (`cod_parr`,`pais_parr`,`edo_parr`,`mun_parr`) USING BTREE,
  KEY `mun_parr` (`mun_parr`) USING BTREE,
  KEY `edo_parr` (`edo_parr`) USING BTREE,
  KEY `pais_parr` (`pais_parr`) USING BTREE
) ENGINE=InnoDB AUTO_INCREMENT=3698 DEFAULT CHARSET=latin1 COMMENT='GUARDA DATOS DE PARROQUIAS';

--
-- Volcado de datos para la tabla `parroquia`
--

INSERT INTO `parroquia` (`id_parr`, `cod_parr`, `des_parr`, `pais_parr`, `edo_parr`, `mun_parr`, `status_parr`, `created_at`, `updated_at`) VALUES
(1, '010102', 'Asunción', 241, 1, 1, 1, NULL, NULL),
(2, '010103', 'Balsas', 241, 1, 1, 1, NULL, NULL),
(3, '010104', 'Cheto', 241, 1, 1, 1, NULL, NULL),
(4, '010105', 'Chiliquín', 241, 1, 1, 1, NULL, NULL),
(5, '010106', 'Chuquibamba', 241, 1, 1, 1, NULL, NULL),
(6, '010107', 'Granada', 241, 1, 1, 1, NULL, NULL),
(7, '010108', 'Huancas', 241, 1, 1, 1, NULL, NULL),
(8, '010109', 'La Jalca', 241, 1, 1, 1, NULL, NULL),
(9, '010110', 'Leimebamba', 241, 1, 1, 1, NULL, NULL),
(10, '010111', 'Levanto', 241, 1, 1, 1, NULL, NULL),
(11, '010112', 'Magdalena', 241, 1, 1, 1, NULL, NULL),
(12, '010113', 'Mariscal Castilla', 241, 1, 1, 1, NULL, NULL),
(13, '010114', 'Molinopampa', 241, 1, 1, 1, NULL, NULL),
(14, '010115', 'Montevideo', 241, 1, 1, 1, NULL, NULL),
(15, '010116', 'Olleros', 241, 1, 1, 1, NULL, NULL),
(16, '010117', 'Quinjalca', 241, 1, 1, 1, NULL, NULL),
(17, '010118', 'San Francisco de Daguas', 241, 1, 1, 1, NULL, NULL),
(18, '010119', 'San Isidro de Maino', 241, 1, 1, 1, NULL, NULL),
(19, '010120', 'Soloco', 241, 1, 1, 1, NULL, NULL),
(20, '010121', 'Sonche', 241, 1, 1, 1, NULL, NULL),
(21, '010201', 'Bagua', 241, 2, 1, 1, NULL, NULL),
(22, '010202', 'Aramango', 241, 2, 1, 1, NULL, NULL),
(23, '010203', 'Copallín', 241, 2, 1, 1, NULL, NULL),
(24, '010204', 'El Parco', 241, 2, 1, 1, NULL, NULL),
(25, '010205', 'Imaza', 241, 2, 1, 1, NULL, NULL),
(26, '010206', 'La Peca', 241, 2, 1, 1, NULL, NULL),
(27, '010301', 'Jumbilla', 241, 3, 1, 1, NULL, NULL),
(28, '010302', 'Chisquilla', 241, 3, 1, 1, NULL, NULL),
(29, '010303', 'Churuja', 241, 3, 1, 1, NULL, NULL),
(30, '010304', 'Corosha', 241, 3, 1, 1, NULL, NULL),
(31, '010305', 'Cuispes', 241, 3, 1, 1, NULL, NULL),
(32, '010306', 'Florida', 241, 3, 1, 1, NULL, NULL),
(33, '010307', 'Jazán', 241, 3, 1, 1, NULL, NULL),
(34, '010308', 'Recta', 241, 3, 1, 1, NULL, NULL),
(35, '010309', 'San Carlos', 241, 3, 1, 1, NULL, NULL),
(36, '010310', 'Shipasbamba', 241, 3, 1, 1, NULL, NULL),
(37, '010311', 'Valera', 241, 3, 1, 1, NULL, NULL),
(38, '010312', 'Yambrasbamba', 241, 3, 1, 1, NULL, NULL),
(39, '010401', 'Nieva', 241, 4, 1, 1, NULL, NULL),
(40, '010402', 'El Cenepa', 241, 4, 1, 1, NULL, NULL),
(41, '010403', 'Río Santiago', 241, 4, 1, 1, NULL, NULL),
(42, '010501', 'Lámud', 241, 5, 1, 1, NULL, NULL),
(43, '010502', 'Camporredondo', 241, 5, 1, 1, NULL, NULL),
(44, '010503', 'Cocabamba', 241, 5, 1, 1, NULL, NULL),
(45, '010504', 'Colcamar', 241, 5, 1, 1, NULL, NULL),
(46, '010505', 'Conila', 241, 5, 1, 1, NULL, NULL),
(47, '010506', 'Inguilpata', 241, 5, 1, 1, NULL, NULL),
(48, '010507', 'Longuita', 241, 5, 1, 1, NULL, NULL),
(49, '010508', 'Lonya Chico', 241, 5, 1, 1, NULL, NULL),
(50, '010509', 'Luya', 241, 5, 1, 1, NULL, NULL),
(51, '010510', 'Luya Viejo', 241, 5, 1, 1, NULL, NULL),
(52, '010511', 'María', 241, 5, 1, 1, NULL, NULL),
(53, '010512', 'Ocalli', 241, 5, 1, 1, NULL, NULL),
(54, '010513', 'Ocumal', 241, 5, 1, 1, NULL, NULL),
(55, '010514', 'Pisuquía', 241, 5, 1, 1, NULL, NULL),
(56, '010515', 'Providencia', 241, 5, 1, 1, NULL, NULL),
(57, '010516', 'San Cristóbal', 241, 5, 1, 1, NULL, NULL),
(58, '010517', 'San Francisco del Yeso', 241, 5, 1, 1, NULL, NULL),
(59, '010518', 'San Jerónimo', 241, 5, 1, 1, NULL, NULL),
(60, '010519', 'San Juan de Lopecancha', 241, 5, 1, 1, NULL, NULL),
(61, '010520', 'Santa Catalina', 241, 5, 1, 1, NULL, NULL),
(62, '010521', 'Santo Tomás', 241, 5, 1, 1, NULL, NULL),
(63, '010522', 'Tingo', 241, 5, 1, 1, NULL, NULL),
(64, '010523', 'Trita', 241, 5, 1, 1, NULL, NULL),
(65, '010601', 'San Nicolás', 241, 6, 1, 1, NULL, NULL),
(66, '010602', 'Chirimoto', 241, 6, 1, 1, NULL, NULL),
(67, '010603', 'Cochamal', 241, 6, 1, 1, NULL, NULL),
(68, '010604', 'Huambo', 241, 6, 1, 1, NULL, NULL),
(69, '010605', 'Limabamba', 241, 6, 1, 1, NULL, NULL),
(70, '010606', 'Longar', 241, 6, 1, 1, NULL, NULL),
(71, '010607', 'Mariscal Benavides', 241, 6, 1, 1, NULL, NULL),
(72, '010608', 'Mílpuc', 241, 6, 1, 1, NULL, NULL),
(73, '010609', 'Omia', 241, 6, 1, 1, NULL, NULL),
(74, '010610', 'Santa Rosa', 241, 6, 1, 1, NULL, NULL),
(75, '010611', 'Totora', 241, 6, 1, 1, NULL, NULL),
(76, '010612', 'Vista Alegre', 241, 6, 1, 1, NULL, NULL),
(77, '010701', 'Bagua Grande', 241, 7, 1, 1, NULL, NULL),
(78, '010702', 'Cajaruro', 241, 7, 1, 1, NULL, NULL),
(79, '010703', 'Cumba', 241, 7, 1, 1, NULL, NULL),
(80, '010704', 'El Milagro', 241, 7, 1, 1, NULL, NULL),
(81, '010705', 'Jamalca', 241, 7, 1, 1, NULL, NULL),
(82, '010706', 'Lonya Grande', 241, 7, 1, 1, NULL, NULL),
(83, '010707', 'Yamón', 241, 7, 1, 1, NULL, NULL),
(84, '020101', 'Huaraz', 241, 8, 2, 1, NULL, NULL),
(85, '020102', 'Cochabamba', 241, 8, 2, 1, NULL, NULL),
(86, '020103', 'Colcabamba', 241, 8, 2, 1, NULL, NULL),
(87, '020104', 'Huanchay', 241, 8, 2, 1, NULL, NULL),
(88, '020105', 'Independencia', 241, 8, 2, 1, NULL, NULL),
(89, '020106', 'Jangas', 241, 8, 2, 1, NULL, NULL),
(90, '020107', 'La Libertad', 241, 8, 2, 1, NULL, NULL),
(91, '020108', 'Olleros', 241, 8, 2, 1, NULL, NULL),
(92, '020109', 'Pampas Grande', 241, 8, 2, 1, NULL, NULL),
(93, '020110', 'Pariacoto', 241, 8, 2, 1, NULL, NULL),
(94, '020111', 'Pira', 241, 8, 2, 1, NULL, NULL),
(95, '020112', 'Tarica', 241, 8, 2, 1, NULL, NULL),
(96, '020201', 'Aija', 241, 9, 2, 1, NULL, NULL),
(97, '020202', 'Coris', 241, 9, 2, 1, NULL, NULL),
(98, '020203', 'Huacllán', 241, 9, 2, 1, NULL, NULL),
(99, '020204', 'La Merced', 241, 9, 2, 1, NULL, NULL),
(100, '020205', 'Succha', 241, 9, 2, 1, NULL, NULL),
(101, '020301', 'Llamellín', 241, 10, 2, 1, NULL, NULL),
(102, '020302', 'Aczo', 241, 10, 2, 1, NULL, NULL),
(103, '020303', 'Chaccho', 241, 10, 2, 1, NULL, NULL),
(104, '020304', 'Chingas', 241, 10, 2, 1, NULL, NULL),
(105, '020305', 'Mirgas', 241, 10, 2, 1, NULL, NULL),
(106, '020306', 'San Juan de Rontoy', 241, 10, 2, 1, NULL, NULL),
(107, '020401', 'Chacas', 241, 11, 2, 1, NULL, NULL),
(108, '020402', 'Acochaca', 241, 11, 2, 1, NULL, NULL),
(109, '020501', 'Chiquián', 241, 12, 2, 1, NULL, NULL),
(110, '020502', 'Abelardo Pardo', 241, 12, 2, 1, NULL, NULL),
(111, '020503', 'Antonio Raimondi', 241, 12, 2, 1, NULL, NULL),
(112, '020504', 'Aquia', 241, 12, 2, 1, NULL, NULL),
(113, '020505', 'Cajacay', 241, 12, 2, 1, NULL, NULL),
(114, '020506', 'Canis', 241, 12, 2, 1, NULL, NULL),
(115, '020507', 'Cólquioc', 241, 12, 2, 1, NULL, NULL),
(116, '020508', 'Huallanca', 241, 12, 2, 1, NULL, NULL),
(117, '020509', 'Huasta', 241, 12, 2, 1, NULL, NULL),
(118, '020510', 'Huayllacayán', 241, 12, 2, 1, NULL, NULL),
(119, '020511', 'La Primavera', 241, 12, 2, 1, NULL, NULL),
(120, '020512', 'Mangas', 241, 12, 2, 1, NULL, NULL),
(121, '020513', 'Pacllón', 241, 12, 2, 1, NULL, NULL),
(122, '020514', 'San Miguel de Corpanqui', 241, 12, 2, 1, NULL, NULL),
(123, '020515', 'Ticllos', 241, 12, 2, 1, NULL, NULL),
(124, '020601', 'Carhuaz', 241, 13, 2, 1, NULL, NULL),
(125, '020602', 'Acopampa', 241, 13, 2, 1, NULL, NULL),
(126, '020603', 'Amashca', 241, 13, 2, 1, NULL, NULL),
(127, '020604', 'Anta', 241, 13, 2, 1, NULL, NULL),
(128, '020605', 'Ataquero', 241, 13, 2, 1, NULL, NULL),
(129, '020606', 'Marcará', 241, 13, 2, 1, NULL, NULL),
(130, '020607', 'Pariahuanca', 241, 13, 2, 1, NULL, NULL),
(131, '020608', 'San Miguel de Aco', 241, 13, 2, 1, NULL, NULL),
(132, '020609', 'Shilla', 241, 13, 2, 1, NULL, NULL),
(133, '020610', 'Tinco', 241, 13, 2, 1, NULL, NULL),
(134, '020611', 'Yungar', 241, 13, 2, 1, NULL, NULL),
(135, '020701', 'San Luis', 241, 14, 2, 1, NULL, NULL),
(136, '020702', 'San Nicolás', 241, 14, 2, 1, NULL, NULL),
(137, '020703', 'Yauya', 241, 14, 2, 1, NULL, NULL),
(138, '020801', 'Casma', 241, 15, 2, 1, NULL, NULL),
(139, '020802', 'Buenavista Alta', 241, 15, 2, 1, NULL, NULL),
(140, '020803', 'Comandante Noel', 241, 15, 2, 1, NULL, NULL),
(141, '020804', 'Yaután', 241, 15, 2, 1, NULL, NULL),
(142, '020901', 'Corongo', 241, 16, 2, 1, NULL, NULL),
(143, '020902', 'Aco', 241, 16, 2, 1, NULL, NULL),
(144, '020903', 'Bambas', 241, 16, 2, 1, NULL, NULL),
(145, '020904', 'Cusca', 241, 16, 2, 1, NULL, NULL),
(146, '020905', 'La Pampa', 241, 16, 2, 1, NULL, NULL),
(147, '020906', 'Yánac', 241, 16, 2, 1, NULL, NULL),
(148, '020907', 'Yupán', 241, 16, 2, 1, NULL, NULL),
(149, '021001', 'Huari', 241, 17, 2, 1, NULL, NULL),
(150, '021002', 'Anra', 241, 17, 2, 1, NULL, NULL),
(151, '021003', 'Cajay', 241, 17, 2, 1, NULL, NULL),
(152, '021004', 'Chavín de Huántar', 241, 17, 2, 1, NULL, NULL),
(153, '021005', 'Huacachi', 241, 17, 2, 1, NULL, NULL),
(154, '021006', 'Huacchis', 241, 17, 2, 1, NULL, NULL),
(155, '021007', 'Huachis', 241, 17, 2, 1, NULL, NULL),
(156, '021008', 'Huántar', 241, 17, 2, 1, NULL, NULL),
(157, '021009', 'Masin', 241, 17, 2, 1, NULL, NULL),
(158, '021010', 'Paucas', 241, 17, 2, 1, NULL, NULL),
(159, '021011', 'Pontó', 241, 17, 2, 1, NULL, NULL),
(160, '021012', 'Rahuapampa', 241, 17, 2, 1, NULL, NULL),
(161, '021013', 'Rapayán', 241, 17, 2, 1, NULL, NULL),
(162, '021014', 'San Marcos', 241, 17, 2, 1, NULL, NULL),
(163, '021015', 'San Pedro de Chaná', 241, 17, 2, 1, NULL, NULL),
(164, '021016', 'Uco', 241, 17, 2, 1, NULL, NULL),
(165, '021101', 'Huarmey', 241, 18, 2, 1, NULL, NULL),
(166, '021102', 'Cochapeti', 241, 18, 2, 1, NULL, NULL),
(167, '021103', 'Culebras', 241, 18, 2, 1, NULL, NULL),
(168, '021104', 'Huayan', 241, 18, 2, 1, NULL, NULL),
(169, '021105', 'Malvas', 241, 18, 2, 1, NULL, NULL),
(170, '021201', 'Caraz', 241, 19, 2, 1, NULL, NULL),
(171, '021202', 'Huallanca', 241, 19, 2, 1, NULL, NULL),
(172, '021203', 'Huata', 241, 19, 2, 1, NULL, NULL),
(173, '021204', 'Huaylas', 241, 19, 2, 1, NULL, NULL),
(174, '021205', 'Mato', 241, 19, 2, 1, NULL, NULL),
(175, '021206', 'Pamparomás', 241, 19, 2, 1, NULL, NULL),
(176, '021207', 'Pueblo Libre', 241, 19, 2, 1, NULL, NULL),
(177, '021208', 'Santa Cruz', 241, 19, 2, 1, NULL, NULL),
(178, '021209', 'Santo Toribio', 241, 19, 2, 1, NULL, NULL),
(179, '021210', 'Yuracmarca', 241, 19, 2, 1, NULL, NULL),
(180, '021301', 'Piscobamba', 241, 20, 2, 1, NULL, NULL),
(181, '021302', 'Casca', 241, 20, 2, 1, NULL, NULL),
(182, '021303', 'Eleazar Guzmán Barrón', 241, 20, 2, 1, NULL, NULL),
(183, '021304', 'Fidel OIivas Escudero', 241, 20, 2, 1, NULL, NULL),
(184, '021305', 'Llama', 241, 20, 2, 1, NULL, NULL),
(185, '021306', 'Llumpa', 241, 20, 2, 1, NULL, NULL),
(186, '021307', 'Lucma', 241, 20, 2, 1, NULL, NULL),
(187, '021308', 'Musga', 241, 20, 2, 1, NULL, NULL),
(188, '021401', 'Ocros', 241, 21, 2, 1, NULL, NULL),
(189, '021402', 'Acas', 241, 21, 2, 1, NULL, NULL),
(190, '021403', 'Cajamarquilla', 241, 21, 2, 1, NULL, NULL),
(191, '021404', 'Carhuapampa', 241, 21, 2, 1, NULL, NULL),
(192, '021405', 'Cochas', 241, 21, 2, 1, NULL, NULL),
(193, '021406', 'Congas', 241, 21, 2, 1, NULL, NULL),
(194, '021407', 'Llipa', 241, 21, 2, 1, NULL, NULL),
(195, '021408', 'San Cristóbal de Raján', 241, 21, 2, 1, NULL, NULL),
(196, '021409', 'San Pedro', 241, 21, 2, 1, NULL, NULL),
(197, '021410', 'Santiago de Chilcas', 241, 21, 2, 1, NULL, NULL),
(198, '021501', 'Cabana', 241, 22, 2, 1, NULL, NULL),
(199, '021502', 'Bolognesi', 241, 22, 2, 1, NULL, NULL),
(200, '021503', 'Conchucos', 241, 22, 2, 1, NULL, NULL),
(201, '021504', 'Huacaschuque', 241, 22, 2, 1, NULL, NULL),
(202, '021505', 'Huandoval', 241, 22, 2, 1, NULL, NULL),
(203, '021506', 'Lacabamba', 241, 22, 2, 1, NULL, NULL),
(204, '021507', 'Llapo', 241, 22, 2, 1, NULL, NULL),
(205, '021508', 'Pallasca', 241, 22, 2, 1, NULL, NULL),
(206, '021509', 'Pampas', 241, 22, 2, 1, NULL, NULL),
(207, '021510', 'Santa Rosa', 241, 22, 2, 1, NULL, NULL),
(208, '021511', 'Tauca', 241, 22, 2, 1, NULL, NULL),
(209, '021601', 'Pomabamba', 241, 23, 2, 1, NULL, NULL),
(210, '021602', 'Huayllán', 241, 23, 2, 1, NULL, NULL),
(211, '021603', 'Parobamba', 241, 23, 2, 1, NULL, NULL),
(212, '021604', 'Quinuabamba', 241, 23, 2, 1, NULL, NULL),
(213, '021701', 'Recuay', 241, 24, 2, 1, NULL, NULL),
(214, '021702', 'Cátac', 241, 24, 2, 1, NULL, NULL),
(215, '021703', 'Cotaparaco', 241, 24, 2, 1, NULL, NULL),
(216, '021704', 'Huayllapampa', 241, 24, 2, 1, NULL, NULL),
(217, '021705', 'Llacllín', 241, 24, 2, 1, NULL, NULL),
(218, '021706', 'Marca', 241, 24, 2, 1, NULL, NULL),
(219, '021707', 'Pampas Chico', 241, 24, 2, 1, NULL, NULL),
(220, '021708', 'Pararín', 241, 24, 2, 1, NULL, NULL),
(221, '021709', 'Tapacocha', 241, 24, 2, 1, NULL, NULL),
(222, '021710', 'Ticapampa', 241, 24, 2, 1, NULL, NULL),
(223, '021801', 'Chimbote', 241, 25, 2, 1, NULL, NULL),
(224, '021802', 'Cáceres del Perú', 241, 25, 2, 1, NULL, NULL),
(225, '021803', 'Coishco', 241, 25, 2, 1, NULL, NULL),
(226, '021804', 'Macate', 241, 25, 2, 1, NULL, NULL),
(227, '021805', 'Moro', 241, 25, 2, 1, NULL, NULL),
(228, '021806', 'Nepeña', 241, 25, 2, 1, NULL, NULL),
(229, '021807', 'Samanco', 241, 25, 2, 1, NULL, NULL),
(230, '021808', 'Santa', 241, 25, 2, 1, NULL, NULL),
(231, '021809', 'Nuevo Chimbote', 241, 25, 2, 1, NULL, NULL),
(232, '021901', 'Sihuas', 241, 26, 2, 1, NULL, NULL),
(233, '021902', 'Acobamba', 241, 26, 2, 1, NULL, NULL),
(234, '021903', 'Alfonso Ugarte', 241, 26, 2, 1, NULL, NULL),
(235, '021904', 'Cashapampa', 241, 26, 2, 1, NULL, NULL),
(236, '021905', 'Chingalpo', 241, 26, 2, 1, NULL, NULL),
(237, '021906', 'Huayllabamba', 241, 26, 2, 1, NULL, NULL),
(238, '021907', 'Quiches', 241, 26, 2, 1, NULL, NULL),
(239, '021908', 'Ragash', 241, 26, 2, 1, NULL, NULL),
(240, '021909', 'San Juan', 241, 26, 2, 1, NULL, NULL),
(241, '021910', 'Sicsibamba', 241, 26, 2, 1, NULL, NULL),
(242, '022001', 'Yungay', 241, 27, 2, 1, NULL, NULL),
(243, '022002', 'Cascapara', 241, 27, 2, 1, NULL, NULL),
(244, '022003', 'Mancos', 241, 27, 2, 1, NULL, NULL),
(245, '022004', 'Matacoto', 241, 27, 2, 1, NULL, NULL),
(246, '022005', 'Quillo', 241, 27, 2, 1, NULL, NULL),
(247, '022006', 'Ranrahirca', 241, 27, 2, 1, NULL, NULL),
(248, '022007', 'Shupluy', 241, 27, 2, 1, NULL, NULL),
(249, '022008', 'Yanama', 241, 27, 2, 1, NULL, NULL),
(250, '030101', 'Abancay', 241, 28, 3, 1, NULL, NULL),
(251, '030102', 'Chacoche', 241, 28, 3, 1, NULL, NULL),
(252, '030103', 'Circa', 241, 28, 3, 1, NULL, NULL),
(253, '030104', 'Curahuasi', 241, 28, 3, 1, NULL, NULL),
(254, '030105', 'Huanipaca', 241, 28, 3, 1, NULL, NULL),
(255, '030106', 'Lambrama', 241, 28, 3, 1, NULL, NULL),
(256, '030107', 'Pichirhua', 241, 28, 3, 1, NULL, NULL),
(257, '030108', 'San Pedro de Cachora', 241, 28, 3, 1, NULL, NULL),
(258, '030109', 'Tamburco', 241, 28, 3, 1, NULL, NULL),
(259, '030201', 'Andahuaylas', 241, 29, 3, 1, NULL, NULL),
(260, '030202', 'Andarapa', 241, 29, 3, 1, NULL, NULL),
(261, '030203', 'Chiara', 241, 29, 3, 1, NULL, NULL),
(262, '030204', 'Huancarama', 241, 29, 3, 1, NULL, NULL),
(263, '030205', 'Huancaray', 241, 29, 3, 1, NULL, NULL),
(264, '030206', 'Huayana', 241, 29, 3, 1, NULL, NULL),
(265, '030207', 'Kishuara', 241, 29, 3, 1, NULL, NULL),
(266, '030208', 'Pacobamba', 241, 29, 3, 1, NULL, NULL),
(267, '030209', 'Pacucha', 241, 29, 3, 1, NULL, NULL),
(268, '030210', 'Pampachiri', 241, 29, 3, 1, NULL, NULL),
(269, '030211', 'Pomacocha', 241, 29, 3, 1, NULL, NULL),
(270, '030212', 'San Antonio de Cachi', 241, 29, 3, 1, NULL, NULL),
(271, '030213', 'San Jerónimo', 241, 29, 3, 1, NULL, NULL),
(272, '030214', 'San Miguel de Chaccrapampa', 241, 29, 3, 1, NULL, NULL),
(273, '030215', 'Santa María de Chicmo', 241, 29, 3, 1, NULL, NULL),
(274, '030216', 'Talavera de la Reyna', 241, 29, 3, 1, NULL, NULL),
(275, '030217', 'Tumay Huaraca', 241, 29, 3, 1, NULL, NULL),
(276, '030218', 'Turpo', 241, 29, 3, 1, NULL, NULL),
(277, '030219', 'Kaquiabamba', 241, 29, 3, 1, NULL, NULL),
(278, '030220', 'José María Arguedas', 241, 29, 3, 1, NULL, NULL),
(279, '030301', 'Antabamba', 241, 30, 3, 1, NULL, NULL),
(280, '030302', 'El oro', 241, 30, 3, 1, NULL, NULL),
(281, '030303', 'Huaquirca', 241, 30, 3, 1, NULL, NULL),
(282, '030304', 'Juan espinoza medrano', 241, 30, 3, 1, NULL, NULL),
(283, '030305', 'Oropesa', 241, 30, 3, 1, NULL, NULL),
(284, '030306', 'Pachaconas', 241, 30, 3, 1, NULL, NULL),
(285, '030307', 'Sabaino', 241, 30, 3, 1, NULL, NULL),
(286, '030401', 'Chalhuanca', 241, 31, 3, 1, NULL, NULL),
(287, '030402', 'Capaya', 241, 31, 3, 1, NULL, NULL),
(288, '030403', 'Caraybamba', 241, 31, 3, 1, NULL, NULL),
(289, '030404', 'Chapimarca', 241, 31, 3, 1, NULL, NULL),
(290, '030405', 'Colcabamba', 241, 31, 3, 1, NULL, NULL),
(291, '030406', 'Cotaruse', 241, 31, 3, 1, NULL, NULL),
(292, '030407', 'Ihuayllo', 241, 31, 3, 1, NULL, NULL),
(293, '030408', 'Justo apu sahuaraura', 241, 31, 3, 1, NULL, NULL),
(294, '030409', 'Lucre', 241, 31, 3, 1, NULL, NULL),
(295, '030410', 'Pocohuanca', 241, 31, 3, 1, NULL, NULL),
(296, '030411', 'San juan de chacña', 241, 31, 3, 1, NULL, NULL),
(297, '030412', 'Sañayca', 241, 31, 3, 1, NULL, NULL),
(298, '030413', 'Soraya', 241, 31, 3, 1, NULL, NULL),
(299, '030414', 'Tapairihua', 241, 31, 3, 1, NULL, NULL),
(300, '030415', 'Tintay', 241, 31, 3, 1, NULL, NULL),
(301, '030416', 'Toraya', 241, 31, 3, 1, NULL, NULL),
(302, '030417', 'Yanaca', 241, 31, 3, 1, NULL, NULL),
(303, '030501', 'Tambobamba', 241, 32, 3, 1, NULL, NULL),
(304, '030502', 'Cotabambas', 241, 32, 3, 1, NULL, NULL),
(305, '030503', 'Coyllurqui', 241, 32, 3, 1, NULL, NULL),
(306, '030504', 'Haquira', 241, 32, 3, 1, NULL, NULL),
(307, '030505', 'Mara', 241, 32, 3, 1, NULL, NULL),
(308, '030506', 'Challhuahuacho', 241, 32, 3, 1, NULL, NULL),
(309, '030601', 'Chincheros', 241, 33, 3, 1, NULL, NULL),
(310, '030602', 'Anco_huallo', 241, 33, 3, 1, NULL, NULL),
(311, '030603', 'Cocharcas', 241, 33, 3, 1, NULL, NULL),
(312, '030604', 'Huaccana', 241, 33, 3, 1, NULL, NULL),
(313, '030605', 'Ocobamba', 241, 33, 3, 1, NULL, NULL),
(314, '030606', 'Ongoy', 241, 33, 3, 1, NULL, NULL),
(315, '030607', 'Uranmarca', 241, 33, 3, 1, NULL, NULL),
(316, '030608', 'Ranracancha', 241, 33, 3, 1, NULL, NULL),
(317, '030609', 'Rocchacc', 241, 33, 3, 1, NULL, NULL),
(318, '030610', 'El porvenir', 241, 33, 3, 1, NULL, NULL),
(319, '030611', 'Los chankas', 241, 33, 3, 1, NULL, NULL),
(320, '030701', 'Chuquibambilla', 241, 34, 3, 1, NULL, NULL),
(321, '030702', 'Curpahuasi', 241, 34, 3, 1, NULL, NULL),
(322, '030703', 'Gamarra', 241, 34, 3, 1, NULL, NULL),
(323, '030704', 'Huayllati', 241, 34, 3, 1, NULL, NULL),
(324, '030705', 'Mamara', 241, 34, 3, 1, NULL, NULL),
(325, '030706', 'Micaela bastidas', 241, 34, 3, 1, NULL, NULL),
(326, '030707', 'Pataypampa', 241, 34, 3, 1, NULL, NULL),
(327, '030708', 'Progreso', 241, 34, 3, 1, NULL, NULL),
(328, '030709', 'San Antonio', 241, 34, 3, 1, NULL, NULL),
(329, '030710', 'Santa Rosa', 241, 34, 3, 1, NULL, NULL),
(330, '030711', 'Turpay', 241, 34, 3, 1, NULL, NULL),
(331, '030712', 'Vilcabamba', 241, 34, 3, 1, NULL, NULL),
(332, '030713', 'Virundo', 241, 34, 3, 1, NULL, NULL),
(333, '030714', 'Curasco', 241, 34, 3, 1, NULL, NULL),
(334, '040101', 'Arequipa', 241, 35, 4, 1, NULL, NULL),
(335, '040102', 'Alto selva alegre', 241, 35, 4, 1, NULL, NULL),
(336, '040103', 'Cayma', 241, 35, 4, 1, NULL, NULL),
(337, '040104', 'Cerro colorado', 241, 35, 4, 1, NULL, NULL),
(338, '040105', 'Characato', 241, 35, 4, 1, NULL, NULL),
(339, '040106', 'Chiguata', 241, 35, 4, 1, NULL, NULL),
(340, '040107', 'Jacobo hunter', 241, 35, 4, 1, NULL, NULL),
(341, '040108', 'La joya', 241, 35, 4, 1, NULL, NULL),
(342, '040109', 'Mariano melgar', 241, 35, 4, 1, NULL, NULL),
(343, '040110', 'Miraflores', 241, 35, 4, 1, NULL, NULL),
(344, '040111', 'Mollebaya', 241, 35, 4, 1, NULL, NULL),
(345, '040112', 'Paucarpata', 241, 35, 4, 1, NULL, NULL),
(346, '040113', 'Pocsi', 241, 35, 4, 1, NULL, NULL),
(347, '040114', 'Polobaya', 241, 35, 4, 1, NULL, NULL),
(348, '040115', 'Quequeña', 241, 35, 4, 1, NULL, NULL),
(349, '040116', 'Sabandia', 241, 35, 4, 1, NULL, NULL),
(350, '040117', 'Sachaca', 241, 35, 4, 1, NULL, NULL),
(351, '040118', 'San juan de siguas', 241, 35, 4, 1, NULL, NULL),
(352, '040119', 'San juan de tarucani', 241, 35, 4, 1, NULL, NULL),
(353, '040120', 'Santa Isabel de Siguas', 241, 35, 4, 1, NULL, NULL),
(354, '040121', 'Santa Rita de Siguas', 241, 35, 4, 1, NULL, NULL),
(355, '040122', 'Socabaya', 241, 35, 4, 1, NULL, NULL),
(356, '040123', 'Tiabaya', 241, 35, 4, 1, NULL, NULL),
(357, '040124', 'Uchumayo', 241, 35, 4, 1, NULL, NULL),
(358, '040125', 'Vitor', 241, 35, 4, 1, NULL, NULL),
(359, '040126', 'Yanahuara', 241, 35, 4, 1, NULL, NULL),
(360, '040127', 'Yarabamba', 241, 35, 4, 1, NULL, NULL),
(361, '040128', 'Yura', 241, 35, 4, 1, NULL, NULL),
(362, '040129', 'Jose luis bustamante y rivero', 241, 35, 4, 1, NULL, NULL),
(363, '040201', 'Camaná', 241, 36, 4, 1, NULL, NULL),
(364, '040202', 'Jose maria quimper', 241, 36, 4, 1, NULL, NULL),
(365, '040203', 'Mariano nicolas valcarcel', 241, 36, 4, 1, NULL, NULL),
(366, '040204', 'Mariscal Cáceres', 241, 36, 4, 1, NULL, NULL),
(367, '040205', 'Nicolas de pierola', 241, 36, 4, 1, NULL, NULL),
(368, '040206', 'Ocoña', 241, 36, 4, 1, NULL, NULL),
(369, '040207', 'Quilca', 241, 36, 4, 1, NULL, NULL),
(370, '040208', 'Samuel pastor', 241, 36, 4, 1, NULL, NULL),
(371, '040301', 'Caravelí', 241, 37, 4, 1, NULL, NULL),
(372, '040302', 'Acari', 241, 37, 4, 1, NULL, NULL),
(373, '040303', 'Atico', 241, 37, 4, 1, NULL, NULL),
(374, '040304', 'Atiquipa', 241, 37, 4, 1, NULL, NULL),
(375, '040305', 'Bella union', 241, 37, 4, 1, NULL, NULL),
(376, '040306', 'Cahuacho', 241, 37, 4, 1, NULL, NULL),
(377, '040307', 'Chala', 241, 37, 4, 1, NULL, NULL),
(378, '040308', 'Chaparra', 241, 37, 4, 1, NULL, NULL),
(379, '040309', 'Huanuhuanu', 241, 37, 4, 1, NULL, NULL),
(380, '040310', 'Jaqui', 241, 37, 4, 1, NULL, NULL),
(381, '040311', 'Lomas', 241, 37, 4, 1, NULL, NULL),
(382, '040312', 'Quicacha', 241, 37, 4, 1, NULL, NULL),
(383, '040313', 'Yauca', 241, 37, 4, 1, NULL, NULL),
(384, '040401', 'Aplao', 241, 38, 4, 1, NULL, NULL),
(385, '040402', 'Andagua', 241, 38, 4, 1, NULL, NULL),
(386, '040403', 'Ayo', 241, 38, 4, 1, NULL, NULL),
(387, '040404', 'Chachas', 241, 38, 4, 1, NULL, NULL),
(388, '040405', 'Chilcaymarca', 241, 38, 4, 1, NULL, NULL),
(389, '040406', 'Choco', 241, 38, 4, 1, NULL, NULL),
(390, '040407', 'Huancarqui', 241, 38, 4, 1, NULL, NULL),
(391, '040408', 'Machaguay', 241, 38, 4, 1, NULL, NULL),
(392, '040409', 'Orcopampa', 241, 38, 4, 1, NULL, NULL),
(393, '040410', 'Pampacolca', 241, 38, 4, 1, NULL, NULL),
(394, '040411', 'Tipan', 241, 38, 4, 1, NULL, NULL),
(395, '040412', 'Uñon', 241, 38, 4, 1, NULL, NULL),
(396, '040413', 'Uraca', 241, 38, 4, 1, NULL, NULL),
(397, '040414', 'Viraco', 241, 38, 4, 1, NULL, NULL),
(398, '040501', 'Chivay', 241, 39, 4, 1, NULL, NULL),
(399, '040502', 'Achoma', 241, 39, 4, 1, NULL, NULL),
(400, '040503', 'Cabanaconde', 241, 39, 4, 1, NULL, NULL),
(401, '040504', 'Callalli', 241, 39, 4, 1, NULL, NULL),
(402, '040505', 'Caylloma', 241, 39, 4, 1, NULL, NULL),
(403, '040506', 'Coporaque', 241, 39, 4, 1, NULL, NULL),
(404, '040507', 'Huambo', 241, 39, 4, 1, NULL, NULL),
(405, '040508', 'Huanca', 241, 39, 4, 1, NULL, NULL),
(406, '040509', 'Ichupampa', 241, 39, 4, 1, NULL, NULL),
(407, '040510', 'Lari', 241, 39, 4, 1, NULL, NULL),
(408, '040511', 'Lluta', 241, 39, 4, 1, NULL, NULL),
(409, '040512', 'Maca', 241, 39, 4, 1, NULL, NULL),
(410, '040513', 'Madrigal', 241, 39, 4, 1, NULL, NULL),
(411, '040514', 'San Antonio de chuca', 241, 39, 4, 1, NULL, NULL),
(412, '040515', 'Sibayo', 241, 39, 4, 1, NULL, NULL),
(413, '040516', 'Tapay', 241, 39, 4, 1, NULL, NULL),
(414, '040517', 'Tisco', 241, 39, 4, 1, NULL, NULL),
(415, '040518', 'Tuti', 241, 39, 4, 1, NULL, NULL),
(416, '040519', 'Yanque', 241, 39, 4, 1, NULL, NULL),
(417, '040520', 'Majes', 241, 39, 4, 1, NULL, NULL),
(418, '040601', 'Chuquibamba', 241, 40, 4, 1, NULL, NULL),
(419, '040602', 'Andaray', 241, 40, 4, 1, NULL, NULL),
(420, '040603', 'Cayarani', 241, 40, 4, 1, NULL, NULL),
(421, '040604', 'Chichas', 241, 40, 4, 1, NULL, NULL),
(422, '040605', 'Iray', 241, 40, 4, 1, NULL, NULL),
(423, '040606', 'Rio grande', 241, 40, 4, 1, NULL, NULL),
(424, '040607', 'Salamanca', 241, 40, 4, 1, NULL, NULL),
(425, '040608', 'Yanaquihua', 241, 40, 4, 1, NULL, NULL),
(426, '040701', 'Mollendo', 241, 41, 4, 1, NULL, NULL),
(427, '040702', 'Cocachacra', 241, 41, 4, 1, NULL, NULL),
(428, '040703', 'Dean valdivia', 241, 41, 4, 1, NULL, NULL),
(429, '040704', 'Islay', 241, 41, 4, 1, NULL, NULL),
(430, '040705', 'Mejia', 241, 41, 4, 1, NULL, NULL),
(431, '040706', 'Punta de bombón', 241, 41, 4, 1, NULL, NULL),
(432, '040801', 'Cotahuasi', 241, 42, 4, 1, NULL, NULL),
(433, '040802', 'Alca', 241, 42, 4, 1, NULL, NULL),
(434, '040803', 'Charcana', 241, 42, 4, 1, NULL, NULL),
(435, '040804', 'Huaynacotas', 241, 42, 4, 1, NULL, NULL),
(436, '040805', 'Pampamarca', 241, 42, 4, 1, NULL, NULL),
(437, '040806', 'Puyca', 241, 42, 4, 1, NULL, NULL),
(438, '040807', 'Quechualla', 241, 42, 4, 1, NULL, NULL),
(439, '040808', 'Sayla', 241, 42, 4, 1, NULL, NULL),
(440, '040809', 'Tauria', 241, 42, 4, 1, NULL, NULL),
(441, '040810', 'Tomepampa', 241, 42, 4, 1, NULL, NULL),
(442, '040811', 'Toro', 241, 42, 4, 1, NULL, NULL),
(443, '050101', 'Ayacucho', 241, 43, 5, 1, NULL, NULL),
(444, '050102', 'Acocro', 241, 43, 5, 1, NULL, NULL),
(445, '050103', 'Acos vinchos', 241, 43, 5, 1, NULL, NULL),
(446, '050104', 'Carmen alto', 241, 43, 5, 1, NULL, NULL),
(447, '050105', 'Chiara', 241, 43, 5, 1, NULL, NULL),
(448, '050106', 'Ocros', 241, 43, 5, 1, NULL, NULL),
(449, '050107', 'Pacaycasa', 241, 43, 5, 1, NULL, NULL),
(450, '050108', 'Quinua', 241, 43, 5, 1, NULL, NULL),
(451, '050109', 'San jose de ticllas', 241, 43, 5, 1, NULL, NULL),
(452, '050110', 'San juan bautista', 241, 43, 5, 1, NULL, NULL),
(453, '050111', 'Santiago de pischa', 241, 43, 5, 1, NULL, NULL),
(454, '050112', 'Socos', 241, 43, 5, 1, NULL, NULL),
(455, '050113', 'Tambillo', 241, 43, 5, 1, NULL, NULL),
(456, '050114', 'Vinchos', 241, 43, 5, 1, NULL, NULL),
(457, '050115', 'Jesus nazareno', 241, 43, 5, 1, NULL, NULL),
(458, '050116', 'Andres avelino caceres dorregaray', 241, 43, 5, 1, NULL, NULL),
(459, '050201', 'Cangallo', 241, 44, 5, 1, NULL, NULL),
(460, '050202', 'Chuschi', 241, 44, 5, 1, NULL, NULL),
(461, '050203', 'Los morochucos', 241, 44, 5, 1, NULL, NULL),
(462, '050204', 'Maria parado de bellido', 241, 44, 5, 1, NULL, NULL),
(463, '050205', 'Paras', 241, 44, 5, 1, NULL, NULL),
(464, '050206', 'Totos', 241, 44, 5, 1, NULL, NULL),
(465, '050301', 'Sancos', 241, 45, 5, 1, NULL, NULL),
(466, '050302', 'Carapo', 241, 45, 5, 1, NULL, NULL),
(467, '050303', 'Sacsamarca', 241, 45, 5, 1, NULL, NULL),
(468, '050304', 'Santiago de lucanamarca', 241, 45, 5, 1, NULL, NULL),
(469, '050401', 'Huanta', 241, 46, 5, 1, NULL, NULL),
(470, '050402', 'Ayahuanco', 241, 46, 5, 1, NULL, NULL),
(471, '050403', 'Huamanguilla', 241, 46, 5, 1, NULL, NULL),
(472, '050404', 'Iguain', 241, 46, 5, 1, NULL, NULL),
(473, '050405', 'Luricocha', 241, 46, 5, 1, NULL, NULL),
(474, '050406', 'Santillana', 241, 46, 5, 1, NULL, NULL),
(475, '050407', 'Sivia', 241, 46, 5, 1, NULL, NULL),
(476, '050408', 'Llochegua', 241, 46, 5, 1, NULL, NULL),
(477, '050409', 'Canayre', 241, 46, 5, 1, NULL, NULL),
(478, '050410', 'Uchuraccay', 241, 46, 5, 1, NULL, NULL),
(479, '050411', 'Pucacolpa', 241, 46, 5, 1, NULL, NULL),
(480, '050412', 'Chaca', 241, 46, 5, 1, NULL, NULL),
(481, '050501', 'San Miguel', 241, 47, 5, 1, NULL, NULL),
(482, '050502', 'Anco', 241, 47, 5, 1, NULL, NULL),
(483, '050503', 'Ayna', 241, 47, 5, 1, NULL, NULL),
(484, '050504', 'Chilcas', 241, 47, 5, 1, NULL, NULL),
(485, '050505', 'Chungui', 241, 47, 5, 1, NULL, NULL),
(486, '050506', 'Luis carranza', 241, 47, 5, 1, NULL, NULL),
(487, '050507', 'Santa Rosa', 241, 47, 5, 1, NULL, NULL),
(488, '050508', 'Tambo', 241, 47, 5, 1, NULL, NULL),
(489, '050509', 'Samugari', 241, 47, 5, 1, NULL, NULL),
(490, '050510', 'Anchihuay', 241, 47, 5, 1, NULL, NULL),
(491, '050511', 'Oronccoy', 241, 47, 5, 1, NULL, NULL),
(492, '050601', 'Puquio', 241, 48, 5, 1, NULL, NULL),
(493, '050602', 'Aucara', 241, 48, 5, 1, NULL, NULL),
(494, '050603', 'Cabana', 241, 48, 5, 1, NULL, NULL),
(495, '050604', 'Carmen salcedo', 241, 48, 5, 1, NULL, NULL),
(496, '050605', 'Chaviña', 241, 48, 5, 1, NULL, NULL),
(497, '050606', 'Chipao', 241, 48, 5, 1, NULL, NULL),
(498, '050607', 'Huac-huas', 241, 48, 5, 1, NULL, NULL),
(499, '050608', 'Laramate', 241, 48, 5, 1, NULL, NULL),
(500, '050609', 'Leoncio Prado', 241, 48, 5, 1, NULL, NULL),
(501, '050610', 'Llauta', 241, 48, 5, 1, NULL, NULL),
(502, '050611', 'Lucanas', 241, 48, 5, 1, NULL, NULL),
(503, '050612', 'Ocaña', 241, 48, 5, 1, NULL, NULL),
(504, '050613', 'Otoca', 241, 48, 5, 1, NULL, NULL),
(505, '050614', 'Saisa', 241, 48, 5, 1, NULL, NULL),
(506, '050615', 'San cristobal', 241, 48, 5, 1, NULL, NULL),
(507, '050616', 'San juan', 241, 48, 5, 1, NULL, NULL),
(508, '050617', 'San pedro', 241, 48, 5, 1, NULL, NULL),
(509, '050618', 'San pedro de palco', 241, 48, 5, 1, NULL, NULL),
(510, '050619', 'Sancos', 241, 48, 5, 1, NULL, NULL),
(511, '050620', 'Santa Ana de Huaycahuacho', 241, 48, 5, 1, NULL, NULL),
(512, '050621', 'Santa Lucía', 241, 48, 5, 1, NULL, NULL),
(513, '050701', 'Coracora', 241, 49, 5, 1, NULL, NULL),
(514, '050702', 'Chumpi', 241, 49, 5, 1, NULL, NULL),
(515, '050703', 'Coronel castañeda', 241, 49, 5, 1, NULL, NULL),
(516, '050704', 'Pacapausa', 241, 49, 5, 1, NULL, NULL),
(517, '050705', 'Pullo', 241, 49, 5, 1, NULL, NULL),
(518, '050706', 'Puyusca', 241, 49, 5, 1, NULL, NULL),
(519, '050707', 'San francisco de ravacayco', 241, 49, 5, 1, NULL, NULL),
(520, '050708', 'Upahuacho', 241, 49, 5, 1, NULL, NULL),
(521, '050801', 'Pausa', 241, 50, 5, 1, NULL, NULL),
(522, '050802', 'Colta', 241, 50, 5, 1, NULL, NULL),
(523, '050803', 'Corculla', 241, 50, 5, 1, NULL, NULL),
(524, '050804', 'Lampa', 241, 50, 5, 1, NULL, NULL),
(525, '050805', 'Marcabamba', 241, 50, 5, 1, NULL, NULL),
(526, '050806', 'Oyolo', 241, 50, 5, 1, NULL, NULL),
(527, '050807', 'Pararca', 241, 50, 5, 1, NULL, NULL),
(528, '050808', 'San javier de alpabamba', 241, 50, 5, 1, NULL, NULL),
(529, '050809', 'San jose de ushua', 241, 50, 5, 1, NULL, NULL),
(530, '050810', 'Sara sara', 241, 50, 5, 1, NULL, NULL),
(531, '050901', 'Querobamba', 241, 51, 5, 1, NULL, NULL),
(532, '050902', 'Belen', 241, 51, 5, 1, NULL, NULL),
(533, '050903', 'Chalcos', 241, 51, 5, 1, NULL, NULL),
(534, '050904', 'Chilcayoc', 241, 51, 5, 1, NULL, NULL),
(535, '050905', 'Huacaña', 241, 51, 5, 1, NULL, NULL),
(536, '050906', 'Morcolla', 241, 51, 5, 1, NULL, NULL),
(537, '050907', 'Paico', 241, 51, 5, 1, NULL, NULL),
(538, '050908', 'San pedro de larcay', 241, 51, 5, 1, NULL, NULL),
(539, '050909', 'San salvador de quije', 241, 51, 5, 1, NULL, NULL),
(540, '050910', 'Santiago de paucaray', 241, 51, 5, 1, NULL, NULL),
(541, '050911', 'Soras', 241, 51, 5, 1, NULL, NULL),
(542, '051001', 'Huancapi', 241, 52, 5, 1, NULL, NULL),
(543, '051002', 'Alcamenca', 241, 52, 5, 1, NULL, NULL),
(544, '051003', 'Apongo', 241, 52, 5, 1, NULL, NULL),
(545, '051004', 'Asquipata', 241, 52, 5, 1, NULL, NULL),
(546, '051005', 'Canaria', 241, 52, 5, 1, NULL, NULL),
(547, '051006', 'Cayara', 241, 52, 5, 1, NULL, NULL),
(548, '051007', 'Colca', 241, 52, 5, 1, NULL, NULL),
(549, '051008', 'Huamanquiquia', 241, 52, 5, 1, NULL, NULL),
(550, '051009', 'Huancaraylla', 241, 52, 5, 1, NULL, NULL),
(551, '051010', 'Huaya', 241, 52, 5, 1, NULL, NULL),
(552, '051011', 'Sarhua', 241, 52, 5, 1, NULL, NULL),
(553, '051012', 'Vilcanchos', 241, 52, 5, 1, NULL, NULL),
(554, '051101', 'Vilcashuamán', 241, 53, 5, 1, NULL, NULL),
(555, '051102', 'Accomarca', 241, 53, 5, 1, NULL, NULL),
(556, '051103', 'Carhuanca', 241, 53, 5, 1, NULL, NULL),
(557, '051104', 'Concepción', 241, 53, 5, 1, NULL, NULL),
(558, '051105', 'Huambalpa', 241, 53, 5, 1, NULL, NULL),
(559, '051106', 'Independencia', 241, 53, 5, 1, NULL, NULL),
(560, '051107', 'Saurama', 241, 53, 5, 1, NULL, NULL),
(561, '051108', 'Vischongo', 241, 53, 5, 1, NULL, NULL),
(562, '060101', 'Cajamarca', 241, 54, 6, 1, NULL, NULL),
(563, '060102', 'Asunción', 241, 54, 6, 1, NULL, NULL),
(564, '060103', 'Chetilla', 241, 54, 6, 1, NULL, NULL),
(565, '060104', 'Cospan', 241, 54, 6, 1, NULL, NULL),
(566, '060105', 'Encañada', 241, 54, 6, 1, NULL, NULL),
(567, '060106', 'Jesus', 241, 54, 6, 1, NULL, NULL),
(568, '060107', 'Llacanora', 241, 54, 6, 1, NULL, NULL),
(569, '060108', 'Los baños del inca', 241, 54, 6, 1, NULL, NULL),
(570, '060109', 'Magdalena', 241, 54, 6, 1, NULL, NULL),
(571, '060110', 'Matara', 241, 54, 6, 1, NULL, NULL),
(572, '060111', 'Namora', 241, 54, 6, 1, NULL, NULL),
(573, '060112', 'San juan', 241, 54, 6, 1, NULL, NULL),
(574, '060201', 'Cajabamba', 241, 55, 6, 1, NULL, NULL),
(575, '060202', 'Cachachi', 241, 55, 6, 1, NULL, NULL),
(576, '060203', 'Condebamba', 241, 55, 6, 1, NULL, NULL),
(577, '060204', 'Sitacocha', 241, 55, 6, 1, NULL, NULL),
(578, '060301', 'Celendín', 241, 56, 6, 1, NULL, NULL),
(579, '060302', 'Chumuch', 241, 56, 6, 1, NULL, NULL),
(580, '060303', 'Cortegana', 241, 56, 6, 1, NULL, NULL),
(581, '060304', 'Huasmin', 241, 56, 6, 1, NULL, NULL),
(582, '060305', 'Jorge chavez', 241, 56, 6, 1, NULL, NULL),
(583, '060306', 'Jose galvez', 241, 56, 6, 1, NULL, NULL),
(584, '060307', 'Miguel iglesias', 241, 56, 6, 1, NULL, NULL),
(585, '060308', 'Oxamarca', 241, 56, 6, 1, NULL, NULL),
(586, '060309', 'Sorochuco', 241, 56, 6, 1, NULL, NULL),
(587, '060310', 'Sucre', 241, 56, 6, 1, NULL, NULL),
(588, '060311', 'Utco', 241, 56, 6, 1, NULL, NULL),
(589, '060312', 'La Libertad de Pallán', 241, 56, 6, 1, NULL, NULL),
(590, '060401', 'Chota', 241, 57, 6, 1, NULL, NULL),
(591, '060402', 'Anguia', 241, 57, 6, 1, NULL, NULL),
(592, '060403', 'Chadin', 241, 57, 6, 1, NULL, NULL),
(593, '060404', 'Chiguirip', 241, 57, 6, 1, NULL, NULL),
(594, '060405', 'Chimban', 241, 57, 6, 1, NULL, NULL),
(595, '060406', 'Choropampa', 241, 57, 6, 1, NULL, NULL),
(596, '060407', 'Cochabamba', 241, 57, 6, 1, NULL, NULL),
(597, '060408', 'Conchan', 241, 57, 6, 1, NULL, NULL),
(598, '060409', 'Huambos', 241, 57, 6, 1, NULL, NULL),
(599, '060410', 'Lajas', 241, 57, 6, 1, NULL, NULL),
(600, '060411', 'Llama', 241, 57, 6, 1, NULL, NULL),
(601, '060412', 'Miracosta', 241, 57, 6, 1, NULL, NULL),
(602, '060413', 'Paccha', 241, 57, 6, 1, NULL, NULL),
(603, '060414', 'Pion', 241, 57, 6, 1, NULL, NULL),
(604, '060415', 'Querocoto', 241, 57, 6, 1, NULL, NULL),
(605, '060416', 'San juan de licupis', 241, 57, 6, 1, NULL, NULL),
(606, '060417', 'Tacabamba', 241, 57, 6, 1, NULL, NULL),
(607, '060418', 'Tocmoche', 241, 57, 6, 1, NULL, NULL),
(608, '060419', 'Chalamarca', 241, 57, 6, 1, NULL, NULL),
(609, '060501', 'Contumazá', 241, 58, 6, 1, NULL, NULL),
(610, '060502', 'Chilete', 241, 58, 6, 1, NULL, NULL),
(611, '060503', 'Cupisnique', 241, 58, 6, 1, NULL, NULL),
(612, '060504', 'Guzmango', 241, 58, 6, 1, NULL, NULL),
(613, '060505', 'San benito', 241, 58, 6, 1, NULL, NULL),
(614, '060506', 'Santa Cruz de Toledo', 241, 58, 6, 1, NULL, NULL),
(615, '060507', 'Tantarica', 241, 58, 6, 1, NULL, NULL),
(616, '060508', 'Yonan', 241, 58, 6, 1, NULL, NULL),
(617, '060601', 'Cutervo', 241, 59, 6, 1, NULL, NULL),
(618, '060602', 'Callayuc', 241, 59, 6, 1, NULL, NULL),
(619, '060603', 'Choros', 241, 59, 6, 1, NULL, NULL),
(620, '060604', 'Cujillo', 241, 59, 6, 1, NULL, NULL),
(621, '060605', 'La ramada', 241, 59, 6, 1, NULL, NULL),
(622, '060606', 'Pimpingos', 241, 59, 6, 1, NULL, NULL),
(623, '060607', 'Querocotillo', 241, 59, 6, 1, NULL, NULL),
(624, '060608', 'San Andrés de Cutervo', 241, 59, 6, 1, NULL, NULL),
(625, '060609', 'San Juan de Cutervo', 241, 59, 6, 1, NULL, NULL),
(626, '060610', 'San luis de lucma', 241, 59, 6, 1, NULL, NULL),
(627, '060611', 'Santa Cruz', 241, 59, 6, 1, NULL, NULL),
(628, '060612', 'Santo domingo de la capilla', 241, 59, 6, 1, NULL, NULL),
(629, '060613', 'Santo tomas', 241, 59, 6, 1, NULL, NULL),
(630, '060614', 'Socota', 241, 59, 6, 1, NULL, NULL),
(631, '060615', 'Toribio casanova', 241, 59, 6, 1, NULL, NULL),
(632, '060701', 'Bambamarca', 241, 60, 6, 1, NULL, NULL),
(633, '060702', 'Chugur', 241, 60, 6, 1, NULL, NULL),
(634, '060703', 'Hualgayoc', 241, 60, 6, 1, NULL, NULL),
(635, '060801', 'Jaén', 241, 61, 6, 1, NULL, NULL),
(636, '060802', 'Bellavista', 241, 61, 6, 1, NULL, NULL),
(637, '060803', 'Chontali', 241, 61, 6, 1, NULL, NULL),
(638, '060804', 'Colasay', 241, 61, 6, 1, NULL, NULL),
(639, '060805', 'Huabal', 241, 61, 6, 1, NULL, NULL),
(640, '060806', 'Las pirias', 241, 61, 6, 1, NULL, NULL),
(641, '060807', 'Pomahuaca', 241, 61, 6, 1, NULL, NULL),
(642, '060808', 'Pucara', 241, 61, 6, 1, NULL, NULL),
(643, '060809', 'Sallique', 241, 61, 6, 1, NULL, NULL),
(644, '060810', 'San felipe', 241, 61, 6, 1, NULL, NULL),
(645, '060811', 'San jose del alto', 241, 61, 6, 1, NULL, NULL),
(646, '060812', 'Santa Rosa', 241, 61, 6, 1, NULL, NULL),
(647, '060901', 'San Ignacio', 241, 62, 6, 1, NULL, NULL),
(648, '060902', 'Chirinos', 241, 62, 6, 1, NULL, NULL),
(649, '060903', 'Huarango', 241, 62, 6, 1, NULL, NULL),
(650, '060904', 'La coipa', 241, 62, 6, 1, NULL, NULL),
(651, '060905', 'Namballe', 241, 62, 6, 1, NULL, NULL),
(652, '060906', 'San jose de lourdes', 241, 62, 6, 1, NULL, NULL),
(653, '060907', 'Tabaconas', 241, 62, 6, 1, NULL, NULL),
(654, '061001', 'Pedro galvez', 241, 63, 6, 1, NULL, NULL),
(655, '061002', 'Chancay', 241, 63, 6, 1, NULL, NULL),
(656, '061003', 'Eduardo villanueva', 241, 63, 6, 1, NULL, NULL),
(657, '061004', 'Gregorio pita', 241, 63, 6, 1, NULL, NULL),
(658, '061005', 'Ichocan', 241, 63, 6, 1, NULL, NULL),
(659, '061006', 'Jose manuel quiroz', 241, 63, 6, 1, NULL, NULL),
(660, '061007', 'Jose sabogal', 241, 63, 6, 1, NULL, NULL),
(661, '061101', 'San Miguel', 241, 64, 6, 1, NULL, NULL),
(662, '061102', 'Bolívar', 241, 64, 6, 1, NULL, NULL),
(663, '061103', 'Calquis', 241, 64, 6, 1, NULL, NULL),
(664, '061104', 'Catilluc', 241, 64, 6, 1, NULL, NULL),
(665, '061105', 'El prado', 241, 64, 6, 1, NULL, NULL),
(666, '061106', 'La Florida', 241, 64, 6, 1, NULL, NULL),
(667, '061107', 'Llapa', 241, 64, 6, 1, NULL, NULL),
(668, '061108', 'Nanchoc', 241, 64, 6, 1, NULL, NULL),
(669, '061109', 'Niepos', 241, 64, 6, 1, NULL, NULL),
(670, '061110', 'San gregorio', 241, 64, 6, 1, NULL, NULL),
(671, '061111', 'San silvestre de cochan', 241, 64, 6, 1, NULL, NULL),
(672, '061112', 'Tongod', 241, 64, 6, 1, NULL, NULL),
(673, '061113', 'Union agua blanca', 241, 64, 6, 1, NULL, NULL),
(674, '061201', 'San Pablo', 241, 65, 6, 1, NULL, NULL),
(675, '061202', 'San bernardino', 241, 65, 6, 1, NULL, NULL),
(676, '061203', 'San luis', 241, 65, 6, 1, NULL, NULL),
(677, '061204', 'Tumbaden', 241, 65, 6, 1, NULL, NULL),
(678, '061301', 'Santa Cruz', 241, 66, 6, 1, NULL, NULL),
(679, '061302', 'Andabamba', 241, 66, 6, 1, NULL, NULL),
(680, '061303', 'Catache', 241, 66, 6, 1, NULL, NULL),
(681, '061304', 'Chancaybaños', 241, 66, 6, 1, NULL, NULL),
(682, '061305', 'La esperanza', 241, 66, 6, 1, NULL, NULL),
(683, '061306', 'Ninabamba', 241, 66, 6, 1, NULL, NULL),
(684, '061307', 'Pulan', 241, 66, 6, 1, NULL, NULL),
(685, '061308', 'Saucepampa', 241, 66, 6, 1, NULL, NULL),
(686, '061309', 'Sexi', 241, 66, 6, 1, NULL, NULL),
(687, '061310', 'Uticyacu', 241, 66, 6, 1, NULL, NULL),
(688, '061311', 'Yauyucan', 241, 66, 6, 1, NULL, NULL),
(689, '070101', 'Callao', 241, 67, 7, 1, NULL, NULL),
(690, '070102', 'Bellavista', 241, 67, 7, 1, NULL, NULL),
(691, '070103', 'Carmen de la legua reynoso', 241, 67, 7, 1, NULL, NULL),
(692, '070104', 'La perla', 241, 67, 7, 1, NULL, NULL),
(693, '070105', 'La punta', 241, 67, 7, 1, NULL, NULL),
(694, '070106', 'Ventanilla', 241, 67, 7, 1, NULL, NULL),
(695, '070107', 'Mi Perú', 241, 67, 7, 1, NULL, NULL),
(696, '080101', 'Cusco', 241, 68, 8, 1, NULL, NULL),
(697, '080102', 'Ccorca', 241, 68, 8, 1, NULL, NULL),
(698, '080103', 'Poroy', 241, 68, 8, 1, NULL, NULL),
(699, '080104', 'San jeronimo', 241, 68, 8, 1, NULL, NULL),
(700, '080105', 'San sebastian', 241, 68, 8, 1, NULL, NULL),
(701, '080106', 'Santiago', 241, 68, 8, 1, NULL, NULL),
(702, '080107', 'Saylla', 241, 68, 8, 1, NULL, NULL),
(703, '080108', 'Wanchaq', 241, 68, 8, 1, NULL, NULL),
(704, '080201', 'Acomayo', 241, 69, 8, 1, NULL, NULL),
(705, '080202', 'Acopia', 241, 69, 8, 1, NULL, NULL),
(706, '080203', 'Acos', 241, 69, 8, 1, NULL, NULL),
(707, '080204', 'Mosoc llacta', 241, 69, 8, 1, NULL, NULL),
(708, '080205', 'Pomacanchi', 241, 69, 8, 1, NULL, NULL),
(709, '080206', 'Rondocan', 241, 69, 8, 1, NULL, NULL),
(710, '080207', 'Sangarara', 241, 69, 8, 1, NULL, NULL),
(711, '080301', 'Anta', 241, 70, 8, 1, NULL, NULL),
(712, '080302', 'Ancahuasi', 241, 70, 8, 1, NULL, NULL),
(713, '080303', 'Cachimayo', 241, 70, 8, 1, NULL, NULL),
(714, '080304', 'Chinchaypujio', 241, 70, 8, 1, NULL, NULL),
(715, '080305', 'Huarocondo', 241, 70, 8, 1, NULL, NULL),
(716, '080306', 'Limatambo', 241, 70, 8, 1, NULL, NULL),
(717, '080307', 'Mollepata', 241, 70, 8, 1, NULL, NULL),
(718, '080308', 'Pucyura', 241, 70, 8, 1, NULL, NULL),
(719, '080309', 'Zurite', 241, 70, 8, 1, NULL, NULL),
(720, '080401', 'Calca', 241, 71, 8, 1, NULL, NULL),
(721, '080402', 'Coya', 241, 71, 8, 1, NULL, NULL),
(722, '080403', 'Lamay', 241, 71, 8, 1, NULL, NULL),
(723, '080404', 'Lares', 241, 71, 8, 1, NULL, NULL),
(724, '080405', 'Pisac', 241, 71, 8, 1, NULL, NULL),
(725, '080406', 'San salvador', 241, 71, 8, 1, NULL, NULL),
(726, '080407', 'Taray', 241, 71, 8, 1, NULL, NULL),
(727, '080408', 'Yanatile', 241, 71, 8, 1, NULL, NULL),
(728, '080501', 'Yanaoca', 241, 72, 8, 1, NULL, NULL),
(729, '080502', 'Checca', 241, 72, 8, 1, NULL, NULL),
(730, '080503', 'Kunturkanki', 241, 72, 8, 1, NULL, NULL),
(731, '080504', 'Langui', 241, 72, 8, 1, NULL, NULL),
(732, '080505', 'Layo', 241, 72, 8, 1, NULL, NULL),
(733, '080506', 'Pampamarca', 241, 72, 8, 1, NULL, NULL),
(734, '080507', 'Quehue', 241, 72, 8, 1, NULL, NULL),
(735, '080508', 'Tupac amaru', 241, 72, 8, 1, NULL, NULL),
(736, '080601', 'Sicuani', 241, 73, 8, 1, NULL, NULL),
(737, '080602', 'Checacupe', 241, 73, 8, 1, NULL, NULL),
(738, '080603', 'Combapata', 241, 73, 8, 1, NULL, NULL),
(739, '080604', 'Marangani', 241, 73, 8, 1, NULL, NULL),
(740, '080605', 'Pitumarca', 241, 73, 8, 1, NULL, NULL),
(741, '080606', 'San Pablo', 241, 73, 8, 1, NULL, NULL),
(742, '080607', 'San pedro', 241, 73, 8, 1, NULL, NULL),
(743, '080608', 'Tinta', 241, 73, 8, 1, NULL, NULL),
(744, '080701', 'Santo tomas', 241, 74, 8, 1, NULL, NULL),
(745, '080702', 'Capacmarca', 241, 74, 8, 1, NULL, NULL),
(746, '080703', 'Chamaca', 241, 74, 8, 1, NULL, NULL),
(747, '080704', 'Colquemarca', 241, 74, 8, 1, NULL, NULL),
(748, '080705', 'Livitaca', 241, 74, 8, 1, NULL, NULL),
(749, '080706', 'Llusco', 241, 74, 8, 1, NULL, NULL),
(750, '080707', 'Quiñota', 241, 74, 8, 1, NULL, NULL),
(751, '080708', 'Velille', 241, 74, 8, 1, NULL, NULL),
(752, '080801', 'Espinar', 241, 75, 8, 1, NULL, NULL),
(753, '080802', 'Condoroma', 241, 75, 8, 1, NULL, NULL),
(754, '080803', 'Coporaque', 241, 75, 8, 1, NULL, NULL),
(755, '080804', 'Ocoruro', 241, 75, 8, 1, NULL, NULL),
(756, '080805', 'Pallpata', 241, 75, 8, 1, NULL, NULL),
(757, '080806', 'Pichigua', 241, 75, 8, 1, NULL, NULL),
(758, '080807', 'Suyckutambo', 241, 75, 8, 1, NULL, NULL),
(759, '080808', 'Alto pichigua', 241, 75, 8, 1, NULL, NULL),
(760, '080901', 'Santa Ana', 241, 76, 8, 1, NULL, NULL),
(761, '080902', 'Echarate', 241, 76, 8, 1, NULL, NULL),
(762, '080903', 'Huayopata', 241, 76, 8, 1, NULL, NULL),
(763, '080904', 'Maranura', 241, 76, 8, 1, NULL, NULL),
(764, '080905', 'Ocobamba', 241, 76, 8, 1, NULL, NULL),
(765, '080906', 'Quellouno', 241, 76, 8, 1, NULL, NULL),
(766, '080907', 'Kimbiri', 241, 76, 8, 1, NULL, NULL),
(767, '080908', 'Santa Teresa', 241, 76, 8, 1, NULL, NULL),
(768, '080909', 'Vilcabamba', 241, 76, 8, 1, NULL, NULL),
(769, '080910', 'Pichari', 241, 76, 8, 1, NULL, NULL),
(770, '080911', 'Inkawasi', 241, 76, 8, 1, NULL, NULL),
(771, '080912', 'Villa virgen', 241, 76, 8, 1, NULL, NULL),
(772, '080913', 'Villa kintiarina', 241, 76, 8, 1, NULL, NULL),
(773, '080914', 'Megantoni', 241, 76, 8, 1, NULL, NULL),
(774, '081001', 'Paruro', 241, 77, 8, 1, NULL, NULL),
(775, '081002', 'Accha', 241, 77, 8, 1, NULL, NULL),
(776, '081003', 'Ccapi', 241, 77, 8, 1, NULL, NULL),
(777, '081004', 'Colcha', 241, 77, 8, 1, NULL, NULL),
(778, '081005', 'Huanoquite', 241, 77, 8, 1, NULL, NULL),
(779, '081006', 'Omacha', 241, 77, 8, 1, NULL, NULL),
(780, '081007', 'Paccaritambo', 241, 77, 8, 1, NULL, NULL),
(781, '081008', 'Pillpinto', 241, 77, 8, 1, NULL, NULL),
(782, '081009', 'Yaurisque', 241, 77, 8, 1, NULL, NULL),
(783, '081101', 'Paucartambo', 241, 78, 8, 1, NULL, NULL),
(784, '081102', 'Caicay', 241, 78, 8, 1, NULL, NULL),
(785, '081103', 'Challabamba', 241, 78, 8, 1, NULL, NULL),
(786, '081104', 'Colquepata', 241, 78, 8, 1, NULL, NULL),
(787, '081105', 'Huancarani', 241, 78, 8, 1, NULL, NULL),
(788, '081106', 'Kosñipata', 241, 78, 8, 1, NULL, NULL),
(789, '081201', 'Urcos', 241, 79, 8, 1, NULL, NULL),
(790, '081202', 'Andahuaylillas', 241, 79, 8, 1, NULL, NULL),
(791, '081203', 'Camanti', 241, 79, 8, 1, NULL, NULL),
(792, '081204', 'Ccarhuayo', 241, 79, 8, 1, NULL, NULL),
(793, '081205', 'Ccatca', 241, 79, 8, 1, NULL, NULL),
(794, '081206', 'Cusipata', 241, 79, 8, 1, NULL, NULL),
(795, '081207', 'Huaro', 241, 79, 8, 1, NULL, NULL),
(796, '081208', 'Lucre', 241, 79, 8, 1, NULL, NULL),
(797, '081209', 'Marcapata', 241, 79, 8, 1, NULL, NULL),
(798, '081210', 'Ocongate', 241, 79, 8, 1, NULL, NULL),
(799, '081211', 'Oropesa', 241, 79, 8, 1, NULL, NULL),
(800, '081212', 'Quiquijana', 241, 79, 8, 1, NULL, NULL),
(801, '081301', 'Urubamba', 241, 80, 8, 1, NULL, NULL),
(802, '081302', 'Chinchero', 241, 80, 8, 1, NULL, NULL),
(803, '081303', 'Huayllabamba', 241, 80, 8, 1, NULL, NULL),
(804, '081304', 'Machupicchu', 241, 80, 8, 1, NULL, NULL),
(805, '081305', 'Maras', 241, 80, 8, 1, NULL, NULL),
(806, '081306', 'Ollantaytambo', 241, 80, 8, 1, NULL, NULL),
(807, '081307', 'Yucay', 241, 80, 8, 1, NULL, NULL),
(808, '090101', 'Huancavelica', 241, 81, 9, 1, NULL, NULL),
(809, '090102', 'Acobambilla', 241, 81, 9, 1, NULL, NULL),
(810, '090103', 'Acoria', 241, 81, 9, 1, NULL, NULL),
(811, '090104', 'Conayca', 241, 81, 9, 1, NULL, NULL),
(812, '090105', 'Cuenca', 241, 81, 9, 1, NULL, NULL),
(813, '090106', 'Huachocolpa', 241, 81, 9, 1, NULL, NULL),
(814, '090107', 'Huayllahuara', 241, 81, 9, 1, NULL, NULL),
(815, '090108', 'Izcuchaca', 241, 81, 9, 1, NULL, NULL),
(816, '090109', 'Laria', 241, 81, 9, 1, NULL, NULL),
(817, '090110', 'Manta', 241, 81, 9, 1, NULL, NULL),
(818, '090111', 'Mariscal Cáceres', 241, 81, 9, 1, NULL, NULL),
(819, '090112', 'Moya', 241, 81, 9, 1, NULL, NULL),
(820, '090113', 'Nuevo occoro', 241, 81, 9, 1, NULL, NULL),
(821, '090114', 'Palca', 241, 81, 9, 1, NULL, NULL),
(822, '090115', 'Pilchaca', 241, 81, 9, 1, NULL, NULL),
(823, '090116', 'Vilca', 241, 81, 9, 1, NULL, NULL),
(824, '090117', 'Yauli', 241, 81, 9, 1, NULL, NULL),
(825, '090118', 'Ascension', 241, 81, 9, 1, NULL, NULL),
(826, '090119', 'Huando', 241, 81, 9, 1, NULL, NULL),
(827, '090201', 'Acobamba', 241, 82, 9, 1, NULL, NULL),
(828, '090202', 'Andabamba', 241, 82, 9, 1, NULL, NULL),
(829, '090203', 'Anta', 241, 82, 9, 1, NULL, NULL),
(830, '090204', 'Caja', 241, 82, 9, 1, NULL, NULL),
(831, '090205', 'Marcas', 241, 82, 9, 1, NULL, NULL),
(832, '090206', 'Paucara', 241, 82, 9, 1, NULL, NULL),
(833, '090207', 'Pomacocha', 241, 82, 9, 1, NULL, NULL),
(834, '090208', 'Rosario', 241, 82, 9, 1, NULL, NULL),
(835, '090301', 'Lircay', 241, 83, 9, 1, NULL, NULL),
(836, '090302', 'Anchonga', 241, 83, 9, 1, NULL, NULL),
(837, '090303', 'Callanmarca', 241, 83, 9, 1, NULL, NULL),
(838, '090304', 'Ccochaccasa', 241, 83, 9, 1, NULL, NULL),
(839, '090305', 'Chincho', 241, 83, 9, 1, NULL, NULL),
(840, '090306', 'Congalla', 241, 83, 9, 1, NULL, NULL),
(841, '090307', 'Huanca-huanca', 241, 83, 9, 1, NULL, NULL),
(842, '090308', 'Huayllay grande', 241, 83, 9, 1, NULL, NULL),
(843, '090309', 'Julcamarca', 241, 83, 9, 1, NULL, NULL),
(844, '090310', 'San Antonio de antaparco', 241, 83, 9, 1, NULL, NULL),
(845, '090311', 'Santo tomas de pata', 241, 83, 9, 1, NULL, NULL),
(846, '090312', 'Secclla', 241, 83, 9, 1, NULL, NULL),
(847, '090401', 'Castrovirreyna', 241, 84, 9, 1, NULL, NULL),
(848, '090402', 'Arma', 241, 84, 9, 1, NULL, NULL),
(849, '090403', 'Aurahua', 241, 84, 9, 1, NULL, NULL),
(850, '090404', 'Capillas', 241, 84, 9, 1, NULL, NULL),
(851, '090405', 'Chupamarca', 241, 84, 9, 1, NULL, NULL),
(852, '090406', 'Cocas', 241, 84, 9, 1, NULL, NULL),
(853, '090407', 'Huachos', 241, 84, 9, 1, NULL, NULL),
(854, '090408', 'Huamatambo', 241, 84, 9, 1, NULL, NULL),
(855, '090409', 'Mollepampa', 241, 84, 9, 1, NULL, NULL),
(856, '090410', 'San juan', 241, 84, 9, 1, NULL, NULL),
(857, '090411', 'Santa Ana', 241, 84, 9, 1, NULL, NULL),
(858, '090412', 'Tantara', 241, 84, 9, 1, NULL, NULL),
(859, '090413', 'Ticrapo', 241, 84, 9, 1, NULL, NULL),
(860, '090501', 'Churcampa', 241, 85, 9, 1, NULL, NULL),
(861, '090502', 'Anco', 241, 85, 9, 1, NULL, NULL),
(862, '090503', 'Chinchihuasi', 241, 85, 9, 1, NULL, NULL),
(863, '090504', 'El carmen', 241, 85, 9, 1, NULL, NULL),
(864, '090505', 'La merced', 241, 85, 9, 1, NULL, NULL),
(865, '090506', 'Locroja', 241, 85, 9, 1, NULL, NULL),
(866, '090507', 'Paucarbamba', 241, 85, 9, 1, NULL, NULL),
(867, '090508', 'San Miguel de mayocc', 241, 85, 9, 1, NULL, NULL),
(868, '090509', 'San pedro de coris', 241, 85, 9, 1, NULL, NULL),
(869, '090510', 'Pachamarca', 241, 85, 9, 1, NULL, NULL),
(870, '090511', 'Cosme', 241, 85, 9, 1, NULL, NULL),
(871, '090601', 'Huaytará', 241, 86, 9, 1, NULL, NULL),
(872, '090602', 'Ayavi', 241, 86, 9, 1, NULL, NULL),
(873, '090603', 'Cordova', 241, 86, 9, 1, NULL, NULL),
(874, '090604', 'Huayacundo arma', 241, 86, 9, 1, NULL, NULL),
(875, '090605', 'Laramarca', 241, 86, 9, 1, NULL, NULL),
(876, '090606', 'Ocoyo', 241, 86, 9, 1, NULL, NULL),
(877, '090607', 'Pilpichaca', 241, 86, 9, 1, NULL, NULL),
(878, '090608', 'Querco', 241, 86, 9, 1, NULL, NULL),
(879, '090609', 'Quito-arma', 241, 86, 9, 1, NULL, NULL),
(880, '090610', 'San Antonio de cusicancha', 241, 86, 9, 1, NULL, NULL),
(881, '090611', 'San francisco de sangayaico', 241, 86, 9, 1, NULL, NULL),
(882, '090612', 'San isidro', 241, 86, 9, 1, NULL, NULL),
(883, '090613', 'Santiago de chocorvos', 241, 86, 9, 1, NULL, NULL),
(884, '090614', 'Santiago de quirahuara', 241, 86, 9, 1, NULL, NULL),
(885, '090615', 'Santo domingo de capillas', 241, 86, 9, 1, NULL, NULL),
(886, '090616', 'Tambo', 241, 86, 9, 1, NULL, NULL),
(887, '090701', 'Pampas', 241, 87, 9, 1, NULL, NULL),
(888, '090702', 'Acostambo', 241, 87, 9, 1, NULL, NULL),
(889, '090703', 'Acraquia', 241, 87, 9, 1, NULL, NULL),
(890, '090704', 'Ahuaycha', 241, 87, 9, 1, NULL, NULL),
(891, '090705', 'Colcabamba', 241, 87, 9, 1, NULL, NULL),
(892, '090706', 'Daniel hernandez', 241, 87, 9, 1, NULL, NULL),
(893, '090707', 'Huachocolpa', 241, 87, 9, 1, NULL, NULL),
(894, '090709', 'Ñahuimpuquio', 241, 87, 9, 1, NULL, NULL),
(895, '090710', 'Pazos', 241, 87, 9, 1, NULL, NULL),
(896, '090711', 'Quishuar', 241, 87, 9, 1, NULL, NULL),
(897, '090713', 'Salcahuasi', 241, 87, 9, 1, NULL, NULL),
(898, '090714', 'San Marcos de Rocchac', 241, 87, 9, 1, NULL, NULL),
(899, '090715', 'Surcubamba', 241, 87, 9, 1, NULL, NULL),
(900, '090716', 'Tintay puncu', 241, 87, 9, 1, NULL, NULL),
(901, '090717', 'Quichuas', 241, 87, 9, 1, NULL, NULL),
(902, '090718', 'Andaymarca', 241, 87, 9, 1, NULL, NULL),
(903, '090719', 'Roble', 241, 87, 9, 1, NULL, NULL),
(904, '090720', 'Pichos', 241, 87, 9, 1, NULL, NULL),
(905, '090721', 'Santiago de tucuma', 241, 87, 9, 1, NULL, NULL),
(906, '100101', 'Huánuco', 241, 88, 10, 1, NULL, NULL),
(907, '100102', 'Amarilis', 241, 88, 10, 1, NULL, NULL),
(908, '100103', 'Chinchao', 241, 88, 10, 1, NULL, NULL);
INSERT INTO `parroquia` (`id_parr`, `cod_parr`, `des_parr`, `pais_parr`, `edo_parr`, `mun_parr`, `status_parr`, `created_at`, `updated_at`) VALUES
(909, '100104', 'Churubamba', 241, 88, 10, 1, NULL, NULL),
(910, '100105', 'Margos', 241, 88, 10, 1, NULL, NULL),
(911, '100106', 'Quisqui (kichki)', 241, 88, 10, 1, NULL, NULL),
(912, '100107', 'San francisco de cayran', 241, 88, 10, 1, NULL, NULL),
(913, '100108', 'San pedro de chaulan', 241, 88, 10, 1, NULL, NULL),
(914, '100109', 'Santa María del Valle', 241, 88, 10, 1, NULL, NULL),
(915, '100110', 'Yarumayo', 241, 88, 10, 1, NULL, NULL),
(916, '100111', 'Pillco marca', 241, 88, 10, 1, NULL, NULL),
(917, '100112', 'Yacus', 241, 88, 10, 1, NULL, NULL),
(918, '100113', 'San pablo de pillao', 241, 88, 10, 1, NULL, NULL),
(919, '100201', 'Ambo', 241, 89, 10, 1, NULL, NULL),
(920, '100202', 'Cayna', 241, 89, 10, 1, NULL, NULL),
(921, '100203', 'Colpas', 241, 89, 10, 1, NULL, NULL),
(922, '100204', 'Conchamarca', 241, 89, 10, 1, NULL, NULL),
(923, '100205', 'Huacar', 241, 89, 10, 1, NULL, NULL),
(924, '100206', 'San francisco', 241, 89, 10, 1, NULL, NULL),
(925, '100207', 'San rafael', 241, 89, 10, 1, NULL, NULL),
(926, '100208', 'Tomay kichwa', 241, 89, 10, 1, NULL, NULL),
(927, '100301', 'La union', 241, 90, 10, 1, NULL, NULL),
(928, '100307', 'Chuquis', 241, 90, 10, 1, NULL, NULL),
(929, '100311', 'Marias', 241, 90, 10, 1, NULL, NULL),
(930, '100313', 'Pachas', 241, 90, 10, 1, NULL, NULL),
(931, '100316', 'Quivilla', 241, 90, 10, 1, NULL, NULL),
(932, '100317', 'Ripan', 241, 90, 10, 1, NULL, NULL),
(933, '100321', 'Shunqui', 241, 90, 10, 1, NULL, NULL),
(934, '100322', 'Sillapata', 241, 90, 10, 1, NULL, NULL),
(935, '100323', 'Yanas', 241, 90, 10, 1, NULL, NULL),
(936, '100401', 'Huacaybamba', 241, 91, 10, 1, NULL, NULL),
(937, '100402', 'Canchabamba', 241, 91, 10, 1, NULL, NULL),
(938, '100403', 'Cochabamba', 241, 91, 10, 1, NULL, NULL),
(939, '100404', 'Pinra', 241, 91, 10, 1, NULL, NULL),
(940, '100501', 'Llata', 241, 92, 10, 1, NULL, NULL),
(941, '100502', 'Arancay', 241, 92, 10, 1, NULL, NULL),
(942, '100503', 'Chavin de pariarca', 241, 92, 10, 1, NULL, NULL),
(943, '100504', 'Jacas grande', 241, 92, 10, 1, NULL, NULL),
(944, '100505', 'Jircan', 241, 92, 10, 1, NULL, NULL),
(945, '100506', 'Miraflores', 241, 92, 10, 1, NULL, NULL),
(946, '100507', 'Monzon', 241, 92, 10, 1, NULL, NULL),
(947, '100508', 'Punchao', 241, 92, 10, 1, NULL, NULL),
(948, '100509', 'Puños', 241, 92, 10, 1, NULL, NULL),
(949, '100510', 'Singa', 241, 92, 10, 1, NULL, NULL),
(950, '100511', 'Tantamayo', 241, 92, 10, 1, NULL, NULL),
(951, '100601', 'Rupa-rupa', 241, 93, 10, 1, NULL, NULL),
(952, '100602', 'Daniel alomia robles', 241, 93, 10, 1, NULL, NULL),
(953, '100603', 'Hermilio valdizan', 241, 93, 10, 1, NULL, NULL),
(954, '100604', 'Jose crespo y castillo', 241, 93, 10, 1, NULL, NULL),
(955, '100605', 'Luyando', 241, 93, 10, 1, NULL, NULL),
(956, '100606', 'Mariano damaso beraun', 241, 93, 10, 1, NULL, NULL),
(957, '100607', 'Pucayacu', 241, 93, 10, 1, NULL, NULL),
(958, '100608', 'Castillo grande', 241, 93, 10, 1, NULL, NULL),
(959, '100609', 'Pueblo nuevo', 241, 93, 10, 1, NULL, NULL),
(960, '100610', 'Santo domingo de anda', 241, 93, 10, 1, NULL, NULL),
(961, '100701', 'Huacrachuco', 241, 94, 10, 1, NULL, NULL),
(962, '100702', 'Cholon', 241, 94, 10, 1, NULL, NULL),
(963, '100703', 'San buenaventura', 241, 94, 10, 1, NULL, NULL),
(964, '100704', 'La morada', 241, 94, 10, 1, NULL, NULL),
(965, '100705', 'Santa Rosa de Alto Yanajanca', 241, 94, 10, 1, NULL, NULL),
(966, '100801', 'Panao', 241, 95, 10, 1, NULL, NULL),
(967, '100802', 'Chaglla', 241, 95, 10, 1, NULL, NULL),
(968, '100803', 'Molino', 241, 95, 10, 1, NULL, NULL),
(969, '100804', 'Umari', 241, 95, 10, 1, NULL, NULL),
(970, '100901', 'Puerto Inca', 241, 96, 10, 1, NULL, NULL),
(971, '100902', 'Codo del pozuzo', 241, 96, 10, 1, NULL, NULL),
(972, '100903', 'Honoria', 241, 96, 10, 1, NULL, NULL),
(973, '100904', 'Tournavista', 241, 96, 10, 1, NULL, NULL),
(974, '100905', 'Yuyapichis', 241, 96, 10, 1, NULL, NULL),
(975, '101001', 'Jesus', 241, 97, 10, 1, NULL, NULL),
(976, '101002', 'Baños', 241, 97, 10, 1, NULL, NULL),
(977, '101003', 'Jivia', 241, 97, 10, 1, NULL, NULL),
(978, '101004', 'Queropalca', 241, 97, 10, 1, NULL, NULL),
(979, '101005', 'Rondos', 241, 97, 10, 1, NULL, NULL),
(980, '101006', 'San francisco de asis', 241, 97, 10, 1, NULL, NULL),
(981, '101007', 'San Miguel de cauri', 241, 97, 10, 1, NULL, NULL),
(982, '101101', 'Chavinillo', 241, 98, 10, 1, NULL, NULL),
(983, '101102', 'Cahuac', 241, 98, 10, 1, NULL, NULL),
(984, '101103', 'Chacabamba', 241, 98, 10, 1, NULL, NULL),
(985, '101104', 'Aparicio pomares', 241, 98, 10, 1, NULL, NULL),
(986, '101105', 'Jacas chico', 241, 98, 10, 1, NULL, NULL),
(987, '101106', 'Obas', 241, 98, 10, 1, NULL, NULL),
(988, '101107', 'Pampamarca', 241, 98, 10, 1, NULL, NULL),
(989, '101108', 'Choras', 241, 98, 10, 1, NULL, NULL),
(990, '110101', 'Ica', 241, 99, 11, 1, NULL, NULL),
(991, '110102', 'La tinguiña', 241, 99, 11, 1, NULL, NULL),
(992, '110103', 'Los aquijes', 241, 99, 11, 1, NULL, NULL),
(993, '110104', 'Ocucaje', 241, 99, 11, 1, NULL, NULL),
(994, '110105', 'Pachacutec', 241, 99, 11, 1, NULL, NULL),
(995, '110106', 'Parcona', 241, 99, 11, 1, NULL, NULL),
(996, '110107', 'Pueblo nuevo', 241, 99, 11, 1, NULL, NULL),
(997, '110108', 'Salas', 241, 99, 11, 1, NULL, NULL),
(998, '110109', 'San jose de los molinos', 241, 99, 11, 1, NULL, NULL),
(999, '110110', 'San juan bautista', 241, 99, 11, 1, NULL, NULL),
(1000, '110111', 'Santiago', 241, 99, 11, 1, NULL, NULL),
(1001, '110112', 'Subtanjalla', 241, 99, 11, 1, NULL, NULL),
(1002, '110113', 'Tate', 241, 99, 11, 1, NULL, NULL),
(1003, '110114', 'Yauca del rosario', 241, 99, 11, 1, NULL, NULL),
(1004, '110201', 'Chincha alta', 241, 100, 11, 1, NULL, NULL),
(1005, '110202', 'Alto laran', 241, 100, 11, 1, NULL, NULL),
(1006, '110203', 'Chavin', 241, 100, 11, 1, NULL, NULL),
(1007, '110204', 'Chincha baja', 241, 100, 11, 1, NULL, NULL),
(1008, '110205', 'El carmen', 241, 100, 11, 1, NULL, NULL),
(1009, '110206', 'Grocio prado', 241, 100, 11, 1, NULL, NULL),
(1010, '110207', 'Pueblo nuevo', 241, 100, 11, 1, NULL, NULL),
(1011, '110208', 'San juan de yanac', 241, 100, 11, 1, NULL, NULL),
(1012, '110209', 'San pedro de huacarpana', 241, 100, 11, 1, NULL, NULL),
(1013, '110210', 'Sunampe', 241, 100, 11, 1, NULL, NULL),
(1014, '110211', 'Tambo de mora', 241, 100, 11, 1, NULL, NULL),
(1015, '110301', 'Nasca', 241, 101, 11, 1, NULL, NULL),
(1016, '110302', 'Changuillo', 241, 101, 11, 1, NULL, NULL),
(1017, '110303', 'El ingenio', 241, 101, 11, 1, NULL, NULL),
(1018, '110304', 'Marcona', 241, 101, 11, 1, NULL, NULL),
(1019, '110305', 'Vista alegre', 241, 101, 11, 1, NULL, NULL),
(1020, '110401', 'Palpa', 241, 102, 11, 1, NULL, NULL),
(1021, '110402', 'Llipata', 241, 102, 11, 1, NULL, NULL),
(1022, '110403', 'Rio grande', 241, 102, 11, 1, NULL, NULL),
(1023, '110404', 'Santa Cruz', 241, 102, 11, 1, NULL, NULL),
(1024, '110405', 'Tibillo', 241, 102, 11, 1, NULL, NULL),
(1025, '110501', 'Pisco', 241, 103, 11, 1, NULL, NULL),
(1026, '110502', 'Huancano', 241, 103, 11, 1, NULL, NULL),
(1027, '110503', 'Humay', 241, 103, 11, 1, NULL, NULL),
(1028, '110504', 'Independencia', 241, 103, 11, 1, NULL, NULL),
(1029, '110505', 'Paracas', 241, 103, 11, 1, NULL, NULL),
(1030, '110506', 'San andres', 241, 103, 11, 1, NULL, NULL),
(1031, '110507', 'San Clemente', 241, 103, 11, 1, NULL, NULL),
(1032, '110508', 'Tupac amaru inca', 241, 103, 11, 1, NULL, NULL),
(1033, '120101', 'Huancayo', 241, 104, 12, 1, NULL, NULL),
(1034, '120104', 'Carhuacallanga', 241, 104, 12, 1, NULL, NULL),
(1035, '120105', 'Chacapampa', 241, 104, 12, 1, NULL, NULL),
(1036, '120106', 'Chicche', 241, 104, 12, 1, NULL, NULL),
(1037, '120107', 'Chilca', 241, 104, 12, 1, NULL, NULL),
(1038, '120108', 'Chongos alto', 241, 104, 12, 1, NULL, NULL),
(1039, '120111', 'Chupuro', 241, 104, 12, 1, NULL, NULL),
(1040, '120112', 'Colca', 241, 104, 12, 1, NULL, NULL),
(1041, '120113', 'Cullhuas', 241, 104, 12, 1, NULL, NULL),
(1042, '120114', 'El tambo', 241, 104, 12, 1, NULL, NULL),
(1043, '120116', 'Huacrapuquio', 241, 104, 12, 1, NULL, NULL),
(1044, '120117', 'Hualhuas', 241, 104, 12, 1, NULL, NULL),
(1045, '120119', 'Huancan', 241, 104, 12, 1, NULL, NULL),
(1046, '120120', 'Huasicancha', 241, 104, 12, 1, NULL, NULL),
(1047, '120121', 'Huayucachi', 241, 104, 12, 1, NULL, NULL),
(1048, '120122', 'Ingenio', 241, 104, 12, 1, NULL, NULL),
(1049, '120124', 'Pariahuanca', 241, 104, 12, 1, NULL, NULL),
(1050, '120125', 'Pilcomayo', 241, 104, 12, 1, NULL, NULL),
(1051, '120126', 'Pucara', 241, 104, 12, 1, NULL, NULL),
(1052, '120127', 'Quichuay', 241, 104, 12, 1, NULL, NULL),
(1053, '120128', 'Quilcas', 241, 104, 12, 1, NULL, NULL),
(1054, '120129', 'San Agustín', 241, 104, 12, 1, NULL, NULL),
(1055, '120130', 'San jeronimo de tunan', 241, 104, 12, 1, NULL, NULL),
(1056, '120132', 'Saño', 241, 104, 12, 1, NULL, NULL),
(1057, '120133', 'Sapallanga', 241, 104, 12, 1, NULL, NULL),
(1058, '120134', 'Sicaya', 241, 104, 12, 1, NULL, NULL),
(1059, '120135', 'Santo domingo de acobamba', 241, 104, 12, 1, NULL, NULL),
(1060, '120136', 'Viques', 241, 104, 12, 1, NULL, NULL),
(1061, '120201', 'Concepción', 241, 105, 12, 1, NULL, NULL),
(1062, '120202', 'Aco', 241, 105, 12, 1, NULL, NULL),
(1063, '120203', 'Andamarca', 241, 105, 12, 1, NULL, NULL),
(1064, '120204', 'Chambara', 241, 105, 12, 1, NULL, NULL),
(1065, '120205', 'Cochas', 241, 105, 12, 1, NULL, NULL),
(1066, '120206', 'Comas', 241, 105, 12, 1, NULL, NULL),
(1067, '120207', 'Heroínas toledo', 241, 105, 12, 1, NULL, NULL),
(1068, '120208', 'Manzanares', 241, 105, 12, 1, NULL, NULL),
(1069, '120209', 'Mariscal Castilla', 241, 105, 12, 1, NULL, NULL),
(1070, '120210', 'Matahuasi', 241, 105, 12, 1, NULL, NULL),
(1071, '120211', 'Mito', 241, 105, 12, 1, NULL, NULL),
(1072, '120212', 'Nueve de julio', 241, 105, 12, 1, NULL, NULL),
(1073, '120213', 'Orcotuna', 241, 105, 12, 1, NULL, NULL),
(1074, '120214', 'San jose de quero', 241, 105, 12, 1, NULL, NULL),
(1075, '120215', 'Santa Rosa de Ocopa', 241, 105, 12, 1, NULL, NULL),
(1076, '120301', 'Chanchamayo', 241, 106, 12, 1, NULL, NULL),
(1077, '120302', 'Perene', 241, 106, 12, 1, NULL, NULL),
(1078, '120303', 'Pichanaqui', 241, 106, 12, 1, NULL, NULL),
(1079, '120304', 'San luis de shuaro', 241, 106, 12, 1, NULL, NULL),
(1080, '120305', 'San Ramón', 241, 106, 12, 1, NULL, NULL),
(1081, '120306', 'Vitoc', 241, 106, 12, 1, NULL, NULL),
(1082, '120401', 'Jauja', 241, 107, 12, 1, NULL, NULL),
(1083, '120402', 'Acolla', 241, 107, 12, 1, NULL, NULL),
(1084, '120403', 'Apata', 241, 107, 12, 1, NULL, NULL),
(1085, '120404', 'Ataura', 241, 107, 12, 1, NULL, NULL),
(1086, '120405', 'Canchayllo', 241, 107, 12, 1, NULL, NULL),
(1087, '120406', 'Curicaca', 241, 107, 12, 1, NULL, NULL),
(1088, '120407', 'El mantaro', 241, 107, 12, 1, NULL, NULL),
(1089, '120408', 'Huamali', 241, 107, 12, 1, NULL, NULL),
(1090, '120409', 'Huaripampa', 241, 107, 12, 1, NULL, NULL),
(1091, '120410', 'Huertas', 241, 107, 12, 1, NULL, NULL),
(1092, '120411', 'Janjaillo', 241, 107, 12, 1, NULL, NULL),
(1093, '120412', 'Julcán', 241, 107, 12, 1, NULL, NULL),
(1094, '120413', 'Leonor ordoñez', 241, 107, 12, 1, NULL, NULL),
(1095, '120414', 'Llocllapampa', 241, 107, 12, 1, NULL, NULL),
(1096, '120415', 'Marco', 241, 107, 12, 1, NULL, NULL),
(1097, '120416', 'Masma', 241, 107, 12, 1, NULL, NULL),
(1098, '120417', 'Masma chicche', 241, 107, 12, 1, NULL, NULL),
(1099, '120418', 'Molinos', 241, 107, 12, 1, NULL, NULL),
(1100, '120419', 'Monobamba', 241, 107, 12, 1, NULL, NULL),
(1101, '120420', 'Muqui', 241, 107, 12, 1, NULL, NULL),
(1102, '120421', 'Muquiyauyo', 241, 107, 12, 1, NULL, NULL),
(1103, '120422', 'Paca', 241, 107, 12, 1, NULL, NULL),
(1104, '120423', 'Paccha', 241, 107, 12, 1, NULL, NULL),
(1105, '120424', 'Pancan', 241, 107, 12, 1, NULL, NULL),
(1106, '120425', 'Parco', 241, 107, 12, 1, NULL, NULL),
(1107, '120426', 'Pomacancha', 241, 107, 12, 1, NULL, NULL),
(1108, '120427', 'Ricran', 241, 107, 12, 1, NULL, NULL),
(1109, '120428', 'San Lorenzo', 241, 107, 12, 1, NULL, NULL),
(1110, '120429', 'San pedro de chunan', 241, 107, 12, 1, NULL, NULL),
(1111, '120430', 'Sausa', 241, 107, 12, 1, NULL, NULL),
(1112, '120431', 'Sincos', 241, 107, 12, 1, NULL, NULL),
(1113, '120432', 'Tunan marca', 241, 107, 12, 1, NULL, NULL),
(1114, '120433', 'Yauli', 241, 107, 12, 1, NULL, NULL),
(1115, '120434', 'Yauyos', 241, 107, 12, 1, NULL, NULL),
(1116, '120501', 'Junín', 241, 108, 12, 1, NULL, NULL),
(1117, '120502', 'Carhuamayo', 241, 108, 12, 1, NULL, NULL),
(1118, '120503', 'Ondores', 241, 108, 12, 1, NULL, NULL),
(1119, '120504', 'Ulcumayo', 241, 108, 12, 1, NULL, NULL),
(1120, '120601', 'Satipo', 241, 109, 12, 1, NULL, NULL),
(1121, '120602', 'Coviriali', 241, 109, 12, 1, NULL, NULL),
(1122, '120603', 'Llaylla', 241, 109, 12, 1, NULL, NULL),
(1123, '120604', 'Mazamari', 241, 109, 12, 1, NULL, NULL),
(1124, '120605', 'Pampa hermosa', 241, 109, 12, 1, NULL, NULL),
(1125, '120606', 'Pangoa', 241, 109, 12, 1, NULL, NULL),
(1126, '120607', 'Rio negro', 241, 109, 12, 1, NULL, NULL),
(1127, '120608', 'Rio tambo', 241, 109, 12, 1, NULL, NULL),
(1128, '120609', 'Vizcatan del ene', 241, 109, 12, 1, NULL, NULL),
(1129, '120701', 'Tarma', 241, 110, 12, 1, NULL, NULL),
(1130, '120702', 'Acobamba', 241, 110, 12, 1, NULL, NULL),
(1131, '120703', 'Huaricolca', 241, 110, 12, 1, NULL, NULL),
(1132, '120704', 'Huasahuasi', 241, 110, 12, 1, NULL, NULL),
(1133, '120705', 'La union', 241, 110, 12, 1, NULL, NULL),
(1134, '120706', 'Palca', 241, 110, 12, 1, NULL, NULL),
(1135, '120707', 'Palcamayo', 241, 110, 12, 1, NULL, NULL),
(1136, '120708', 'San pedro de cajas', 241, 110, 12, 1, NULL, NULL),
(1137, '120709', 'Tapo', 241, 110, 12, 1, NULL, NULL),
(1138, '120801', 'La oroya', 241, 111, 12, 1, NULL, NULL),
(1139, '120802', 'Chacapalpa', 241, 111, 12, 1, NULL, NULL),
(1140, '120803', 'Huay-huay', 241, 111, 12, 1, NULL, NULL),
(1141, '120804', 'Marcapomacocha', 241, 111, 12, 1, NULL, NULL),
(1142, '120805', 'Morococha', 241, 111, 12, 1, NULL, NULL),
(1143, '120806', 'Paccha', 241, 111, 12, 1, NULL, NULL),
(1144, '120807', 'Santa Bárbara de Carhuacayán', 241, 111, 12, 1, NULL, NULL),
(1145, '120808', 'Santa Rosa de Sacco', 241, 111, 12, 1, NULL, NULL),
(1146, '120809', 'Suitucancha', 241, 111, 12, 1, NULL, NULL),
(1147, '120810', 'Yauli', 241, 111, 12, 1, NULL, NULL),
(1148, '120901', 'Chupaca', 241, 112, 12, 1, NULL, NULL),
(1149, '120902', 'Ahuac', 241, 112, 12, 1, NULL, NULL),
(1150, '120903', 'Chongos bajo', 241, 112, 12, 1, NULL, NULL),
(1151, '120904', 'Huachac', 241, 112, 12, 1, NULL, NULL),
(1152, '120905', 'Huamancaca chico', 241, 112, 12, 1, NULL, NULL),
(1153, '120906', 'San juan de iscos', 241, 112, 12, 1, NULL, NULL),
(1154, '120907', 'San juan de jarpa', 241, 112, 12, 1, NULL, NULL),
(1155, '120908', 'Tres de diciembre', 241, 112, 12, 1, NULL, NULL),
(1156, '120909', 'Yanacancha', 241, 112, 12, 1, NULL, NULL),
(1157, '130101', 'Trujillo', 241, 113, 13, 1, NULL, NULL),
(1158, '130102', 'El porvenir', 241, 113, 13, 1, NULL, NULL),
(1159, '130103', 'Florencia de mora', 241, 113, 13, 1, NULL, NULL),
(1160, '130104', 'Huanchaco', 241, 113, 13, 1, NULL, NULL),
(1161, '130105', 'La esperanza', 241, 113, 13, 1, NULL, NULL),
(1162, '130106', 'Laredo', 241, 113, 13, 1, NULL, NULL),
(1163, '130107', 'Moche', 241, 113, 13, 1, NULL, NULL),
(1164, '130108', 'Poroto', 241, 113, 13, 1, NULL, NULL),
(1165, '130109', 'Salaverry', 241, 113, 13, 1, NULL, NULL),
(1166, '130110', 'Simbal', 241, 113, 13, 1, NULL, NULL),
(1167, '130111', 'Victor larco herrera', 241, 113, 13, 1, NULL, NULL),
(1168, '130201', 'Ascope', 241, 114, 13, 1, NULL, NULL),
(1169, '130202', 'Chicama', 241, 114, 13, 1, NULL, NULL),
(1170, '130203', 'Chocope', 241, 114, 13, 1, NULL, NULL),
(1171, '130204', 'Magdalena de cao', 241, 114, 13, 1, NULL, NULL),
(1172, '130205', 'Paiján', 241, 114, 13, 1, NULL, NULL),
(1173, '130206', 'Razuri', 241, 114, 13, 1, NULL, NULL),
(1174, '130207', 'Santiago de cao', 241, 114, 13, 1, NULL, NULL),
(1175, '130208', 'Casa grande', 241, 114, 13, 1, NULL, NULL),
(1176, '130301', 'Bolívar', 241, 115, 13, 1, NULL, NULL),
(1177, '130302', 'Bambamarca', 241, 115, 13, 1, NULL, NULL),
(1178, '130303', 'Condormarca', 241, 115, 13, 1, NULL, NULL),
(1179, '130304', 'Longotea', 241, 115, 13, 1, NULL, NULL),
(1180, '130305', 'Uchumarca', 241, 115, 13, 1, NULL, NULL),
(1181, '130306', 'Ucuncha', 241, 115, 13, 1, NULL, NULL),
(1182, '130401', 'Chepén', 241, 116, 13, 1, NULL, NULL),
(1183, '130402', 'Pacanga', 241, 116, 13, 1, NULL, NULL),
(1184, '130403', 'Pueblo nuevo', 241, 116, 13, 1, NULL, NULL),
(1185, '130501', 'Julcán', 241, 117, 13, 1, NULL, NULL),
(1186, '130502', 'Calamarca', 241, 117, 13, 1, NULL, NULL),
(1187, '130503', 'Carabamba', 241, 117, 13, 1, NULL, NULL),
(1188, '130504', 'Huaso', 241, 117, 13, 1, NULL, NULL),
(1189, '130601', 'Otuzco', 241, 118, 13, 1, NULL, NULL),
(1190, '130602', 'Agallpampa', 241, 118, 13, 1, NULL, NULL),
(1191, '130604', 'Charat', 241, 118, 13, 1, NULL, NULL),
(1192, '130605', 'Huaranchal', 241, 118, 13, 1, NULL, NULL),
(1193, '130606', 'La cuesta', 241, 118, 13, 1, NULL, NULL),
(1194, '130608', 'Mache', 241, 118, 13, 1, NULL, NULL),
(1195, '130610', 'Paranday', 241, 118, 13, 1, NULL, NULL),
(1196, '130611', 'Salpo', 241, 118, 13, 1, NULL, NULL),
(1197, '130613', 'Sinsicap', 241, 118, 13, 1, NULL, NULL),
(1198, '130614', 'Usquil', 241, 118, 13, 1, NULL, NULL),
(1199, '130701', 'San pedro de lloc', 241, 119, 13, 1, NULL, NULL),
(1200, '130702', 'Guadalupe', 241, 119, 13, 1, NULL, NULL),
(1201, '130703', 'Jequetepeque', 241, 119, 13, 1, NULL, NULL),
(1202, '130704', 'Pacasmayo', 241, 119, 13, 1, NULL, NULL),
(1203, '130705', 'San jose', 241, 119, 13, 1, NULL, NULL),
(1204, '130801', 'Tayabamba', 241, 120, 13, 1, NULL, NULL),
(1205, '130802', 'Buldibuyo', 241, 120, 13, 1, NULL, NULL),
(1206, '130803', 'Chillia', 241, 120, 13, 1, NULL, NULL),
(1207, '130804', 'Huancaspata', 241, 120, 13, 1, NULL, NULL),
(1208, '130805', 'Huaylillas', 241, 120, 13, 1, NULL, NULL),
(1209, '130806', 'Huayo', 241, 120, 13, 1, NULL, NULL),
(1210, '130807', 'Ongon', 241, 120, 13, 1, NULL, NULL),
(1211, '130808', 'Parcoy', 241, 120, 13, 1, NULL, NULL),
(1212, '130809', 'Pataz', 241, 120, 13, 1, NULL, NULL),
(1213, '130810', 'Pias', 241, 120, 13, 1, NULL, NULL),
(1214, '130811', 'Santiago de challas', 241, 120, 13, 1, NULL, NULL),
(1215, '130812', 'Taurija', 241, 120, 13, 1, NULL, NULL),
(1216, '130813', 'Urpay', 241, 120, 13, 1, NULL, NULL),
(1217, '130901', 'Huamachuco', 241, 121, 13, 1, NULL, NULL),
(1218, '130902', 'Chugay', 241, 121, 13, 1, NULL, NULL),
(1219, '130903', 'Cochorco', 241, 121, 13, 1, NULL, NULL),
(1220, '130904', 'Curgos', 241, 121, 13, 1, NULL, NULL),
(1221, '130905', 'Marcabal', 241, 121, 13, 1, NULL, NULL),
(1222, '130906', 'Sanagoran', 241, 121, 13, 1, NULL, NULL),
(1223, '130907', 'Sarin', 241, 121, 13, 1, NULL, NULL),
(1224, '130908', 'Sartimbamba', 241, 121, 13, 1, NULL, NULL),
(1225, '131001', 'Santiago de Chuco', 241, 122, 13, 1, NULL, NULL),
(1226, '131002', 'Angasmarca', 241, 122, 13, 1, NULL, NULL),
(1227, '131003', 'Cachicadan', 241, 122, 13, 1, NULL, NULL),
(1228, '131004', 'Mollebamba', 241, 122, 13, 1, NULL, NULL),
(1229, '131005', 'Mollepata', 241, 122, 13, 1, NULL, NULL),
(1230, '131006', 'Quiruvilca', 241, 122, 13, 1, NULL, NULL),
(1231, '131007', 'Santa Cruz de Chuca', 241, 122, 13, 1, NULL, NULL),
(1232, '131008', 'Sitabamba', 241, 122, 13, 1, NULL, NULL),
(1233, '131101', 'Cascas', 241, 123, 13, 1, NULL, NULL),
(1234, '131102', 'Lucma', 241, 123, 13, 1, NULL, NULL),
(1235, '131103', 'Marmot', 241, 123, 13, 1, NULL, NULL),
(1236, '131104', 'Sayapullo', 241, 123, 13, 1, NULL, NULL),
(1237, '131201', 'Virú', 241, 124, 13, 1, NULL, NULL),
(1238, '131202', 'Chao', 241, 124, 13, 1, NULL, NULL),
(1239, '131203', 'Guadalupito', 241, 124, 13, 1, NULL, NULL),
(1240, '140101', 'Chiclayo', 241, 125, 14, 1, NULL, NULL),
(1241, '140102', 'Chongoyape', 241, 125, 14, 1, NULL, NULL),
(1242, '140103', 'Eten', 241, 125, 14, 1, NULL, NULL),
(1243, '140104', 'Eten puerto', 241, 125, 14, 1, NULL, NULL),
(1244, '140105', 'Jose leonardo ortiz', 241, 125, 14, 1, NULL, NULL),
(1245, '140106', 'La victoria', 241, 125, 14, 1, NULL, NULL),
(1246, '140107', 'Lagunas', 241, 125, 14, 1, NULL, NULL),
(1247, '140108', 'Monsefu', 241, 125, 14, 1, NULL, NULL),
(1248, '140109', 'Nueva arica', 241, 125, 14, 1, NULL, NULL),
(1249, '140110', 'Oyotun', 241, 125, 14, 1, NULL, NULL),
(1250, '140111', 'Picsi', 241, 125, 14, 1, NULL, NULL),
(1251, '140112', 'Pimentel', 241, 125, 14, 1, NULL, NULL),
(1252, '140113', 'Reque', 241, 125, 14, 1, NULL, NULL),
(1253, '140114', 'Santa Rosa', 241, 125, 14, 1, NULL, NULL),
(1254, '140115', 'Saña', 241, 125, 14, 1, NULL, NULL),
(1255, '140116', 'Cayalti', 241, 125, 14, 1, NULL, NULL),
(1256, '140117', 'Patapo', 241, 125, 14, 1, NULL, NULL),
(1257, '140118', 'Pomalca', 241, 125, 14, 1, NULL, NULL),
(1258, '140119', 'Pucala', 241, 125, 14, 1, NULL, NULL),
(1259, '140120', 'Tuman', 241, 125, 14, 1, NULL, NULL),
(1260, '140201', 'Ferreñafe', 241, 126, 14, 1, NULL, NULL),
(1261, '140202', 'Cañaris', 241, 126, 14, 1, NULL, NULL),
(1262, '140203', 'Incahuasi', 241, 126, 14, 1, NULL, NULL),
(1263, '140204', 'Manuel Antonio mesones muro', 241, 126, 14, 1, NULL, NULL),
(1264, '140205', 'Pitipo', 241, 126, 14, 1, NULL, NULL),
(1265, '140206', 'Pueblo nuevo', 241, 126, 14, 1, NULL, NULL),
(1266, '140301', 'Lambayeque', 241, 127, 14, 1, NULL, NULL),
(1267, '140302', 'Chochope', 241, 127, 14, 1, NULL, NULL),
(1268, '140303', 'Illimo', 241, 127, 14, 1, NULL, NULL),
(1269, '140304', 'Jayanca', 241, 127, 14, 1, NULL, NULL),
(1270, '140305', 'Mochumi', 241, 127, 14, 1, NULL, NULL),
(1271, '140306', 'Morrope', 241, 127, 14, 1, NULL, NULL),
(1272, '140307', 'Motupe', 241, 127, 14, 1, NULL, NULL),
(1273, '140308', 'Olmos', 241, 127, 14, 1, NULL, NULL),
(1274, '140309', 'Pacora', 241, 127, 14, 1, NULL, NULL),
(1275, '140310', 'Salas', 241, 127, 14, 1, NULL, NULL),
(1276, '140311', 'San jose', 241, 127, 14, 1, NULL, NULL),
(1277, '140312', 'Tucume', 241, 127, 14, 1, NULL, NULL),
(1278, '150101', 'Lima', 241, 128, 15, 1, NULL, NULL),
(1279, '150102', 'Ancon', 241, 128, 15, 1, NULL, NULL),
(1280, '150103', 'Ate', 241, 128, 15, 1, NULL, NULL),
(1281, '150104', 'Barranco', 241, 128, 15, 1, NULL, NULL),
(1282, '150105', 'Breña', 241, 128, 15, 1, NULL, NULL),
(1283, '150106', 'Carabayllo', 241, 128, 15, 1, NULL, NULL),
(1284, '150107', 'Chaclacayo', 241, 128, 15, 1, NULL, NULL),
(1285, '150108', 'Chorrillos', 241, 128, 15, 1, NULL, NULL),
(1286, '150109', 'Cieneguilla', 241, 128, 15, 1, NULL, NULL),
(1287, '150110', 'Comas', 241, 128, 15, 1, NULL, NULL),
(1288, '150111', 'El agustino', 241, 128, 15, 1, NULL, NULL),
(1289, '150112', 'Independencia', 241, 128, 15, 1, NULL, NULL),
(1290, '150113', 'Jesus maria', 241, 128, 15, 1, NULL, NULL),
(1291, '150114', 'La molina', 241, 128, 15, 1, NULL, NULL),
(1292, '150115', 'La victoria', 241, 128, 15, 1, NULL, NULL),
(1293, '150116', 'Lince', 241, 128, 15, 1, NULL, NULL),
(1294, '150117', 'Los olivos', 241, 128, 15, 1, NULL, NULL),
(1295, '150118', 'Lurigancho', 241, 128, 15, 1, NULL, NULL),
(1296, '150119', 'Lurin', 241, 128, 15, 1, NULL, NULL),
(1297, '150120', 'Magdalena del mar', 241, 128, 15, 1, NULL, NULL),
(1298, '150121', 'Pueblo libre', 241, 128, 15, 1, NULL, NULL),
(1299, '150122', 'Miraflores', 241, 128, 15, 1, NULL, NULL),
(1300, '150123', 'Pachacamac', 241, 128, 15, 1, NULL, NULL),
(1301, '150124', 'Pucusana', 241, 128, 15, 1, NULL, NULL),
(1302, '150125', 'Puente piedra', 241, 128, 15, 1, NULL, NULL),
(1303, '150126', 'Punta hermosa', 241, 128, 15, 1, NULL, NULL),
(1304, '150127', 'Punta negra', 241, 128, 15, 1, NULL, NULL),
(1305, '150128', 'Rimac', 241, 128, 15, 1, NULL, NULL),
(1306, '150129', 'San bartolo', 241, 128, 15, 1, NULL, NULL),
(1307, '150130', 'San borja', 241, 128, 15, 1, NULL, NULL),
(1308, '150131', 'San isidro', 241, 128, 15, 1, NULL, NULL),
(1309, '150132', 'San juan de lurigancho', 241, 128, 15, 1, NULL, NULL),
(1310, '150133', 'San juan de miraflores', 241, 128, 15, 1, NULL, NULL),
(1311, '150134', 'San luis', 241, 128, 15, 1, NULL, NULL),
(1312, '150135', 'San martin de porres', 241, 128, 15, 1, NULL, NULL),
(1313, '150136', 'San Miguel', 241, 128, 15, 1, NULL, NULL),
(1314, '150137', 'Santa Anita', 241, 128, 15, 1, NULL, NULL),
(1315, '150138', 'Santa María del Mar', 241, 128, 15, 1, NULL, NULL),
(1316, '150139', 'Santa Rosa', 241, 128, 15, 1, NULL, NULL),
(1317, '150140', 'Santiago de surco', 241, 128, 15, 1, NULL, NULL),
(1318, '150141', 'Surquillo', 241, 128, 15, 1, NULL, NULL),
(1319, '150142', 'Villa el salvador', 241, 128, 15, 1, NULL, NULL),
(1320, '150143', 'Villa maria del triunfo', 241, 128, 15, 1, NULL, NULL),
(1321, '150201', 'Barranca', 241, 129, 15, 1, NULL, NULL),
(1322, '150202', 'Paramonga', 241, 129, 15, 1, NULL, NULL),
(1323, '150203', 'Pativilca', 241, 129, 15, 1, NULL, NULL),
(1324, '150204', 'Supe', 241, 129, 15, 1, NULL, NULL),
(1325, '150205', 'Supe puerto', 241, 129, 15, 1, NULL, NULL),
(1326, '150301', 'Cajatambo', 241, 130, 15, 1, NULL, NULL),
(1327, '150302', 'Copa', 241, 130, 15, 1, NULL, NULL),
(1328, '150303', 'Gorgor', 241, 130, 15, 1, NULL, NULL),
(1329, '150304', 'Huancapon', 241, 130, 15, 1, NULL, NULL),
(1330, '150305', 'Manas', 241, 130, 15, 1, NULL, NULL),
(1331, '150401', 'Canta', 241, 131, 15, 1, NULL, NULL),
(1332, '150402', 'Arahuay', 241, 131, 15, 1, NULL, NULL),
(1333, '150403', 'Huamantanga', 241, 131, 15, 1, NULL, NULL),
(1334, '150404', 'Huaros', 241, 131, 15, 1, NULL, NULL),
(1335, '150405', 'Lachaqui', 241, 131, 15, 1, NULL, NULL),
(1336, '150406', 'San buenaventura', 241, 131, 15, 1, NULL, NULL),
(1337, '150407', 'Santa Rosa de Quives', 241, 131, 15, 1, NULL, NULL),
(1338, '150501', 'San Vicente de cañete', 241, 132, 15, 1, NULL, NULL),
(1339, '150502', 'Asia', 241, 132, 15, 1, NULL, NULL),
(1340, '150503', 'Calango', 241, 132, 15, 1, NULL, NULL),
(1341, '150504', 'Cerro azul', 241, 132, 15, 1, NULL, NULL),
(1342, '150505', 'Chilca', 241, 132, 15, 1, NULL, NULL),
(1343, '150506', 'Coayllo', 241, 132, 15, 1, NULL, NULL),
(1344, '150507', 'Imperial', 241, 132, 15, 1, NULL, NULL),
(1345, '150508', 'Lunahuana', 241, 132, 15, 1, NULL, NULL),
(1346, '150509', 'Mala', 241, 132, 15, 1, NULL, NULL),
(1347, '150510', 'Nuevo imperial', 241, 132, 15, 1, NULL, NULL),
(1348, '150511', 'Pacaran', 241, 132, 15, 1, NULL, NULL),
(1349, '150512', 'Quilmana', 241, 132, 15, 1, NULL, NULL),
(1350, '150513', 'San Antonio', 241, 132, 15, 1, NULL, NULL),
(1351, '150514', 'San luis', 241, 132, 15, 1, NULL, NULL),
(1352, '150515', 'Santa Cruz de Flores', 241, 132, 15, 1, NULL, NULL),
(1353, '150516', 'Zuñiga', 241, 132, 15, 1, NULL, NULL),
(1354, '150601', 'Huaral', 241, 133, 15, 1, NULL, NULL),
(1355, '150602', 'Atavillos alto', 241, 133, 15, 1, NULL, NULL),
(1356, '150603', 'Atavillos bajo', 241, 133, 15, 1, NULL, NULL),
(1357, '150604', 'Aucallama', 241, 133, 15, 1, NULL, NULL),
(1358, '150605', 'Chancay', 241, 133, 15, 1, NULL, NULL),
(1359, '150606', 'Ihuari', 241, 133, 15, 1, NULL, NULL),
(1360, '150607', 'Lampian', 241, 133, 15, 1, NULL, NULL),
(1361, '150608', 'Pacaraos', 241, 133, 15, 1, NULL, NULL),
(1362, '150609', 'San Miguel de acos', 241, 133, 15, 1, NULL, NULL),
(1363, '150610', 'Santa Cruz de Andamarca', 241, 133, 15, 1, NULL, NULL),
(1364, '150611', 'Sumbilca', 241, 133, 15, 1, NULL, NULL),
(1365, '150612', 'Veintisiete de noviembre', 241, 133, 15, 1, NULL, NULL),
(1366, '150701', 'Matucana', 241, 134, 15, 1, NULL, NULL),
(1367, '150702', 'Antioquia', 241, 134, 15, 1, NULL, NULL),
(1368, '150703', 'Callahuanca', 241, 134, 15, 1, NULL, NULL),
(1369, '150704', 'Carampoma', 241, 134, 15, 1, NULL, NULL),
(1370, '150705', 'Chicla', 241, 134, 15, 1, NULL, NULL),
(1371, '150706', 'Cuenca', 241, 134, 15, 1, NULL, NULL),
(1372, '150707', 'Huachupampa', 241, 134, 15, 1, NULL, NULL),
(1373, '150708', 'Huanza', 241, 134, 15, 1, NULL, NULL),
(1374, '150709', 'Huarochiri', 241, 134, 15, 1, NULL, NULL),
(1375, '150710', 'Lahuaytambo', 241, 134, 15, 1, NULL, NULL),
(1376, '150711', 'Langa', 241, 134, 15, 1, NULL, NULL),
(1377, '150712', 'Laraos', 241, 134, 15, 1, NULL, NULL),
(1378, '150713', 'Mariatana', 241, 134, 15, 1, NULL, NULL),
(1379, '150714', 'Ricardo palma', 241, 134, 15, 1, NULL, NULL),
(1380, '150715', 'San andres de tupicocha', 241, 134, 15, 1, NULL, NULL),
(1381, '150716', 'San Antonio', 241, 134, 15, 1, NULL, NULL),
(1382, '150717', 'San bartolome', 241, 134, 15, 1, NULL, NULL),
(1383, '150718', 'San damian', 241, 134, 15, 1, NULL, NULL),
(1384, '150719', 'San juan de iris', 241, 134, 15, 1, NULL, NULL),
(1385, '150720', 'San juan de tantaranche', 241, 134, 15, 1, NULL, NULL),
(1386, '150721', 'San Lorenzo de quinti', 241, 134, 15, 1, NULL, NULL),
(1387, '150722', 'San mateo', 241, 134, 15, 1, NULL, NULL),
(1388, '150723', 'San mateo de otao', 241, 134, 15, 1, NULL, NULL),
(1389, '150724', 'San pedro de casta', 241, 134, 15, 1, NULL, NULL),
(1390, '150725', 'San pedro de huancayre', 241, 134, 15, 1, NULL, NULL),
(1391, '150726', 'Sangallaya', 241, 134, 15, 1, NULL, NULL),
(1392, '150727', 'Santa Cruz de Cocachacra', 241, 134, 15, 1, NULL, NULL),
(1393, '150728', 'Santa Eulalia', 241, 134, 15, 1, NULL, NULL),
(1394, '150729', 'Santiago de anchucaya', 241, 134, 15, 1, NULL, NULL),
(1395, '150730', 'Santiago de tuna', 241, 134, 15, 1, NULL, NULL),
(1396, '150731', 'Santo domingo de los olleros', 241, 134, 15, 1, NULL, NULL),
(1397, '150732', 'Surco', 241, 134, 15, 1, NULL, NULL),
(1398, '150801', 'Huacho', 241, 135, 15, 1, NULL, NULL),
(1399, '150802', 'Ambar', 241, 135, 15, 1, NULL, NULL),
(1400, '150803', 'Caleta de carquin', 241, 135, 15, 1, NULL, NULL),
(1401, '150804', 'Checras', 241, 135, 15, 1, NULL, NULL),
(1402, '150805', 'Hualmay', 241, 135, 15, 1, NULL, NULL),
(1403, '150806', 'Huaura', 241, 135, 15, 1, NULL, NULL),
(1404, '150807', 'Leoncio Prado', 241, 135, 15, 1, NULL, NULL),
(1405, '150808', 'Paccho', 241, 135, 15, 1, NULL, NULL),
(1406, '150809', 'Santa Leonor', 241, 135, 15, 1, NULL, NULL),
(1407, '150810', 'Santa María', 241, 135, 15, 1, NULL, NULL),
(1408, '150811', 'Sayan', 241, 135, 15, 1, NULL, NULL),
(1409, '150812', 'Vegueta', 241, 135, 15, 1, NULL, NULL),
(1410, '150901', 'Oyón', 241, 136, 15, 1, NULL, NULL),
(1411, '150902', 'Andajes', 241, 136, 15, 1, NULL, NULL),
(1412, '150903', 'Caujul', 241, 136, 15, 1, NULL, NULL),
(1413, '150904', 'Cochamarca', 241, 136, 15, 1, NULL, NULL),
(1414, '150905', 'Navan', 241, 136, 15, 1, NULL, NULL),
(1415, '150906', 'Pachangara', 241, 136, 15, 1, NULL, NULL),
(1416, '151001', 'Yauyos', 241, 137, 15, 1, NULL, NULL),
(1417, '151002', 'Alis', 241, 137, 15, 1, NULL, NULL),
(1418, '151003', 'Allauca', 241, 137, 15, 1, NULL, NULL),
(1419, '151004', 'Ayaviri', 241, 137, 15, 1, NULL, NULL),
(1420, '151005', 'Azángaro', 241, 137, 15, 1, NULL, NULL),
(1421, '151006', 'Cacra', 241, 137, 15, 1, NULL, NULL),
(1422, '151007', 'Carania', 241, 137, 15, 1, NULL, NULL),
(1423, '151008', 'Catahuasi', 241, 137, 15, 1, NULL, NULL),
(1424, '151009', 'Chocos', 241, 137, 15, 1, NULL, NULL),
(1425, '151010', 'Cochas', 241, 137, 15, 1, NULL, NULL),
(1426, '151011', 'Colonia', 241, 137, 15, 1, NULL, NULL),
(1427, '151012', 'Hongos', 241, 137, 15, 1, NULL, NULL),
(1428, '151013', 'Huampara', 241, 137, 15, 1, NULL, NULL),
(1429, '151014', 'Huancaya', 241, 137, 15, 1, NULL, NULL),
(1430, '151015', 'Huangascar', 241, 137, 15, 1, NULL, NULL),
(1431, '151016', 'Huantan', 241, 137, 15, 1, NULL, NULL),
(1432, '151017', 'Huañec', 241, 137, 15, 1, NULL, NULL),
(1433, '151018', 'Laraos', 241, 137, 15, 1, NULL, NULL),
(1434, '151019', 'Lincha', 241, 137, 15, 1, NULL, NULL),
(1435, '151020', 'Madean', 241, 137, 15, 1, NULL, NULL),
(1436, '151021', 'Miraflores', 241, 137, 15, 1, NULL, NULL),
(1437, '151022', 'Omas', 241, 137, 15, 1, NULL, NULL),
(1438, '151023', 'Putinza', 241, 137, 15, 1, NULL, NULL),
(1439, '151024', 'Quinches', 241, 137, 15, 1, NULL, NULL),
(1440, '151025', 'Quinocay', 241, 137, 15, 1, NULL, NULL),
(1441, '151026', 'San Joaquín', 241, 137, 15, 1, NULL, NULL),
(1442, '151027', 'San pedro de pilas', 241, 137, 15, 1, NULL, NULL),
(1443, '151028', 'Tanta', 241, 137, 15, 1, NULL, NULL),
(1444, '151029', 'Tauripampa', 241, 137, 15, 1, NULL, NULL),
(1445, '151030', 'Tomas', 241, 137, 15, 1, NULL, NULL),
(1446, '151031', 'Tupe', 241, 137, 15, 1, NULL, NULL),
(1447, '151032', 'Viñac', 241, 137, 15, 1, NULL, NULL),
(1448, '151033', 'Vitis', 241, 137, 15, 1, NULL, NULL),
(1449, '160101', 'Iquitos', 241, 138, 16, 1, NULL, NULL),
(1450, '160102', 'Alto nanay', 241, 138, 16, 1, NULL, NULL),
(1451, '160103', 'Fernando lores', 241, 138, 16, 1, NULL, NULL),
(1452, '160104', 'Indiana', 241, 138, 16, 1, NULL, NULL),
(1453, '160105', 'Las Amazonas', 241, 138, 16, 1, NULL, NULL),
(1454, '160106', 'Mazan', 241, 138, 16, 1, NULL, NULL),
(1455, '160107', 'Napo', 241, 138, 16, 1, NULL, NULL),
(1456, '160108', 'Punchana', 241, 138, 16, 1, NULL, NULL),
(1457, '160110', 'Torres causana', 241, 138, 16, 1, NULL, NULL),
(1458, '160112', 'Belen', 241, 138, 16, 1, NULL, NULL),
(1459, '160113', 'San juan bautista', 241, 138, 16, 1, NULL, NULL),
(1460, '160201', 'Yurimaguas', 241, 139, 16, 1, NULL, NULL),
(1461, '160202', 'Balsapuerto', 241, 139, 16, 1, NULL, NULL),
(1462, '160205', 'Jeberos', 241, 139, 16, 1, NULL, NULL),
(1463, '160206', 'Lagunas', 241, 139, 16, 1, NULL, NULL),
(1464, '160210', 'Santa Cruz', 241, 139, 16, 1, NULL, NULL),
(1465, '160211', 'Teniente cesar lopez rojas', 241, 139, 16, 1, NULL, NULL),
(1466, '160301', 'Nauta', 241, 140, 16, 1, NULL, NULL),
(1467, '160302', 'Parinari', 241, 140, 16, 1, NULL, NULL),
(1468, '160303', 'Tigre', 241, 140, 16, 1, NULL, NULL),
(1469, '160304', 'Trompeteros', 241, 140, 16, 1, NULL, NULL),
(1470, '160305', 'Urarinas', 241, 140, 16, 1, NULL, NULL),
(1471, '160401', 'Ramón Castilla', 241, 141, 16, 1, NULL, NULL),
(1472, '160402', 'Pebas', 241, 141, 16, 1, NULL, NULL),
(1473, '160403', 'Yavari', 241, 141, 16, 1, NULL, NULL),
(1474, '160404', 'San Pablo', 241, 141, 16, 1, NULL, NULL),
(1475, '160501', 'Requena', 241, 142, 16, 1, NULL, NULL),
(1476, '160502', 'Alto tapiche', 241, 142, 16, 1, NULL, NULL),
(1477, '160503', 'Capelo', 241, 142, 16, 1, NULL, NULL),
(1478, '160504', 'Emilio San Martín', 241, 142, 16, 1, NULL, NULL),
(1479, '160505', 'Maquia', 241, 142, 16, 1, NULL, NULL),
(1480, '160506', 'Puinahua', 241, 142, 16, 1, NULL, NULL),
(1481, '160507', 'Saquena', 241, 142, 16, 1, NULL, NULL),
(1482, '160508', 'Soplin', 241, 142, 16, 1, NULL, NULL),
(1483, '160509', 'Tapiche', 241, 142, 16, 1, NULL, NULL),
(1484, '160510', 'Jenaro herrera', 241, 142, 16, 1, NULL, NULL),
(1485, '160511', 'Yaquerana', 241, 142, 16, 1, NULL, NULL),
(1486, '160601', 'Contamana', 241, 143, 16, 1, NULL, NULL),
(1487, '160602', 'Inahuaya', 241, 143, 16, 1, NULL, NULL),
(1488, '160603', 'Padre marquez', 241, 143, 16, 1, NULL, NULL),
(1489, '160604', 'Pampa hermosa', 241, 143, 16, 1, NULL, NULL),
(1490, '160605', 'Sarayacu', 241, 143, 16, 1, NULL, NULL),
(1491, '160606', 'Vargas guerra', 241, 143, 16, 1, NULL, NULL),
(1492, '160701', 'Barranca', 241, 144, 16, 1, NULL, NULL),
(1493, '160702', 'Cahuapanas', 241, 144, 16, 1, NULL, NULL),
(1494, '160703', 'Manseriche', 241, 144, 16, 1, NULL, NULL),
(1495, '160704', 'Morona', 241, 144, 16, 1, NULL, NULL),
(1496, '160705', 'Pastaza', 241, 144, 16, 1, NULL, NULL),
(1497, '160706', 'Andoas', 241, 144, 16, 1, NULL, NULL),
(1498, '160801', 'Putumayo', 241, 145, 16, 1, NULL, NULL),
(1499, '160802', 'Rosa panduro', 241, 145, 16, 1, NULL, NULL),
(1500, '160803', 'Teniente manuel clavero', 241, 145, 16, 1, NULL, NULL),
(1501, '160804', 'Yaguas', 241, 145, 16, 1, NULL, NULL),
(1502, '170101', 'Tambopata', 241, 146, 17, 1, NULL, NULL),
(1503, '170102', 'Inambari', 241, 146, 17, 1, NULL, NULL),
(1504, '170103', 'Las piedras', 241, 146, 17, 1, NULL, NULL),
(1505, '170104', 'Laberinto', 241, 146, 17, 1, NULL, NULL),
(1506, '170201', 'Manu', 241, 147, 17, 1, NULL, NULL),
(1507, '170202', 'Fitzcarrald', 241, 147, 17, 1, NULL, NULL),
(1508, '170203', 'Madre de Dios', 241, 147, 17, 1, NULL, NULL),
(1509, '170204', 'Huepetuhe', 241, 147, 17, 1, NULL, NULL),
(1510, '170301', 'Iñapari', 241, 148, 17, 1, NULL, NULL),
(1511, '170302', 'Iberia', 241, 148, 17, 1, NULL, NULL),
(1512, '170303', 'Tahuamanu', 241, 148, 17, 1, NULL, NULL),
(1513, '180101', 'Moquegua', 241, 149, 18, 1, NULL, NULL),
(1514, '180102', 'Carumas', 241, 149, 18, 1, NULL, NULL),
(1515, '180103', 'Cuchumbaya', 241, 149, 18, 1, NULL, NULL),
(1516, '180104', 'Samegua', 241, 149, 18, 1, NULL, NULL),
(1517, '180105', 'San cristobal', 241, 149, 18, 1, NULL, NULL),
(1518, '180106', 'Torata', 241, 149, 18, 1, NULL, NULL),
(1519, '180201', 'Omate', 241, 150, 18, 1, NULL, NULL),
(1520, '180202', 'Chojata', 241, 150, 18, 1, NULL, NULL),
(1521, '180203', 'Coalaque', 241, 150, 18, 1, NULL, NULL),
(1522, '180204', 'Ichuña', 241, 150, 18, 1, NULL, NULL),
(1523, '180205', 'La capilla', 241, 150, 18, 1, NULL, NULL),
(1524, '180206', 'Lloque', 241, 150, 18, 1, NULL, NULL),
(1525, '180207', 'Matalaque', 241, 150, 18, 1, NULL, NULL),
(1526, '180208', 'Puquina', 241, 150, 18, 1, NULL, NULL),
(1527, '180209', 'Quinistaquillas', 241, 150, 18, 1, NULL, NULL),
(1528, '180210', 'Ubinas', 241, 150, 18, 1, NULL, NULL),
(1529, '180211', 'Yunga', 241, 150, 18, 1, NULL, NULL),
(1530, '180301', 'Ilo', 241, 151, 18, 1, NULL, NULL),
(1531, '180302', 'El algarrobal', 241, 151, 18, 1, NULL, NULL),
(1532, '180303', 'Pacocha', 241, 151, 18, 1, NULL, NULL),
(1533, '190101', 'Chaupimarca', 241, 152, 19, 1, NULL, NULL),
(1534, '190102', 'Huachon', 241, 152, 19, 1, NULL, NULL),
(1535, '190103', 'Huariaca', 241, 152, 19, 1, NULL, NULL),
(1536, '190104', 'Huayllay', 241, 152, 19, 1, NULL, NULL),
(1537, '190105', 'Ninacaca', 241, 152, 19, 1, NULL, NULL),
(1538, '190106', 'Pallanchacra', 241, 152, 19, 1, NULL, NULL),
(1539, '190107', 'Paucartambo', 241, 152, 19, 1, NULL, NULL),
(1540, '190108', 'San francisco de asis de yarusyacan', 241, 152, 19, 1, NULL, NULL),
(1541, '190109', 'Simon bolivar', 241, 152, 19, 1, NULL, NULL),
(1542, '190110', 'Ticlacayan', 241, 152, 19, 1, NULL, NULL),
(1543, '190111', 'Tinyahuarco', 241, 152, 19, 1, NULL, NULL),
(1544, '190112', 'Vicco', 241, 152, 19, 1, NULL, NULL),
(1545, '190113', 'Yanacancha', 241, 152, 19, 1, NULL, NULL),
(1546, '190201', 'Yanahuanca', 241, 153, 19, 1, NULL, NULL),
(1547, '190202', 'Chacayan', 241, 153, 19, 1, NULL, NULL),
(1548, '190203', 'Goyllarisquizga', 241, 153, 19, 1, NULL, NULL),
(1549, '190204', 'Paucar', 241, 153, 19, 1, NULL, NULL),
(1550, '190205', 'San pedro de pillao', 241, 153, 19, 1, NULL, NULL),
(1551, '190206', 'Santa Ana de Tusi', 241, 153, 19, 1, NULL, NULL),
(1552, '190207', 'Tapuc', 241, 153, 19, 1, NULL, NULL),
(1553, '190208', 'Vilcabamba', 241, 153, 19, 1, NULL, NULL),
(1554, '190301', 'Oxapampa', 241, 154, 19, 1, NULL, NULL),
(1555, '190302', 'Chontabamba', 241, 154, 19, 1, NULL, NULL),
(1556, '190303', 'Huancabamba', 241, 154, 19, 1, NULL, NULL),
(1557, '190304', 'Palcazu', 241, 154, 19, 1, NULL, NULL),
(1558, '190305', 'Pozuzo', 241, 154, 19, 1, NULL, NULL),
(1559, '190306', 'Puerto bermudez', 241, 154, 19, 1, NULL, NULL),
(1560, '190307', 'Villa rica', 241, 154, 19, 1, NULL, NULL),
(1561, '190308', 'Constitución', 241, 154, 19, 1, NULL, NULL),
(1562, '200101', 'Piura', 241, 155, 20, 1, NULL, NULL),
(1563, '200104', 'Castilla', 241, 155, 20, 1, NULL, NULL),
(1564, '200105', 'Catacaos', 241, 155, 20, 1, NULL, NULL),
(1565, '200107', 'Cura Mori', 241, 155, 20, 1, NULL, NULL),
(1566, '200108', 'El Tallán', 241, 155, 20, 1, NULL, NULL),
(1567, '200109', 'La Arena', 241, 155, 20, 1, NULL, NULL),
(1568, '200110', 'La Unión', 241, 155, 20, 1, NULL, NULL),
(1569, '200111', 'Las Lomas', 241, 155, 20, 1, NULL, NULL),
(1570, '200114', 'Tambogrande', 241, 155, 20, 1, NULL, NULL),
(1571, '200115', 'Veintiséis de Octubre', 241, 155, 20, 1, NULL, NULL),
(1572, '200201', 'Ayabaca', 241, 156, 20, 1, NULL, NULL),
(1573, '200202', 'Frías', 241, 156, 20, 1, NULL, NULL),
(1574, '200203', 'Jililí', 241, 156, 20, 1, NULL, NULL),
(1575, '200204', 'Lagunas', 241, 156, 20, 1, NULL, NULL),
(1576, '200205', 'Montero', 241, 156, 20, 1, NULL, NULL),
(1577, '200206', 'Pacaipampa', 241, 156, 20, 1, NULL, NULL),
(1578, '200207', 'Paimas', 241, 156, 20, 1, NULL, NULL),
(1579, '200208', 'Sapillica', 241, 156, 20, 1, NULL, NULL),
(1580, '200209', 'Sícchez', 241, 156, 20, 1, NULL, NULL),
(1581, '200210', 'Suyo', 241, 156, 20, 1, NULL, NULL),
(1582, '200301', 'Huancabamba', 241, 157, 20, 1, NULL, NULL),
(1583, '200302', 'Canchaque', 241, 157, 20, 1, NULL, NULL),
(1584, '200303', 'El Carmen de la Frontera', 241, 157, 20, 1, NULL, NULL),
(1585, '200304', 'Huarmaca', 241, 157, 20, 1, NULL, NULL),
(1586, '200305', 'Lalaquiz', 241, 157, 20, 1, NULL, NULL),
(1587, '200306', 'San Miguel de El Faique', 241, 157, 20, 1, NULL, NULL),
(1588, '200307', 'Sóndor', 241, 157, 20, 1, NULL, NULL),
(1589, '200308', 'Sondorillo', 241, 157, 20, 1, NULL, NULL),
(1590, '200401', 'Chulucanas', 241, 158, 20, 1, NULL, NULL),
(1591, '200402', 'Buenos Aires', 241, 158, 20, 1, NULL, NULL),
(1592, '200403', 'Chalaco', 241, 158, 20, 1, NULL, NULL),
(1593, '200404', 'La Matanza', 241, 158, 20, 1, NULL, NULL),
(1594, '200405', 'Morropón', 241, 158, 20, 1, NULL, NULL),
(1595, '200406', 'Salitral', 241, 158, 20, 1, NULL, NULL),
(1596, '200407', 'San Juan de Bigote', 241, 158, 20, 1, NULL, NULL),
(1597, '200408', 'Santa Catalina de Mossa', 241, 158, 20, 1, NULL, NULL),
(1598, '200409', 'Santo Domingo', 241, 158, 20, 1, NULL, NULL),
(1599, '200410', 'Yamango', 241, 158, 20, 1, NULL, NULL),
(1600, '200501', 'Paita', 241, 159, 20, 1, NULL, NULL),
(1601, '200502', 'Amotape', 241, 159, 20, 1, NULL, NULL),
(1602, '200503', 'El Arenal', 241, 159, 20, 1, NULL, NULL),
(1603, '200504', 'Colán', 241, 159, 20, 1, NULL, NULL),
(1604, '200505', 'La Huaca', 241, 159, 20, 1, NULL, NULL),
(1605, '200506', 'Tamarindo', 241, 159, 20, 1, NULL, NULL),
(1606, '200507', 'Vichayal', 241, 159, 20, 1, NULL, NULL),
(1607, '200601', 'Sullana', 241, 160, 20, 1, NULL, NULL),
(1608, '200602', 'Bellavista', 241, 160, 20, 1, NULL, NULL),
(1609, '200603', 'Ignacio Escudero', 241, 160, 20, 1, NULL, NULL),
(1610, '200604', 'Lancones', 241, 160, 20, 1, NULL, NULL),
(1611, '200605', 'Marcavelica', 241, 160, 20, 1, NULL, NULL),
(1612, '200606', 'Miguel Checa', 241, 160, 20, 1, NULL, NULL),
(1613, '200607', 'Querecotillo', 241, 160, 20, 1, NULL, NULL),
(1614, '200608', 'Salitral', 241, 160, 20, 1, NULL, NULL),
(1615, '200701', 'Pariñas', 241, 161, 20, 1, NULL, NULL),
(1616, '200702', 'El Alto', 241, 161, 20, 1, NULL, NULL),
(1617, '200703', 'La Brea', 241, 161, 20, 1, NULL, NULL),
(1618, '200704', 'Lobitos', 241, 161, 20, 1, NULL, NULL),
(1619, '200705', 'Los Órganos', 241, 161, 20, 1, NULL, NULL),
(1620, '200706', 'Máncora', 241, 161, 20, 1, NULL, NULL),
(1621, '200801', 'Sechura', 241, 162, 20, 1, NULL, NULL),
(1622, '200802', 'Bellavista de la Unión', 241, 162, 20, 1, NULL, NULL),
(1623, '200803', 'Bernal', 241, 162, 20, 1, NULL, NULL),
(1624, '200804', 'Cristo Nos Valga', 241, 162, 20, 1, NULL, NULL),
(1625, '200805', 'Vice', 241, 162, 20, 1, NULL, NULL),
(1626, '200806', 'Rinconada-Llicuar', 241, 162, 20, 1, NULL, NULL),
(1627, '210101', 'Puno', 241, 163, 21, 1, NULL, NULL),
(1628, '210102', 'Acora', 241, 163, 21, 1, NULL, NULL),
(1629, '210103', 'Amantani', 241, 163, 21, 1, NULL, NULL),
(1630, '210104', 'Atuncolla', 241, 163, 21, 1, NULL, NULL),
(1631, '210105', 'Capachica', 241, 163, 21, 1, NULL, NULL),
(1632, '210106', 'Chucuito', 241, 163, 21, 1, NULL, NULL),
(1633, '210107', 'Coata', 241, 163, 21, 1, NULL, NULL),
(1634, '210108', 'Huata', 241, 163, 21, 1, NULL, NULL),
(1635, '210109', 'Mañazo', 241, 163, 21, 1, NULL, NULL),
(1636, '210110', 'Paucarcolla', 241, 163, 21, 1, NULL, NULL),
(1637, '210111', 'Pichacani', 241, 163, 21, 1, NULL, NULL),
(1638, '210112', 'Plateria', 241, 163, 21, 1, NULL, NULL),
(1639, '210113', 'San Antonio', 241, 163, 21, 1, NULL, NULL),
(1640, '210114', 'Tiquillaca', 241, 163, 21, 1, NULL, NULL),
(1641, '210115', 'Vilque', 241, 163, 21, 1, NULL, NULL),
(1642, '210201', 'Azángaro', 241, 164, 21, 1, NULL, NULL),
(1643, '210202', 'Achaya', 241, 164, 21, 1, NULL, NULL),
(1644, '210203', 'Arapa', 241, 164, 21, 1, NULL, NULL),
(1645, '210204', 'Asillo', 241, 164, 21, 1, NULL, NULL),
(1646, '210205', 'Caminaca', 241, 164, 21, 1, NULL, NULL),
(1647, '210206', 'Chupa', 241, 164, 21, 1, NULL, NULL),
(1648, '210207', 'Jose domingo choquehuanca', 241, 164, 21, 1, NULL, NULL),
(1649, '210208', 'Muñani', 241, 164, 21, 1, NULL, NULL),
(1650, '210209', 'Potoni', 241, 164, 21, 1, NULL, NULL),
(1651, '210210', 'Saman', 241, 164, 21, 1, NULL, NULL),
(1652, '210211', 'San anton', 241, 164, 21, 1, NULL, NULL),
(1653, '210212', 'San jose', 241, 164, 21, 1, NULL, NULL),
(1654, '210213', 'San juan de salinas', 241, 164, 21, 1, NULL, NULL),
(1655, '210214', 'Santiago de pupuja', 241, 164, 21, 1, NULL, NULL),
(1656, '210215', 'Tirapata', 241, 164, 21, 1, NULL, NULL),
(1657, '210301', 'Macusani', 241, 165, 21, 1, NULL, NULL),
(1658, '210302', 'Ajoyani', 241, 165, 21, 1, NULL, NULL),
(1659, '210303', 'Ayapata', 241, 165, 21, 1, NULL, NULL),
(1660, '210304', 'Coasa', 241, 165, 21, 1, NULL, NULL),
(1661, '210305', 'Corani', 241, 165, 21, 1, NULL, NULL),
(1662, '210306', 'Crucero', 241, 165, 21, 1, NULL, NULL),
(1663, '210307', 'Ituata', 241, 165, 21, 1, NULL, NULL),
(1664, '210308', 'Ollachea', 241, 165, 21, 1, NULL, NULL),
(1665, '210309', 'San gaban', 241, 165, 21, 1, NULL, NULL),
(1666, '210310', 'Usicayos', 241, 165, 21, 1, NULL, NULL),
(1667, '210401', 'Juli', 241, 166, 21, 1, NULL, NULL),
(1668, '210402', 'Desaguadero', 241, 166, 21, 1, NULL, NULL),
(1669, '210403', 'Huacullani', 241, 166, 21, 1, NULL, NULL),
(1670, '210404', 'Kelluyo', 241, 166, 21, 1, NULL, NULL),
(1671, '210405', 'Pisacoma', 241, 166, 21, 1, NULL, NULL),
(1672, '210406', 'Pomata', 241, 166, 21, 1, NULL, NULL),
(1673, '210407', 'Zepita', 241, 166, 21, 1, NULL, NULL),
(1674, '210501', 'Ilave', 241, 167, 21, 1, NULL, NULL),
(1675, '210502', 'Capazo', 241, 167, 21, 1, NULL, NULL),
(1676, '210503', 'Pilcuyo', 241, 167, 21, 1, NULL, NULL),
(1677, '210504', 'Santa Rosa', 241, 167, 21, 1, NULL, NULL),
(1678, '210505', 'Conduriri', 241, 167, 21, 1, NULL, NULL),
(1679, '210601', 'Huancane', 241, 168, 21, 1, NULL, NULL),
(1680, '210602', 'Cojata', 241, 168, 21, 1, NULL, NULL),
(1681, '210603', 'Huatasani', 241, 168, 21, 1, NULL, NULL),
(1682, '210604', 'Inchupalla', 241, 168, 21, 1, NULL, NULL),
(1683, '210605', 'Pusi', 241, 168, 21, 1, NULL, NULL),
(1684, '210606', 'Rosaspata', 241, 168, 21, 1, NULL, NULL),
(1685, '210607', 'Taraco', 241, 168, 21, 1, NULL, NULL),
(1686, '210608', 'Vilque chico', 241, 168, 21, 1, NULL, NULL),
(1687, '210701', 'Lampa', 241, 169, 21, 1, NULL, NULL),
(1688, '210702', 'Cabanilla', 241, 169, 21, 1, NULL, NULL),
(1689, '210703', 'Calapuja', 241, 169, 21, 1, NULL, NULL),
(1690, '210704', 'Nicasio', 241, 169, 21, 1, NULL, NULL),
(1691, '210705', 'Ocuviri', 241, 169, 21, 1, NULL, NULL),
(1692, '210706', 'Palca', 241, 169, 21, 1, NULL, NULL),
(1693, '210707', 'Paratia', 241, 169, 21, 1, NULL, NULL),
(1694, '210708', 'Pucara', 241, 169, 21, 1, NULL, NULL),
(1695, '210709', 'Santa Lucía', 241, 169, 21, 1, NULL, NULL),
(1696, '210710', 'Vilavila', 241, 169, 21, 1, NULL, NULL),
(1697, '210801', 'Ayaviri', 241, 170, 21, 1, NULL, NULL),
(1698, '210802', 'Antauta', 241, 170, 21, 1, NULL, NULL),
(1699, '210803', 'Cupi', 241, 170, 21, 1, NULL, NULL),
(1700, '210804', 'Llalli', 241, 170, 21, 1, NULL, NULL),
(1701, '210805', 'Macari', 241, 170, 21, 1, NULL, NULL),
(1702, '210806', 'Nuñoa', 241, 170, 21, 1, NULL, NULL),
(1703, '210807', 'Orurillo', 241, 170, 21, 1, NULL, NULL),
(1704, '210808', 'Santa Rosa', 241, 170, 21, 1, NULL, NULL),
(1705, '210809', 'Umachiri', 241, 170, 21, 1, NULL, NULL),
(1706, '210901', 'Moho', 241, 171, 21, 1, NULL, NULL),
(1707, '210902', 'Conima', 241, 171, 21, 1, NULL, NULL),
(1708, '210903', 'Huayrapata', 241, 171, 21, 1, NULL, NULL),
(1709, '210904', 'Tilali', 241, 171, 21, 1, NULL, NULL),
(1710, '211001', 'Putina', 241, 172, 21, 1, NULL, NULL),
(1711, '211002', 'Ananea', 241, 172, 21, 1, NULL, NULL),
(1712, '211003', 'Pedro vilca apaza', 241, 172, 21, 1, NULL, NULL),
(1713, '211004', 'Quilcapuncu', 241, 172, 21, 1, NULL, NULL),
(1714, '211005', 'Sina', 241, 172, 21, 1, NULL, NULL),
(1715, '211101', 'Juliaca', 241, 173, 21, 1, NULL, NULL),
(1716, '211102', 'Cabana', 241, 173, 21, 1, NULL, NULL),
(1717, '211103', 'Cabanillas', 241, 173, 21, 1, NULL, NULL),
(1718, '211104', 'Caracoto', 241, 173, 21, 1, NULL, NULL),
(1719, '211105', 'San Miguel', 241, 173, 21, 1, NULL, NULL),
(1720, '211201', 'Sandia', 241, 174, 21, 1, NULL, NULL),
(1721, '211202', 'Cuyocuyo', 241, 174, 21, 1, NULL, NULL),
(1722, '211203', 'Limbani', 241, 174, 21, 1, NULL, NULL),
(1723, '211204', 'Patambuco', 241, 174, 21, 1, NULL, NULL),
(1724, '211205', 'Phara', 241, 174, 21, 1, NULL, NULL),
(1725, '211206', 'Quiaca', 241, 174, 21, 1, NULL, NULL),
(1726, '211207', 'San juan del oro', 241, 174, 21, 1, NULL, NULL),
(1727, '211208', 'Yanahuaya', 241, 174, 21, 1, NULL, NULL),
(1728, '211209', 'Alto inambari', 241, 174, 21, 1, NULL, NULL),
(1729, '211210', 'San pedro de putina punco', 241, 174, 21, 1, NULL, NULL),
(1730, '211301', 'Yunguyo', 241, 175, 21, 1, NULL, NULL),
(1731, '211302', 'Anapia', 241, 175, 21, 1, NULL, NULL),
(1732, '211303', 'Copani', 241, 175, 21, 1, NULL, NULL),
(1733, '211304', 'Cuturapi', 241, 175, 21, 1, NULL, NULL),
(1734, '211305', 'Ollaraya', 241, 175, 21, 1, NULL, NULL),
(1735, '211306', 'Tinicachi', 241, 175, 21, 1, NULL, NULL),
(1736, '211307', 'Unicachi', 241, 175, 21, 1, NULL, NULL),
(1737, '220101', 'Moyobamba', 241, 176, 22, 1, NULL, NULL),
(1738, '220102', 'Calzada', 241, 176, 22, 1, NULL, NULL),
(1739, '220103', 'Habana', 241, 176, 22, 1, NULL, NULL),
(1740, '220104', 'Jepelacio', 241, 176, 22, 1, NULL, NULL),
(1741, '220105', 'Soritor', 241, 176, 22, 1, NULL, NULL),
(1742, '220106', 'Yantalo', 241, 176, 22, 1, NULL, NULL),
(1743, '220201', 'Bellavista', 241, 177, 22, 1, NULL, NULL),
(1744, '220202', 'Alto biavo', 241, 177, 22, 1, NULL, NULL),
(1745, '220203', 'Bajo biavo', 241, 177, 22, 1, NULL, NULL),
(1746, '220204', 'Huallaga', 241, 177, 22, 1, NULL, NULL),
(1747, '220205', 'San Pablo', 241, 177, 22, 1, NULL, NULL),
(1748, '220206', 'San rafael', 241, 177, 22, 1, NULL, NULL),
(1749, '220301', 'San jose de sisa', 241, 178, 22, 1, NULL, NULL),
(1750, '220302', 'Agua blanca', 241, 178, 22, 1, NULL, NULL),
(1751, '220303', 'San Martín', 241, 178, 22, 1, NULL, NULL),
(1752, '220304', 'Santa Rosa', 241, 178, 22, 1, NULL, NULL),
(1753, '220305', 'Shatoja', 241, 178, 22, 1, NULL, NULL),
(1754, '220401', 'Saposoa', 241, 179, 22, 1, NULL, NULL),
(1755, '220402', 'Alto saposoa', 241, 179, 22, 1, NULL, NULL),
(1756, '220403', 'El eslabón', 241, 179, 22, 1, NULL, NULL),
(1757, '220404', 'Piscoyacu', 241, 179, 22, 1, NULL, NULL),
(1758, '220405', 'Sacanche', 241, 179, 22, 1, NULL, NULL),
(1759, '220406', 'Tingo de saposoa', 241, 179, 22, 1, NULL, NULL),
(1760, '220501', 'Lamas', 241, 180, 22, 1, NULL, NULL),
(1761, '220502', 'Alonso de alvarado', 241, 180, 22, 1, NULL, NULL),
(1762, '220503', 'Barranquita', 241, 180, 22, 1, NULL, NULL),
(1763, '220504', 'Caynarachi', 241, 180, 22, 1, NULL, NULL),
(1764, '220505', 'Cuñumbuqui', 241, 180, 22, 1, NULL, NULL);
INSERT INTO `parroquia` (`id_parr`, `cod_parr`, `des_parr`, `pais_parr`, `edo_parr`, `mun_parr`, `status_parr`, `created_at`, `updated_at`) VALUES
(1765, '220506', 'Pinto recodo', 241, 180, 22, 1, NULL, NULL),
(1766, '220507', 'Rumisapa', 241, 180, 22, 1, NULL, NULL),
(1767, '220508', 'San roque de cumbaza', 241, 180, 22, 1, NULL, NULL),
(1768, '220509', 'Shanao', 241, 180, 22, 1, NULL, NULL),
(1769, '220510', 'Tabalosos', 241, 180, 22, 1, NULL, NULL),
(1770, '220511', 'Zapatero', 241, 180, 22, 1, NULL, NULL),
(1771, '220601', 'Juanjui', 241, 181, 22, 1, NULL, NULL),
(1772, '220602', 'Campanilla', 241, 181, 22, 1, NULL, NULL),
(1773, '220603', 'Huicungo', 241, 181, 22, 1, NULL, NULL),
(1774, '220604', 'Pachiza', 241, 181, 22, 1, NULL, NULL),
(1775, '220605', 'Pajarillo', 241, 181, 22, 1, NULL, NULL),
(1776, '220701', 'Picota', 241, 182, 22, 1, NULL, NULL),
(1777, '220702', 'Buenos aires', 241, 182, 22, 1, NULL, NULL),
(1778, '220703', 'Caspisapa', 241, 182, 22, 1, NULL, NULL),
(1779, '220704', 'Pilluana', 241, 182, 22, 1, NULL, NULL),
(1780, '220705', 'Pucacaca', 241, 182, 22, 1, NULL, NULL),
(1781, '220706', 'San cristobal', 241, 182, 22, 1, NULL, NULL),
(1782, '220707', 'San hilarion', 241, 182, 22, 1, NULL, NULL),
(1783, '220708', 'Shamboyacu', 241, 182, 22, 1, NULL, NULL),
(1784, '220709', 'Tingo de ponasa', 241, 182, 22, 1, NULL, NULL),
(1785, '220710', 'Tres unidos', 241, 182, 22, 1, NULL, NULL),
(1786, '220801', 'Rioja', 241, 183, 22, 1, NULL, NULL),
(1787, '220802', 'Awajun', 241, 183, 22, 1, NULL, NULL),
(1788, '220803', 'Elias soplin vargas', 241, 183, 22, 1, NULL, NULL),
(1789, '220804', 'Nueva Cajamarca', 241, 183, 22, 1, NULL, NULL),
(1790, '220805', 'Pardo miguel', 241, 183, 22, 1, NULL, NULL),
(1791, '220806', 'Posic', 241, 183, 22, 1, NULL, NULL),
(1792, '220807', 'San Fernando', 241, 183, 22, 1, NULL, NULL),
(1793, '220808', 'Yorongos', 241, 183, 22, 1, NULL, NULL),
(1794, '220809', 'Yuracyacu', 241, 183, 22, 1, NULL, NULL),
(1795, '220901', 'Tarapoto', 241, 184, 22, 1, NULL, NULL),
(1796, '220902', 'Alberto leveau', 241, 184, 22, 1, NULL, NULL),
(1797, '220903', 'Cacatachi', 241, 184, 22, 1, NULL, NULL),
(1798, '220904', 'Chazuta', 241, 184, 22, 1, NULL, NULL),
(1799, '220905', 'Chipurana', 241, 184, 22, 1, NULL, NULL),
(1800, '220906', 'El porvenir', 241, 184, 22, 1, NULL, NULL),
(1801, '220907', 'Huimbayoc', 241, 184, 22, 1, NULL, NULL),
(1802, '220908', 'Juan guerra', 241, 184, 22, 1, NULL, NULL),
(1803, '220909', 'La banda de shilcayo', 241, 184, 22, 1, NULL, NULL),
(1804, '220910', 'Morales', 241, 184, 22, 1, NULL, NULL),
(1805, '220911', 'Papaplaya', 241, 184, 22, 1, NULL, NULL),
(1806, '220912', 'San Antonio', 241, 184, 22, 1, NULL, NULL),
(1807, '220913', 'Sauce', 241, 184, 22, 1, NULL, NULL),
(1808, '220914', 'Shapaja', 241, 184, 22, 1, NULL, NULL),
(1809, '221001', 'Tocache', 241, 185, 22, 1, NULL, NULL),
(1810, '221002', 'Nuevo progreso', 241, 185, 22, 1, NULL, NULL),
(1811, '221003', 'Pólvora', 241, 185, 22, 1, NULL, NULL),
(1812, '221004', 'Shunte', 241, 185, 22, 1, NULL, NULL),
(1813, '221005', 'Uchiza', 241, 185, 22, 1, NULL, NULL),
(1814, '230101', 'Tacna', 241, 186, 23, 1, NULL, NULL),
(1815, '230102', 'Alto de la alianza', 241, 186, 23, 1, NULL, NULL),
(1816, '230103', 'Calana', 241, 186, 23, 1, NULL, NULL),
(1817, '230104', 'Ciudad nueva', 241, 186, 23, 1, NULL, NULL),
(1818, '230105', 'Inclan', 241, 186, 23, 1, NULL, NULL),
(1819, '230106', 'Pachia', 241, 186, 23, 1, NULL, NULL),
(1820, '230107', 'Palca', 241, 186, 23, 1, NULL, NULL),
(1821, '230108', 'Pocollay', 241, 186, 23, 1, NULL, NULL),
(1822, '230109', 'Sama', 241, 186, 23, 1, NULL, NULL),
(1823, '230110', 'Coronel gregorio albarracin lanchipa', 241, 186, 23, 1, NULL, NULL),
(1824, '230111', 'La yarada los palos', 241, 186, 23, 1, NULL, NULL),
(1825, '230201', 'Candarave', 241, 187, 23, 1, NULL, NULL),
(1826, '230202', 'Cairani', 241, 187, 23, 1, NULL, NULL),
(1827, '230203', 'Camilaca', 241, 187, 23, 1, NULL, NULL),
(1828, '230204', 'Curibaya', 241, 187, 23, 1, NULL, NULL),
(1829, '230205', 'Huanuara', 241, 187, 23, 1, NULL, NULL),
(1830, '230206', 'Quilahuani', 241, 187, 23, 1, NULL, NULL),
(1831, '230301', 'Locumba', 241, 188, 23, 1, NULL, NULL),
(1832, '230302', 'Ilabaya', 241, 188, 23, 1, NULL, NULL),
(1833, '230303', 'Ite', 241, 188, 23, 1, NULL, NULL),
(1834, '230401', 'Tarata', 241, 189, 23, 1, NULL, NULL),
(1835, '230402', 'Heroes albarracin', 241, 189, 23, 1, NULL, NULL),
(1836, '230403', 'Estique', 241, 189, 23, 1, NULL, NULL),
(1837, '230404', 'Estique-pampa', 241, 189, 23, 1, NULL, NULL),
(1838, '230405', 'Sitajara', 241, 189, 23, 1, NULL, NULL),
(1839, '230406', 'Susapaya', 241, 189, 23, 1, NULL, NULL),
(1840, '230407', 'Tarucachi', 241, 189, 23, 1, NULL, NULL),
(1841, '230408', 'Ticaco', 241, 189, 23, 1, NULL, NULL),
(1842, '240101', 'Tumbes', 241, 190, 24, 1, NULL, NULL),
(1843, '240102', 'Corrales', 241, 190, 24, 1, NULL, NULL),
(1844, '240103', 'La cruz', 241, 190, 24, 1, NULL, NULL),
(1845, '240104', 'Pampas de hospital', 241, 190, 24, 1, NULL, NULL),
(1846, '240105', 'San jacinto', 241, 190, 24, 1, NULL, NULL),
(1847, '240106', 'San juan de la virgen', 241, 190, 24, 1, NULL, NULL),
(1848, '240201', 'Zorritos', 241, 191, 24, 1, NULL, NULL),
(1849, '240202', 'Casitas', 241, 191, 24, 1, NULL, NULL),
(1850, '240203', 'Canoas de punta sal', 241, 191, 24, 1, NULL, NULL),
(1851, '240301', 'Zarumilla', 241, 192, 24, 1, NULL, NULL),
(1852, '240302', 'Aguas verdes', 241, 192, 24, 1, NULL, NULL),
(1853, '240303', 'Matapalo', 241, 192, 24, 1, NULL, NULL),
(1854, '240304', 'Papayal', 241, 192, 24, 1, NULL, NULL),
(1855, '250101', 'Calleria', 241, 193, 25, 1, NULL, NULL),
(1856, '250102', 'Campoverde', 241, 193, 25, 1, NULL, NULL),
(1857, '250103', 'Iparia', 241, 193, 25, 1, NULL, NULL),
(1858, '250104', 'Masisea', 241, 193, 25, 1, NULL, NULL),
(1859, '250105', 'Yarinacocha', 241, 193, 25, 1, NULL, NULL),
(1860, '250106', 'Nueva requena', 241, 193, 25, 1, NULL, NULL),
(1861, '250107', 'Manantay', 241, 193, 25, 1, NULL, NULL),
(1862, '250201', 'Raimondi', 241, 194, 25, 1, NULL, NULL),
(1863, '250202', 'Sepahua', 241, 194, 25, 1, NULL, NULL),
(1864, '250203', 'Tahuania', 241, 194, 25, 1, NULL, NULL),
(1865, '250204', 'Yurua', 241, 194, 25, 1, NULL, NULL),
(1866, '250301', 'Padre Abad', 241, 195, 25, 1, NULL, NULL),
(1867, '250302', 'Irazola', 241, 195, 25, 1, NULL, NULL),
(1868, '250303', 'Curimana', 241, 195, 25, 1, NULL, NULL),
(1869, '250304', 'Neshuya', 241, 195, 25, 1, NULL, NULL),
(1870, '250305', 'Alexander von humboldt', 241, 195, 25, 1, NULL, NULL),
(1871, '250401', 'Purus', 241, 196, 25, 1, NULL, NULL),
(2048, '', 'Miguel Peña', 231, 197, 32, 1, 1603483116, NULL),
(2560, '230101', 'Alto Orinoco', 231, 48, 197, 1, NULL, NULL),
(2561, '230102', 'Huachamacare Acanaña', 231, 48, 197, 1, NULL, NULL),
(2562, '230103', 'Marawaka Toky Shamanaña', 231, 48, 197, 1, NULL, NULL),
(2563, '230104', 'Mavaka Mavaka', 231, 48, 197, 1, NULL, NULL),
(2564, '230105', 'Sierra Parima Parimabé', 231, 48, 197, 1, NULL, NULL),
(2565, '230206', 'Ucata Laja Lisa', 231, 48, 198, 1, NULL, NULL),
(2566, '230207', 'Yapacana Macuruco', 231, 48, 198, 1, NULL, NULL),
(2567, '230208', 'Caname Guarinuma', 231, 48, 198, 1, NULL, NULL),
(2568, '230309', 'Fernando Girón Tovar', 231, 48, 199, 1, NULL, NULL),
(2569, '230310', 'Luis Alberto Gómez', 231, 48, 199, 1, NULL, NULL),
(2570, '230311', 'Pahueña Limón de Parhueña', 231, 48, 199, 1, NULL, NULL),
(2571, '230312', 'Platanillal Platanillal', 231, 48, 199, 1, NULL, NULL),
(2572, '230413', 'Samariapo', 231, 48, 200, 1, NULL, NULL),
(2573, '230414', 'Sipapo', 231, 48, 200, 1, NULL, NULL),
(2574, '230415', 'Munduapo', 231, 48, 200, 1, NULL, NULL),
(2575, '230416', 'Guayapo', 231, 48, 200, 1, NULL, NULL),
(2576, '230517', 'Alto Ventuari', 231, 48, 201, 1, NULL, NULL),
(2577, '230518', 'Medio Ventuari', 231, 48, 201, 1, NULL, NULL),
(2578, '230519', 'Bajo Ventuari', 231, 48, 201, 1, NULL, NULL),
(2579, '230620', 'Victorino', 231, 48, 202, 1, NULL, NULL),
(2580, '230621', 'Comunidad', 231, 48, 202, 1, NULL, NULL),
(2581, '230722', 'Casiquiare', 231, 48, 203, 1, NULL, NULL),
(2582, '230723', 'Cocuy', 231, 48, 203, 1, NULL, NULL),
(2583, '230724', 'San Carlos de Río Negro', 231, 48, 203, 1, NULL, NULL),
(2584, '230725', 'Solano', 231, 48, 203, 1, NULL, NULL),
(2585, '020826', 'Anaco', 231, 27, 204, 1, NULL, NULL),
(2586, '020827', 'San Joaquín', 231, 27, 204, 1, NULL, NULL),
(2587, '020928', 'Cachipo', 231, 27, 205, 1, NULL, NULL),
(2588, '020929', 'Aragua de Barcelona', 231, 27, 205, 1, NULL, NULL),
(2589, '021033', 'Clarines', 231, 27, 206, 1, NULL, NULL),
(2590, '021033', 'Guanape', 231, 27, 206, 1, NULL, NULL),
(2591, '021033', 'Sabana de Uchire', 231, 27, 206, 1, NULL, NULL),
(2592, '021130', 'Lechería', 231, 27, 207, 1, NULL, NULL),
(2593, '021131', 'El Morro', 231, 27, 207, 1, NULL, NULL),
(2594, '021232', 'Puerto Píritu', 231, 27, 208, 1, NULL, NULL),
(2595, '021233', 'San Miguel', 231, 27, 208, 1, NULL, NULL),
(2596, '021234', 'Sucre', 231, 27, 208, 1, NULL, NULL),
(2597, '021335', 'Valle de Guanape', 231, 27, 209, 1, NULL, NULL),
(2598, '021336', 'Santa Bárbara', 231, 27, 209, 1, NULL, NULL),
(2599, '021437', 'El Chaparro', 231, 27, 210, 1, NULL, NULL),
(2600, '021438', 'Tomás Alfaro', 231, 27, 210, 1, NULL, NULL),
(2601, '021439', 'Calatrava', 231, 27, 210, 1, NULL, NULL),
(2602, '021540', 'Guanta', 231, 27, 211, 1, NULL, NULL),
(2603, '021541', 'Chorrerón', 231, 27, 211, 1, NULL, NULL),
(2604, '021642', 'Mamo', 231, 27, 212, 1, NULL, NULL),
(2605, '021643', 'Soledad', 231, 27, 212, 1, NULL, NULL),
(2606, '021744', 'Mapire', 231, 27, 213, 1, NULL, NULL),
(2607, '021745', 'Piar', 231, 27, 213, 1, NULL, NULL),
(2608, '021746', 'Santa Clara', 231, 27, 213, 1, NULL, NULL),
(2609, '021747', 'San Diego de Cabrutica', 231, 27, 213, 1, NULL, NULL),
(2610, '021748', 'Uverito', 231, 27, 213, 1, NULL, NULL),
(2611, '021749', 'Zuata', 231, 27, 213, 1, NULL, NULL),
(2612, '021850', 'Puerto La Cruz', 231, 27, 214, 1, NULL, NULL),
(2613, '021851', 'Pozuelos', 231, 27, 214, 1, NULL, NULL),
(2614, '021952', 'Onoto', 231, 27, 215, 1, NULL, NULL),
(2615, '021953', 'San Pablo', 231, 27, 215, 1, NULL, NULL),
(2616, '022054', 'San Mateo', 231, 27, 216, 1, NULL, NULL),
(2617, '022055', 'El Carito', 231, 27, 216, 1, NULL, NULL),
(2618, '022056', 'Santa Inés', 231, 27, 216, 1, NULL, NULL),
(2619, '022057', 'La Romereña', 231, 27, 216, 1, NULL, NULL),
(2620, '022158', 'Atapirire', 231, 27, 217, 1, NULL, NULL),
(2621, '022159', 'Boca del Pao', 231, 27, 217, 1, NULL, NULL),
(2622, '022160', 'El Pao', 231, 27, 217, 1, NULL, NULL),
(2623, '022161', 'Pariaguán', 231, 27, 217, 1, NULL, NULL),
(2624, '022262', 'Cantaura', 231, 27, 218, 1, NULL, NULL),
(2625, '022263', 'Libertador', 231, 27, 218, 1, NULL, NULL),
(2626, '022264', 'Santa Rosa', 231, 27, 218, 1, NULL, NULL),
(2627, '022265', 'Urica', 231, 27, 218, 1, NULL, NULL),
(2628, '022366', 'Píritu', 231, 27, 219, 1, NULL, NULL),
(2629, '022367', 'San Francisco', 231, 27, 219, 1, NULL, NULL),
(2630, '022468', 'San José de Guanipa', 231, 27, 220, 1, NULL, NULL),
(2631, '022569', 'Boca de Uchire', 231, 27, 221, 1, NULL, NULL),
(2632, '022570', 'Boca de Chávez', 231, 27, 221, 1, NULL, NULL),
(2633, '022671', 'Pueblo Nuevo', 231, 27, 222, 1, NULL, NULL),
(2634, '022672', 'Santa Ana', 231, 27, 222, 1, NULL, NULL),
(2635, '022773', 'Bergantín', 231, 27, 223, 1, NULL, NULL),
(2636, '022774', 'Caigua', 231, 27, 223, 1, NULL, NULL),
(2637, '022775', 'El Carmen', 231, 27, 223, 1, NULL, NULL),
(2638, '022776', 'El Pilar', 231, 27, 223, 1, NULL, NULL),
(2639, '022777', 'Naricual', 231, 27, 223, 1, NULL, NULL),
(2640, '022778', 'San Crsitóbal', 231, 27, 223, 1, NULL, NULL),
(2641, '022879', 'Edmundo Barrios', 231, 27, 224, 1, NULL, NULL),
(2642, '022880', 'Miguel Otero Silva', 231, 27, 224, 1, NULL, NULL),
(2643, '032981', 'Achaguas', 231, 28, 225, 1, NULL, NULL),
(2644, '032982', 'Apurito', 231, 28, 225, 1, NULL, NULL),
(2645, '032983', 'El Yagual', 231, 28, 225, 1, NULL, NULL),
(2646, '032984', 'Guachara', 231, 28, 225, 1, NULL, NULL),
(2647, '032985', 'Mucuritas', 231, 28, 225, 1, NULL, NULL),
(2648, '032986', 'Queseras del medio', 231, 28, 225, 1, NULL, NULL),
(2649, '033087', 'Biruaca', 231, 28, 226, 1, NULL, NULL),
(2650, '033188', 'Bruzual', 231, 28, 227, 1, NULL, NULL),
(2651, '033189', 'Mantecal', 231, 28, 227, 1, NULL, NULL),
(2652, '033190', 'Quintero', 231, 28, 227, 1, NULL, NULL),
(2653, '033191', 'Rincón Hondo', 231, 28, 227, 1, NULL, NULL),
(2654, '033192', 'San Vicente', 231, 28, 227, 1, NULL, NULL),
(2655, '033293', 'Guasdualito', 231, 28, 228, 1, NULL, NULL),
(2656, '033294', 'Aramendi', 231, 28, 228, 1, NULL, NULL),
(2657, '033295', 'El Amparo', 231, 28, 228, 1, NULL, NULL),
(2658, '033296', 'San Camilo', 231, 28, 228, 1, NULL, NULL),
(2659, '033297', 'Urdaneta', 231, 28, 228, 1, NULL, NULL),
(2660, '033398', 'San Juan de Payara', 231, 28, 229, 1, NULL, NULL),
(2661, '033399', 'Codazzi', 231, 28, 229, 1, NULL, NULL),
(2662, '033310', 'Cunaviche', 231, 28, 229, 1, NULL, NULL),
(2663, '033410', 'Elorza', 231, 28, 230, 1, NULL, NULL),
(2664, '033410', 'La Trinidad', 231, 28, 230, 1, NULL, NULL),
(2665, '033510', 'San Fernando', 231, 28, 231, 1, NULL, NULL),
(2666, '033510', 'El Recreo', 231, 28, 231, 1, NULL, NULL),
(2667, '033510', 'Peñalver', 231, 28, 231, 1, NULL, NULL),
(2668, '033510', 'San Rafael de Atamaica', 231, 28, 231, 1, NULL, NULL),
(2669, '043610', 'Pedro José Ovalles', 231, 29, 232, 1, NULL, NULL),
(2670, '043610', 'Joaquín Crespo', 231, 29, 232, 1, NULL, NULL),
(2671, '043610', 'José Casanova Godoy', 231, 29, 232, 1, NULL, NULL),
(2672, '043611', 'Madre María de San José', 231, 29, 232, 1, NULL, NULL),
(2673, '043611', 'Andrés Eloy Blanco', 231, 29, 232, 1, NULL, NULL),
(2674, '043611', 'Los Tacarigua', 231, 29, 232, 1, NULL, NULL),
(2675, '043611', 'Las Delicias', 231, 29, 232, 1, NULL, NULL),
(2676, '043611', 'Choroní', 231, 29, 232, 1, NULL, NULL),
(2677, '043711', 'Bolívar', 231, 29, 233, 1, NULL, NULL),
(2678, '043811', 'Camatagua', 231, 29, 234, 1, NULL, NULL),
(2679, '043811', 'Carmen de Cura', 231, 29, 234, 1, NULL, NULL),
(2680, '043911', 'Santa Rita', 231, 29, 235, 1, NULL, NULL),
(2681, '043911', 'Francisco de Miranda', 231, 29, 235, 1, NULL, NULL),
(2682, '043912', 'Moseñor Feliciano González', 231, 29, 235, 1, NULL, NULL),
(2683, '044012', 'Santa Cruz', 231, 29, 236, 1, NULL, NULL),
(2684, '044112', 'José Félix Ribas', 231, 29, 237, 1, NULL, NULL),
(2685, '044112', 'Castor Nieves Ríos', 231, 29, 237, 1, NULL, NULL),
(2686, '044112', 'Las Guacamayas', 231, 29, 237, 1, NULL, NULL),
(2687, '044112', 'Pao de Zárate', 231, 29, 237, 1, NULL, NULL),
(2688, '044112', 'Zuata', 231, 29, 237, 1, NULL, NULL),
(2689, '044212', 'José Rafael Revenga', 231, 29, 238, 1, NULL, NULL),
(2690, '044312', 'Palo Negro', 231, 29, 239, 1, NULL, NULL),
(2691, '044312', 'San Martín de Porres', 231, 29, 239, 1, NULL, NULL),
(2692, '044413', 'El Limón', 231, 29, 240, 1, NULL, NULL),
(2693, '044413', 'Caña de Azúcar', 231, 29, 240, 1, NULL, NULL),
(2694, '044513', 'Ocumare de la Costa', 231, 29, 241, 1, NULL, NULL),
(2695, '044613', 'San Casimiro', 231, 29, 242, 1, NULL, NULL),
(2696, '044613', 'Güiripa', 231, 29, 242, 1, NULL, NULL),
(2697, '044613', 'Ollas de Caramacate', 231, 29, 242, 1, NULL, NULL),
(2698, '044613', 'Valle Morín', 231, 29, 242, 1, NULL, NULL),
(2699, '044713', 'San Sebastían', 231, 29, 243, 1, NULL, NULL),
(2700, '044813', 'Turmero', 231, 29, 244, 1, NULL, NULL),
(2701, '044813', 'Arevalo Aponte', 231, 29, 244, 1, NULL, NULL),
(2702, '044814', 'Chuao', 231, 29, 244, 1, NULL, NULL),
(2703, '044814', 'Samán de Güere', 231, 29, 244, 1, NULL, NULL),
(2704, '044814', 'Alfredo Pacheco Miranda', 231, 29, 244, 1, NULL, NULL),
(2705, '044914', 'Santos Michelena', 231, 29, 245, 1, NULL, NULL),
(2706, '044914', 'Tiara', 231, 29, 245, 1, NULL, NULL),
(2707, '045014', 'Cagua', 231, 29, 246, 1, NULL, NULL),
(2708, '045014', 'Bella Vista', 231, 29, 246, 1, NULL, NULL),
(2709, '045114', 'Tovar', 231, 29, 247, 1, NULL, NULL),
(2710, '045214', 'Urdaneta', 231, 29, 248, 1, NULL, NULL),
(2711, '045214', 'Las Peñitas', 231, 29, 248, 1, NULL, NULL),
(2712, '045215', 'San Francisco de Cara', 231, 29, 248, 1, NULL, NULL),
(2713, '045215', 'Taguay', 231, 29, 248, 1, NULL, NULL),
(2714, '045315', 'Zamora', 231, 29, 249, 1, NULL, NULL),
(2715, '045315', 'Magdaleno', 231, 29, 249, 1, NULL, NULL),
(2716, '045315', 'San Francisco de Asís', 231, 29, 249, 1, NULL, NULL),
(2717, '045315', 'Valles de Tucutunemo', 231, 29, 249, 1, NULL, NULL),
(2718, '045315', 'Augusto Mijares', 231, 29, 249, 1, NULL, NULL),
(2719, '055415', 'Sabaneta', 231, 30, 250, 1, NULL, NULL),
(2720, '055415', 'Juan Antonio Rodríguez Domínguez', 231, 30, 250, 1, NULL, NULL),
(2721, '055515', 'El Cantón', 231, 30, 251, 1, NULL, NULL),
(2722, '055516', 'Santa Cruz de Guacas', 231, 30, 251, 1, NULL, NULL),
(2723, '055516', 'Puerto Vivas', 231, 30, 251, 1, NULL, NULL),
(2724, '055616', 'Ticoporo', 231, 30, 252, 1, NULL, NULL),
(2725, '055616', 'Nicolás Pulido', 231, 30, 252, 1, NULL, NULL),
(2726, '055616', 'Andrés Bello', 231, 30, 252, 1, NULL, NULL),
(2727, '055716', 'Arismendi', 231, 30, 253, 1, NULL, NULL),
(2728, '055716', 'Guadarrama', 231, 30, 253, 1, NULL, NULL),
(2729, '055716', 'La Unión', 231, 30, 253, 1, NULL, NULL),
(2730, '055716', 'San Antonio', 231, 30, 253, 1, NULL, NULL),
(2731, '055816', 'Barinas', 231, 30, 254, 1, NULL, NULL),
(2732, '055817', 'Alberto Arvelo Larriva', 231, 30, 254, 1, NULL, NULL),
(2733, '055817', 'San Silvestre', 231, 30, 254, 1, NULL, NULL),
(2734, '055817', 'Santa Inés', 231, 30, 254, 1, NULL, NULL),
(2735, '055817', 'Santa Lucía', 231, 30, 254, 1, NULL, NULL),
(2736, '055817', 'Torumos', 231, 30, 254, 1, NULL, NULL),
(2737, '055817', 'El Carmen', 231, 30, 254, 1, NULL, NULL),
(2738, '055817', 'Rómulo Betancourt', 231, 30, 254, 1, NULL, NULL),
(2739, '055817', 'Corazón de Jesús', 231, 30, 254, 1, NULL, NULL),
(2740, '055817', 'Ramón Ignacio Méndez', 231, 30, 254, 1, NULL, NULL),
(2741, '055817', 'Alto Barinas', 231, 30, 254, 1, NULL, NULL),
(2742, '055818', 'Manuel Palacio Fajardo', 231, 30, 254, 1, NULL, NULL),
(2743, '055818', 'Juan Antonio Rodríguez Domínguez', 231, 30, 254, 1, NULL, NULL),
(2744, '055818', 'Dominga Ortiz de Páez', 231, 30, 254, 1, NULL, NULL),
(2745, '055918', 'Barinitas', 231, 30, 255, 1, NULL, NULL),
(2746, '055918', 'Altamira de Cáceres', 231, 30, 255, 1, NULL, NULL),
(2747, '055918', 'Calderas', 231, 30, 255, 1, NULL, NULL),
(2748, '056018', 'Barrancas', 231, 30, 256, 1, NULL, NULL),
(2749, '056018', 'El Socorro', 231, 30, 256, 1, NULL, NULL),
(2750, '056018', 'Mazparrito', 231, 30, 256, 1, NULL, NULL),
(2751, '056118', 'Santa Bárbara', 231, 30, 257, 1, NULL, NULL),
(2752, '056119', 'Pedro Briceño Méndez', 231, 30, 257, 1, NULL, NULL),
(2753, '056119', 'Ramón Ignacio Méndez', 231, 30, 257, 1, NULL, NULL),
(2754, '056119', 'José Ignacio del Pumar', 231, 30, 257, 1, NULL, NULL),
(2755, '056219', 'Obispos', 231, 30, 258, 1, NULL, NULL),
(2756, '056219', 'Guasimitos', 231, 30, 258, 1, NULL, NULL),
(2757, '056219', 'El Real', 231, 30, 258, 1, NULL, NULL),
(2758, '056219', 'La Luz', 231, 30, 258, 1, NULL, NULL),
(2759, '056319', 'Ciudad Bolívia', 231, 30, 259, 1, NULL, NULL),
(2760, '056319', 'José Ignacio Briceño', 231, 30, 259, 1, NULL, NULL),
(2761, '056319', 'José Félix Ribas', 231, 30, 259, 1, NULL, NULL),
(2762, '056320', 'Páez', 231, 30, 259, 1, NULL, NULL),
(2763, '056420', 'Libertad', 231, 30, 260, 1, NULL, NULL),
(2764, '056420', 'Dolores', 231, 30, 260, 1, NULL, NULL),
(2765, '056420', 'Santa Rosa', 231, 30, 260, 1, NULL, NULL),
(2766, '056420', 'Palacio Fajardo', 231, 30, 260, 1, NULL, NULL),
(2767, '056520', 'Ciudad de Nutrias', 231, 30, 261, 1, NULL, NULL),
(2768, '056520', 'El Regalo', 231, 30, 261, 1, NULL, NULL),
(2769, '056520', 'Puerto Nutrias', 231, 30, 261, 1, NULL, NULL),
(2770, '056520', 'Santa Catalina', 231, 30, 261, 1, NULL, NULL),
(2771, '066620', 'Cachamay', 231, 31, 262, 1, NULL, NULL),
(2772, '066621', 'Chirica', 231, 31, 262, 1, NULL, NULL),
(2773, '066621', 'Dalla Costa', 231, 31, 262, 1, NULL, NULL),
(2774, '066621', 'Once de Abril', 231, 31, 262, 1, NULL, NULL),
(2775, '066621', 'Simón Bolívar', 231, 31, 262, 1, NULL, NULL),
(2776, '066621', 'Unare', 231, 31, 262, 1, NULL, NULL),
(2777, '066621', 'Universidad', 231, 31, 262, 1, NULL, NULL),
(2778, '066621', 'Vista al Sol', 231, 31, 262, 1, NULL, NULL),
(2779, '066621', 'Pozo Verde', 231, 31, 262, 1, NULL, NULL),
(2780, '066621', 'Yocoima', 231, 31, 262, 1, NULL, NULL),
(2781, '066621', '5 de Julio', 231, 31, 262, 1, NULL, NULL),
(2782, '066722', 'Cedeño', 231, 31, 263, 1, NULL, NULL),
(2783, '066722', 'Altagracia', 231, 31, 263, 1, NULL, NULL),
(2784, '066722', 'Ascensión Farreras', 231, 31, 263, 1, NULL, NULL),
(2785, '066722', 'Guaniamo', 231, 31, 263, 1, NULL, NULL),
(2786, '066722', 'La Urbana', 231, 31, 263, 1, NULL, NULL),
(2787, '066722', 'Pijiguaos', 231, 31, 263, 1, NULL, NULL),
(2788, '066822', 'El Callao', 231, 31, 264, 1, NULL, NULL),
(2789, '066922', 'Gran Sabana', 231, 31, 265, 1, NULL, NULL),
(2790, '066922', 'Ikabarú', 231, 31, 265, 1, NULL, NULL),
(2791, '067022', 'Catedral', 231, 31, 266, 1, NULL, NULL),
(2792, '067023', 'Zea', 231, 31, 266, 1, NULL, NULL),
(2793, '067023', 'Orinoco', 231, 31, 266, 1, NULL, NULL),
(2794, '067023', 'José Antonio Páez', 231, 31, 266, 1, NULL, NULL),
(2795, '067023', 'Marhuanta', 231, 31, 266, 1, NULL, NULL),
(2796, '067023', 'Agua Salada', 231, 31, 266, 1, NULL, NULL),
(2797, '067023', 'Vista Hermosa', 231, 31, 266, 1, NULL, NULL),
(2798, '067023', 'La Sabanita', 231, 31, 266, 1, NULL, NULL),
(2799, '067023', 'Panapana', 231, 31, 266, 1, NULL, NULL),
(2800, '067123', 'Andrés Eloy Blanco', 231, 31, 267, 1, NULL, NULL),
(2801, '067123', 'Pedro Cova', 231, 31, 267, 1, NULL, NULL),
(2802, '067224', 'Raúl Leoni', 231, 31, 268, 1, NULL, NULL),
(2803, '067224', 'Barceloneta', 231, 31, 268, 1, NULL, NULL),
(2804, '067224', 'Santa Bárbara', 231, 31, 268, 1, NULL, NULL),
(2805, '067224', 'San Francisco', 231, 31, 268, 1, NULL, NULL),
(2806, '067324', 'Roscio', 231, 31, 269, 1, NULL, NULL),
(2807, '067324', 'Salóm', 231, 31, 269, 1, NULL, NULL),
(2808, '067424', 'Sifontes', 231, 31, 270, 1, NULL, NULL),
(2809, '067424', 'Dalla Costa', 231, 31, 270, 1, NULL, NULL),
(2810, '067424', 'San Isidro', 231, 31, 270, 1, NULL, NULL),
(2811, '067524', 'Sucre', 231, 31, 271, 1, NULL, NULL),
(2812, '067525', 'Aripao', 231, 31, 271, 1, NULL, NULL),
(2813, '067525', 'Guarataro', 231, 31, 271, 1, NULL, NULL),
(2814, '067525', 'Las Majadas', 231, 31, 271, 1, NULL, NULL),
(2815, '067525', 'Moitaco', 231, 31, 271, 1, NULL, NULL),
(2816, '067625', 'Padre Pedro Chien', 231, 31, 272, 1, NULL, NULL),
(2817, '067625', 'Río Grande', 231, 31, 272, 1, NULL, NULL),
(2818, '077725', 'Bejuma', 231, 32, 273, 1, NULL, NULL),
(2819, '077725', 'Canoabo', 231, 32, 273, 1, NULL, NULL),
(2820, '077725', 'Simón Bolívar', 231, 32, 273, 1, NULL, NULL),
(2821, '077825', 'Güigüe', 231, 32, 274, 1, NULL, NULL),
(2822, '077826', 'Carabobo', 231, 32, 274, 1, NULL, NULL),
(2823, '077826', 'Tacarigua', 231, 32, 274, 1, NULL, NULL),
(2824, '077926', 'Mariara', 231, 32, 275, 1, NULL, NULL),
(2825, '077926', 'Aguas Calientes', 231, 32, 275, 1, NULL, NULL),
(2826, '078026', 'Ciudad Alianza', 231, 32, 276, 1, NULL, NULL),
(2827, '078026', 'Guacara', 231, 32, 276, 1, NULL, NULL),
(2828, '078026', 'Yagua', 231, 32, 276, 1, NULL, NULL),
(2829, '078126', 'Morón', 231, 32, 277, 1, NULL, NULL),
(2830, '078126', 'Yagua', 231, 32, 277, 1, NULL, NULL),
(2831, '078226', 'Tocuyito', 231, 32, 278, 1, NULL, NULL),
(2832, '078227', 'Independencia', 231, 32, 278, 1, NULL, NULL),
(2833, '078327', 'Los Guayos', 231, 32, 279, 1, NULL, NULL),
(2834, '078427', 'Miranda', 231, 32, 280, 1, NULL, NULL),
(2835, '078527', 'Montalbán', 231, 32, 281, 1, NULL, NULL),
(2836, '078627', 'Naguanagua', 231, 32, 282, 1, NULL, NULL),
(2837, '078727', 'Bartolomé Salóm', 231, 32, 283, 1, NULL, NULL),
(2838, '078727', 'Democracia', 231, 32, 283, 1, NULL, NULL),
(2839, '078727', 'Fraternidad', 231, 32, 283, 1, NULL, NULL),
(2840, '078727', 'Goaigoaza', 231, 32, 283, 1, NULL, NULL),
(2841, '078727', 'Juan José Flores', 231, 32, 283, 1, NULL, NULL),
(2842, '078728', 'Unión', 231, 32, 283, 1, NULL, NULL),
(2843, '078728', 'Borburata', 231, 32, 283, 1, NULL, NULL),
(2844, '078728', 'Patanemo', 231, 32, 283, 1, NULL, NULL),
(2845, '078828', 'San Diego', 231, 32, 284, 1, NULL, NULL),
(2846, '078928', 'San Joaquín', 231, 32, 285, 1, NULL, NULL),
(2847, '079028', 'Candelaria', 231, 32, 286, 1, NULL, NULL),
(2848, '079028', 'Catedral', 231, 32, 286, 1, NULL, NULL),
(2849, '079028', 'El Socorro', 231, 32, 286, 1, NULL, NULL),
(2850, '079028', 'Miguel Peña', 231, 32, 286, 1, NULL, NULL),
(2851, '079028', 'Rafael Urdaneta', 231, 32, 286, 1, NULL, NULL),
(2852, '079029', 'San Blas', 231, 32, 286, 1, NULL, NULL),
(2853, '079029', 'San José', 231, 32, 286, 1, NULL, NULL),
(2854, '079029', 'Santa Rosa', 231, 32, 286, 1, NULL, NULL),
(2855, '079029', 'Negro Primero', 231, 32, 286, 1, NULL, NULL),
(2856, '089129', 'Cojedes', 231, 33, 287, 1, NULL, NULL),
(2857, '089129', 'Juan de Mata Suárez', 231, 33, 287, 1, NULL, NULL),
(2858, '089229', 'Tinaquillo', 231, 33, 288, 1, NULL, NULL),
(2859, '089329', 'El Baúl', 231, 33, 289, 1, NULL, NULL),
(2860, '089329', 'Sucre', 231, 33, 289, 1, NULL, NULL),
(2861, '089429', 'La Aguadita', 231, 33, 290, 1, NULL, NULL),
(2862, '089430', 'Macapo', 231, 33, 290, 1, NULL, NULL),
(2863, '089530', 'El Pao', 231, 33, 291, 1, NULL, NULL),
(2864, '089630', 'El Amparo', 231, 33, 292, 1, NULL, NULL),
(2865, '089630', 'Libertad de Cojedes', 231, 33, 292, 1, NULL, NULL),
(2866, '089730', 'Rómulo Gallegos', 231, 33, 293, 1, NULL, NULL),
(2867, '089830', 'San Carlos de Austria', 231, 33, 294, 1, NULL, NULL),
(2868, '089830', 'Juan Ángel Bravo', 231, 33, 294, 1, NULL, NULL),
(2869, '089830', 'Manuel Manrique', 231, 33, 294, 1, NULL, NULL),
(2870, '089930', 'General en Jefe José Laurencio Silva', 231, 33, 295, 1, NULL, NULL),
(2871, '241030', 'Curiapo', 231, 49, 296, 1, NULL, NULL),
(2872, '241031', 'Almirante Luis Brión', 231, 49, 296, 1, NULL, NULL),
(2873, '241031', 'Francisco Aniceto Lugo', 231, 49, 296, 1, NULL, NULL),
(2874, '241031', 'Manuel Renaud', 231, 49, 296, 1, NULL, NULL),
(2875, '241031', 'Padre Barral', 231, 49, 296, 1, NULL, NULL),
(2876, '241031', 'Santos de Abelgas', 231, 49, 296, 1, NULL, NULL),
(2877, '241031', 'Imataca', 231, 49, 297, 1, NULL, NULL),
(2878, '241031', 'Cinco de Julio', 231, 49, 297, 1, NULL, NULL),
(2879, '241031', 'Juan Bautista Arismendi', 231, 49, 297, 1, NULL, NULL),
(2880, '241031', 'Manuel Piar', 231, 49, 297, 1, NULL, NULL),
(2881, '241031', 'Rómulo Gallegos', 231, 49, 297, 1, NULL, NULL),
(2882, '241032', 'Pedernales', 231, 49, 298, 1, NULL, NULL),
(2883, '241032', 'Luis Beltrán Prieto Figueroa', 231, 49, 298, 1, NULL, NULL),
(2884, '241032', 'San José (Delta Amacuro)', 231, 49, 299, 1, NULL, NULL),
(2885, '241032', 'José Vidal Marcano', 231, 49, 299, 1, NULL, NULL),
(2886, '241032', 'Juan Millán', 231, 49, 299, 1, NULL, NULL),
(2887, '241032', 'Leonardo Ruíz Pineda', 231, 49, 299, 1, NULL, NULL),
(2888, '241032', 'Mariscal Antonio José de Sucre', 231, 49, 299, 1, NULL, NULL),
(2889, '241032', 'Monseñor Argimiro García', 231, 49, 299, 1, NULL, NULL),
(2890, '241032', 'San Rafael (Delta Amacuro)', 231, 49, 299, 1, NULL, NULL),
(2891, '241032', 'Virgen del Valle', 231, 49, 299, 1, NULL, NULL),
(2892, '091033', 'Capadare', 231, 34, 300, 1, NULL, NULL),
(2893, '091033', 'La Pastora', 231, 34, 300, 1, NULL, NULL),
(2894, '091033', 'Libertador', 231, 34, 300, 1, NULL, NULL),
(2895, '091033', 'San Juan de los Cayos', 231, 34, 300, 1, NULL, NULL),
(2896, '091033', 'Aracua', 231, 34, 301, 1, NULL, NULL),
(2897, '091033', 'La Peña', 231, 34, 301, 1, NULL, NULL),
(2898, '091033', 'San Luis', 231, 34, 301, 1, NULL, NULL),
(2899, '091034', 'Bariro', 231, 34, 302, 1, NULL, NULL),
(2900, '091034', 'Borojó', 231, 34, 302, 1, NULL, NULL),
(2901, '091034', 'Capatárida', 231, 34, 302, 1, NULL, NULL),
(2902, '091034', 'Guajiro', 231, 34, 302, 1, NULL, NULL),
(2903, '091034', 'Seque', 231, 34, 302, 1, NULL, NULL),
(2904, '091034', 'Zazárida', 231, 34, 302, 1, NULL, NULL),
(2905, '091034', 'Valle de Eroa', 231, 34, 302, 1, NULL, NULL),
(2906, '091034', 'Cacique Manaure', 231, 34, 303, 1, NULL, NULL),
(2907, '091034', 'Norte', 231, 34, 304, 1, NULL, NULL),
(2908, '091034', 'Carirubana', 231, 34, 304, 1, NULL, NULL),
(2909, '091035', 'Santa Ana', 231, 34, 304, 1, NULL, NULL),
(2910, '091035', 'Urbana Punta Cardón', 231, 34, 304, 1, NULL, NULL),
(2911, '091035', 'La Vela de Coro', 231, 34, 305, 1, NULL, NULL),
(2912, '091035', 'Acurigua', 231, 34, 305, 1, NULL, NULL),
(2913, '091035', 'Guaibacoa', 231, 34, 305, 1, NULL, NULL),
(2914, '091035', 'Las Calderas', 231, 34, 305, 1, NULL, NULL),
(2915, '091035', 'Macoruca', 231, 34, 305, 1, NULL, NULL),
(2916, '091135', 'Dabajuro', 231, 34, 306, 1, NULL, NULL),
(2917, '091135', 'Agua Clara', 231, 34, 307, 1, NULL, NULL),
(2918, '091135', 'Avaria', 231, 34, 307, 1, NULL, NULL),
(2919, '091136', 'Pedregal', 231, 34, 307, 1, NULL, NULL),
(2920, '091136', 'Piedra Grande', 231, 34, 307, 1, NULL, NULL),
(2921, '091136', 'Purureche', 231, 34, 307, 1, NULL, NULL),
(2922, '091136', 'Adaure', 231, 34, 308, 1, NULL, NULL),
(2923, '091136', 'Adícora', 231, 34, 308, 1, NULL, NULL),
(2924, '091136', 'Baraived', 231, 34, 308, 1, NULL, NULL),
(2925, '091136', 'Buena Vista', 231, 34, 308, 1, NULL, NULL),
(2926, '091136', 'Jadacaquiva', 231, 34, 308, 1, NULL, NULL),
(2927, '091136', 'El Vínculo', 231, 34, 308, 1, NULL, NULL),
(2928, '091136', 'El Hato', 231, 34, 308, 1, NULL, NULL),
(2929, '091137', 'Moruy', 231, 34, 308, 1, NULL, NULL),
(2930, '091137', 'Pueblo Nuevo', 231, 34, 308, 1, NULL, NULL),
(2931, '091137', 'Agua Larga', 231, 34, 309, 1, NULL, NULL),
(2932, '091137', 'El Paují', 231, 34, 309, 1, NULL, NULL),
(2933, '091137', 'Independencia', 231, 34, 309, 1, NULL, NULL),
(2934, '091137', 'Mapararí', 231, 34, 309, 1, NULL, NULL),
(2935, '091141', 'Churuguara', 231, 34, 309, 1, NULL, NULL),
(2936, '091137', 'Agua Linda', 231, 34, 310, 1, NULL, NULL),
(2937, '091137', 'Araurima', 231, 34, 310, 1, NULL, NULL),
(2938, '091137', 'Jacura', 231, 34, 310, 1, NULL, NULL),
(2939, '091137', 'Tucacas', 231, 34, 311, 1, NULL, NULL),
(2940, '091138', 'Boca de Aroa', 231, 34, 311, 1, NULL, NULL),
(2941, '091138', 'Los Taques', 231, 34, 312, 1, NULL, NULL),
(2942, '091138', 'Judibana', 231, 34, 312, 1, NULL, NULL),
(2943, '091138', 'Mene de Mauroa', 231, 34, 313, 1, NULL, NULL),
(2944, '091138', 'San Félix', 231, 34, 313, 1, NULL, NULL),
(2945, '091138', 'Casigua', 231, 34, 313, 1, NULL, NULL),
(2946, '091138', 'Guzmán Guillermo', 231, 34, 314, 1, NULL, NULL),
(2947, '091138', 'Mitare', 231, 34, 314, 1, NULL, NULL),
(2948, '091138', 'Río Seco', 231, 34, 314, 1, NULL, NULL),
(2949, '091138', 'Sabaneta', 231, 34, 314, 1, NULL, NULL),
(2950, '091139', 'San Antonio', 231, 34, 314, 1, NULL, NULL),
(2951, '091139', 'San Gabriel', 231, 34, 314, 1, NULL, NULL),
(2952, '091139', 'Santa Ana', 231, 34, 314, 1, NULL, NULL),
(2953, '091139', 'Boca del Tocuyo', 231, 34, 315, 1, NULL, NULL),
(2954, '091139', 'Chichiriviche', 231, 34, 315, 1, NULL, NULL),
(2955, '091139', 'Tocuyo de la Costa', 231, 34, 315, 1, NULL, NULL),
(2956, '091239', 'Palmasola', 231, 34, 316, 1, NULL, NULL),
(2957, '091239', 'Cabure', 231, 34, 317, 1, NULL, NULL),
(2958, '091239', 'Colina', 231, 34, 317, 1, NULL, NULL),
(2959, '091239', 'Curimagua', 231, 34, 317, 1, NULL, NULL),
(2960, '091240', 'San José de la Costa', 231, 34, 318, 1, NULL, NULL),
(2961, '091240', 'Píritu', 231, 34, 318, 1, NULL, NULL),
(2962, '091240', 'San Francisco', 231, 34, 319, 1, NULL, NULL),
(2963, '091240', 'Sucre', 231, 34, 320, 1, NULL, NULL),
(2964, '091240', 'Pecaya', 231, 34, 320, 1, NULL, NULL),
(2965, '091240', 'Tocópero', 231, 34, 321, 1, NULL, NULL),
(2966, '091240', 'El Charal', 231, 34, 322, 1, NULL, NULL),
(2967, '091240', 'Las Vegas del Tuy', 231, 34, 322, 1, NULL, NULL),
(2968, '091240', 'Santa Cruz de Bucaral', 231, 34, 322, 1, NULL, NULL),
(2969, '091240', 'Bruzual', 231, 34, 323, 1, NULL, NULL),
(2970, '091241', 'Urumaco', 231, 34, 323, 1, NULL, NULL),
(2971, '091241', 'Puerto Cumarebo', 231, 34, 324, 1, NULL, NULL),
(2972, '091241', 'La Ciénaga', 231, 34, 324, 1, NULL, NULL),
(2973, '091241', 'La Soledad', 231, 34, 324, 1, NULL, NULL),
(2974, '091241', 'Pueblo Cumarebo', 231, 34, 324, 1, NULL, NULL),
(2975, '091241', 'Zazárida', 231, 34, 324, 1, NULL, NULL),
(2976, '101241', 'Camaguán', 231, 35, 325, 1, NULL, NULL),
(2977, '101241', 'Puerto Miranda', 231, 35, 325, 1, NULL, NULL),
(2978, '101241', 'Uverito', 231, 35, 325, 1, NULL, NULL),
(2979, '101342', 'Chaguaramas', 231, 35, 326, 1, NULL, NULL),
(2980, '101342', 'El Socorro', 231, 35, 327, 1, NULL, NULL),
(2981, '101342', 'Tucupido', 231, 35, 328, 1, NULL, NULL),
(2982, '101342', 'San Rafael de Laya', 231, 35, 328, 1, NULL, NULL),
(2983, '101342', 'Altagracia de Orituco', 231, 35, 329, 1, NULL, NULL),
(2984, '101342', 'San Rafael de Orituco', 231, 35, 329, 1, NULL, NULL),
(2985, '101342', 'San Francisco Javier de Lezama', 231, 35, 329, 1, NULL, NULL),
(2986, '101342', 'Paso Real de Macaira', 231, 35, 329, 1, NULL, NULL),
(2987, '101342', 'Carlos Soublette', 231, 35, 329, 1, NULL, NULL),
(2988, '101342', 'San Francisco de Macaira', 231, 35, 329, 1, NULL, NULL),
(2989, '101343', 'Libertad de Orituco', 231, 35, 329, 1, NULL, NULL),
(2990, '101343', 'Cantaclaro', 231, 35, 330, 1, NULL, NULL),
(2991, '101343', 'San Juan de los Morros', 231, 35, 330, 1, NULL, NULL),
(2992, '101343', 'Parapara', 231, 35, 330, 1, NULL, NULL),
(2993, '101343', 'El Sombrero', 231, 35, 331, 1, NULL, NULL),
(2994, '101343', 'Sosa', 231, 35, 331, 1, NULL, NULL),
(2995, '101343', 'Las Mercedes', 231, 35, 332, 1, NULL, NULL),
(2996, '101343', 'Cabruta', 231, 35, 332, 1, NULL, NULL),
(2997, '101343', 'Santa Rita de Manapire', 231, 35, 332, 1, NULL, NULL),
(2998, '101343', 'Valle de la Pascua', 231, 35, 333, 1, NULL, NULL),
(2999, '101344', 'Espino', 231, 35, 333, 1, NULL, NULL),
(3000, '101344', 'San José de Unare', 231, 35, 334, 1, NULL, NULL),
(3001, '101344', 'Zaraza', 231, 35, 334, 1, NULL, NULL),
(3002, '101344', 'San José de Tiznados', 231, 35, 335, 1, NULL, NULL),
(3003, '101344', 'San Francisco de Tiznados', 231, 35, 335, 1, NULL, NULL),
(3004, '101344', 'San Lorenzo de Tiznados', 231, 35, 335, 1, NULL, NULL),
(3005, '101344', 'Ortiz', 231, 35, 335, 1, NULL, NULL),
(3006, '101444', 'Guayabal', 231, 35, 336, 1, NULL, NULL),
(3007, '101444', 'Cazorla', 231, 35, 336, 1, NULL, NULL),
(3008, '101444', 'San José de Guaribe', 231, 35, 337, 1, NULL, NULL),
(3009, '101445', 'Uveral', 231, 35, 337, 1, NULL, NULL),
(3010, '101445', 'Santa María de Ipire', 231, 35, 338, 1, NULL, NULL),
(3011, '101445', 'Altamira', 231, 35, 338, 1, NULL, NULL),
(3012, '101445', 'El Calvario', 231, 35, 339, 1, NULL, NULL),
(3013, '101445', 'El Rastro', 231, 35, 339, 1, NULL, NULL),
(3014, '101445', 'Guardatinajas', 231, 35, 339, 1, NULL, NULL),
(3015, '101445', 'Capital Urbana Calabozo', 231, 35, 339, 1, NULL, NULL),
(3016, '111445', 'Quebrada Honda de Guache', 231, 36, 340, 1, NULL, NULL),
(3017, '111445', 'Pío Tamayo', 231, 36, 340, 1, NULL, NULL),
(3018, '111445', 'Yacambú', 231, 36, 340, 1, NULL, NULL),
(3019, '111446', 'Fréitez', 231, 36, 341, 1, NULL, NULL),
(3020, '111446', 'José María Blanco', 231, 36, 341, 1, NULL, NULL),
(3021, '111446', 'Catedral', 231, 36, 342, 1, NULL, NULL),
(3022, '111446', 'Concepción', 231, 36, 342, 1, NULL, NULL),
(3023, '111446', 'El Cují', 231, 36, 342, 1, NULL, NULL),
(3024, '111446', 'Juan de Villegas', 231, 36, 342, 1, NULL, NULL),
(3025, '111446', 'Santa Rosa', 231, 36, 342, 1, NULL, NULL),
(3026, '111446', 'Tamaca', 231, 36, 342, 1, NULL, NULL),
(3027, '111446', 'Unión', 231, 36, 342, 1, NULL, NULL),
(3028, '111446', 'Aguedo Felipe Alvarado', 231, 36, 342, 1, NULL, NULL),
(3029, '111447', 'Buena Vista', 231, 36, 342, 1, NULL, NULL),
(3030, '111447', 'Juárez', 231, 36, 342, 1, NULL, NULL),
(3031, '111447', 'Juan Bautista Rodríguez', 231, 36, 343, 1, NULL, NULL),
(3032, '111447', 'Cuara', 231, 36, 343, 1, NULL, NULL),
(3033, '111447', 'Diego de Lozada', 231, 36, 343, 1, NULL, NULL),
(3034, '111447', 'Paraíso de San José', 231, 36, 343, 1, NULL, NULL),
(3035, '111447', 'San Miguel', 231, 36, 343, 1, NULL, NULL),
(3036, '111447', 'Tintorero', 231, 36, 343, 1, NULL, NULL),
(3037, '111447', 'José Bernardo Dorante', 231, 36, 343, 1, NULL, NULL),
(3038, '111447', 'Coronel Mariano Peraza ', 231, 36, 343, 1, NULL, NULL),
(3039, '111448', 'Bolívar', 231, 36, 344, 1, NULL, NULL),
(3040, '111448', 'Anzoátegui', 231, 36, 344, 1, NULL, NULL),
(3041, '111448', 'Guarico', 231, 36, 344, 1, NULL, NULL),
(3042, '111448', 'Hilario Luna y Luna', 231, 36, 344, 1, NULL, NULL),
(3043, '111448', 'Humocaro Alto', 231, 36, 344, 1, NULL, NULL),
(3044, '111448', 'Humocaro Bajo', 231, 36, 344, 1, NULL, NULL),
(3045, '111448', 'La Candelaria', 231, 36, 344, 1, NULL, NULL),
(3046, '111448', 'Morán', 231, 36, 344, 1, NULL, NULL),
(3047, '111448', 'Cabudare', 231, 36, 345, 1, NULL, NULL),
(3048, '111448', 'José Gregorio Bastidas', 231, 36, 345, 1, NULL, NULL),
(3049, '111449', 'Agua Viva', 231, 36, 345, 1, NULL, NULL),
(3050, '111549', 'Sarare', 231, 36, 346, 1, NULL, NULL),
(3051, '111549', 'Buría', 231, 36, 346, 1, NULL, NULL),
(3052, '111549', 'Gustavo Vegas León', 231, 36, 346, 1, NULL, NULL),
(3053, '111549', 'Trinidad Samuel', 231, 36, 347, 1, NULL, NULL),
(3054, '111549', 'Antonio Díaz', 231, 36, 347, 1, NULL, NULL),
(3055, '111549', 'Camacaro', 231, 36, 347, 1, NULL, NULL),
(3056, '111549', 'Castañeda', 231, 36, 347, 1, NULL, NULL),
(3057, '111549', 'Cecilio Zubillaga', 231, 36, 347, 1, NULL, NULL),
(3058, '111549', 'Chiquinquirá', 231, 36, 347, 1, NULL, NULL),
(3059, '111550', 'El Blanco', 231, 36, 347, 1, NULL, NULL),
(3060, '111550', 'Espinoza de los Monteros', 231, 36, 347, 1, NULL, NULL),
(3061, '111550', 'Lara', 231, 36, 347, 1, NULL, NULL),
(3062, '111550', 'Las Mercedes', 231, 36, 347, 1, NULL, NULL),
(3063, '111550', 'Manuel Morillo', 231, 36, 347, 1, NULL, NULL),
(3064, '111550', 'Montaña Verde', 231, 36, 347, 1, NULL, NULL),
(3065, '111550', 'Montes de Oca', 231, 36, 347, 1, NULL, NULL),
(3066, '111550', 'Torres', 231, 36, 347, 1, NULL, NULL),
(3067, '111550', 'Heriberto Arroyo', 231, 36, 347, 1, NULL, NULL),
(3068, '111550', 'Reyes Vargas', 231, 36, 347, 1, NULL, NULL),
(3069, '111551', 'Altagracia', 231, 36, 347, 1, NULL, NULL),
(3070, '111551', 'Siquisique', 231, 36, 348, 1, NULL, NULL),
(3071, '111551', 'Moroturo', 231, 36, 348, 1, NULL, NULL),
(3072, '111551', 'San Miguel', 231, 36, 348, 1, NULL, NULL),
(3073, '111551', 'Xaguas', 231, 36, 348, 1, NULL, NULL),
(3074, '121751', 'Presidente Betancourt', 231, 37, 349, 1, NULL, NULL),
(3075, '121751', 'Presidente Páez', 231, 37, 349, 1, NULL, NULL),
(3076, '121751', 'Presidente Rómulo Gallegos', 231, 37, 349, 1, NULL, NULL),
(3077, '121751', 'Gabriel Picón González', 231, 37, 349, 1, NULL, NULL),
(3078, '121751', 'Héctor Amable Mora', 231, 37, 349, 1, NULL, NULL),
(3079, '121752', 'José Nucete Sardi', 231, 37, 349, 1, NULL, NULL),
(3080, '121752', 'Pulido Méndez', 231, 37, 349, 1, NULL, NULL),
(3081, '121852', 'La Azulita', 231, 37, 350, 1, NULL, NULL),
(3082, '121852', 'Santa Cruz de Mora', 231, 37, 351, 1, NULL, NULL),
(3083, '121852', 'Mesa Bolívar', 231, 37, 351, 1, NULL, NULL),
(3084, '121852', 'Mesa de Las Palmas', 231, 37, 351, 1, NULL, NULL),
(3085, '121852', 'Aricagua', 231, 37, 352, 1, NULL, NULL),
(3086, '121852', 'San Antonio', 231, 37, 352, 1, NULL, NULL),
(3087, '121852', 'Canagua', 231, 37, 353, 1, NULL, NULL),
(3088, '121852', 'Capurí', 231, 37, 353, 1, NULL, NULL),
(3089, '121853', 'Chacantá', 231, 37, 353, 1, NULL, NULL),
(3090, '121853', 'El Molino', 231, 37, 353, 1, NULL, NULL),
(3091, '121853', 'Guaimaral', 231, 37, 353, 1, NULL, NULL),
(3092, '121853', 'Mucutuy', 231, 37, 353, 1, NULL, NULL),
(3093, '121853', 'Mucuchachí', 231, 37, 353, 1, NULL, NULL),
(3094, '121853', 'Fernández Peña', 231, 37, 354, 1, NULL, NULL),
(3095, '121853', 'Matriz', 231, 37, 354, 1, NULL, NULL),
(3096, '121853', 'Montalbán', 231, 37, 354, 1, NULL, NULL),
(3097, '121853', 'Acequias', 231, 37, 354, 1, NULL, NULL),
(3098, '121853', 'Jají', 231, 37, 354, 1, NULL, NULL),
(3099, '121854', 'La Mesa', 231, 37, 354, 1, NULL, NULL),
(3100, '121854', 'San José del Sur', 231, 37, 354, 1, NULL, NULL),
(3101, '121854', 'Tucaní', 231, 37, 355, 1, NULL, NULL),
(3102, '121854', 'Florencio Ramírez', 231, 37, 355, 1, NULL, NULL),
(3103, '121854', 'Santo Domingo', 231, 37, 356, 1, NULL, NULL),
(3104, '121854', 'Las Piedras', 231, 37, 356, 1, NULL, NULL),
(3105, '121854', 'Guaraque', 231, 37, 357, 1, NULL, NULL),
(3106, '121854', 'Mesa de Quintero', 231, 37, 357, 1, NULL, NULL),
(3107, '121854', 'Río Negro', 231, 37, 357, 1, NULL, NULL),
(3108, '121854', 'Arapuey', 231, 37, 358, 1, NULL, NULL),
(3109, '121855', 'Palmira', 231, 37, 358, 1, NULL, NULL),
(3110, '121855', 'San Cristóbal de Torondoy', 231, 37, 359, 1, NULL, NULL),
(3111, '121855', 'Torondoy', 231, 37, 359, 1, NULL, NULL),
(3112, '121955', 'Antonio Spinetti Dini', 231, 37, 360, 1, NULL, NULL),
(3113, '121955', 'Arias', 231, 37, 360, 1, NULL, NULL),
(3114, '121955', 'Caracciolo Parra Pérez', 231, 37, 360, 1, NULL, NULL),
(3115, '121955', 'Domingo Peña', 231, 37, 360, 1, NULL, NULL),
(3116, '121955', 'El Llano', 231, 37, 360, 1, NULL, NULL),
(3117, '121955', 'Gonzalo Picón Febres', 231, 37, 360, 1, NULL, NULL),
(3118, '121955', 'Jacinto Plaza', 231, 37, 360, 1, NULL, NULL),
(3119, '121956', 'Juan Rodríguez Suárez', 231, 37, 360, 1, NULL, NULL),
(3120, '121956', 'Lasso de la Vega', 231, 37, 360, 1, NULL, NULL),
(3121, '121956', 'Mariano Picón Salas', 231, 37, 360, 1, NULL, NULL),
(3122, '121956', 'Milla', 231, 37, 360, 1, NULL, NULL),
(3123, '121956', 'Osuna Rodríguez', 231, 37, 360, 1, NULL, NULL),
(3124, '121956', 'Sagrario', 231, 37, 360, 1, NULL, NULL),
(3125, '121956', 'El Morro', 231, 37, 360, 1, NULL, NULL),
(3126, '121956', 'Los Nevados', 231, 37, 360, 1, NULL, NULL),
(3127, '121956', 'Andrés Eloy Blanco', 231, 37, 361, 1, NULL, NULL),
(3128, '121956', 'La Venta', 231, 37, 361, 1, NULL, NULL),
(3129, '121957', 'Piñango', 231, 37, 361, 1, NULL, NULL),
(3130, '121957', 'Timotes', 231, 37, 361, 1, NULL, NULL),
(3131, '121957', 'Eloy Paredes', 231, 37, 362, 1, NULL, NULL),
(3132, '121957', 'San Rafael de Alcázar', 231, 37, 362, 1, NULL, NULL),
(3133, '121957', 'Santa Elena de Arenales', 231, 37, 362, 1, NULL, NULL),
(3134, '121957', 'Santa María de Caparo', 231, 37, 363, 1, NULL, NULL),
(3135, '121957', 'Pueblo Llano', 231, 37, 364, 1, NULL, NULL),
(3136, '121957', 'Cacute', 231, 37, 365, 1, NULL, NULL),
(3137, '121957', 'La Toma', 231, 37, 365, 1, NULL, NULL),
(3138, '121957', 'Mucuchíes', 231, 37, 365, 1, NULL, NULL),
(3139, '121958', 'Mucurubá', 231, 37, 365, 1, NULL, NULL),
(3140, '121958', 'San Rafael', 231, 37, 365, 1, NULL, NULL),
(3141, '121958', 'Gerónimo Maldonado', 231, 37, 366, 1, NULL, NULL),
(3142, '121958', 'Bailadores', 231, 37, 366, 1, NULL, NULL),
(3143, '121958', 'Tabay', 231, 37, 367, 1, NULL, NULL),
(3144, '121958', 'Chiguará', 231, 37, 368, 1, NULL, NULL),
(3145, '121958', 'Estánquez', 231, 37, 368, 1, NULL, NULL),
(3146, '121958', 'Lagunillas', 231, 37, 368, 1, NULL, NULL),
(3147, '121958', 'La Trampa', 231, 37, 368, 1, NULL, NULL),
(3148, '121958', 'Pueblo Nuevo del Sur', 231, 37, 368, 1, NULL, NULL),
(3149, '121959', 'San Juan', 231, 37, 368, 1, NULL, NULL),
(3150, '121959', 'El Amparo', 231, 37, 369, 1, NULL, NULL),
(3151, '121959', 'El Llano', 231, 37, 369, 1, NULL, NULL),
(3152, '121959', 'San Francisco', 231, 37, 369, 1, NULL, NULL),
(3153, '121959', 'Tovar', 231, 37, 369, 1, NULL, NULL),
(3154, '122059', 'Independencia', 231, 37, 370, 1, NULL, NULL),
(3155, '122059', 'María de la Concepción Palacios Blanco', 231, 37, 370, 1, NULL, NULL),
(3156, '122059', 'Nueva Bolivia', 231, 37, 370, 1, NULL, NULL),
(3157, '122059', 'Santa Apolonia', 231, 37, 370, 1, NULL, NULL),
(3158, '122059', 'Caño El Tigre', 231, 37, 371, 1, NULL, NULL),
(3159, '122060', 'Zea', 231, 37, 371, 1, NULL, NULL),
(3160, '132260', 'Aragüita', 231, 38, 372, 1, NULL, NULL),
(3161, '132260', 'Arévalo González', 231, 38, 372, 1, NULL, NULL),
(3162, '132260', 'Capaya', 231, 38, 372, 1, NULL, NULL),
(3163, '132260', 'Caucagua', 231, 38, 372, 1, NULL, NULL),
(3164, '132260', 'Panaquire', 231, 38, 372, 1, NULL, NULL),
(3165, '132260', 'Ribas', 231, 38, 372, 1, NULL, NULL),
(3166, '132260', 'El Café', 231, 38, 372, 1, NULL, NULL),
(3167, '132260', 'Marizapa', 231, 38, 372, 1, NULL, NULL),
(3168, '132260', 'Cumbo', 231, 38, 373, 1, NULL, NULL),
(3169, '132261', 'San José de Barlovento', 231, 38, 373, 1, NULL, NULL),
(3170, '132261', 'El Cafetal', 231, 38, 374, 1, NULL, NULL),
(3171, '132261', 'Las Minas', 231, 38, 374, 1, NULL, NULL),
(3172, '132261', 'Nuestra Señora del Rosario', 231, 38, 374, 1, NULL, NULL),
(3173, '132261', 'Higuerote', 231, 38, 375, 1, NULL, NULL),
(3174, '132261', 'Curiepe', 231, 38, 375, 1, NULL, NULL),
(3175, '132261', 'Tacarigua de Brión', 231, 38, 375, 1, NULL, NULL),
(3176, '132261', 'Mamporal', 231, 38, 376, 1, NULL, NULL),
(3177, '132261', 'Carrizal', 231, 38, 377, 1, NULL, NULL),
(3178, '132261', 'Chacao', 231, 38, 378, 1, NULL, NULL),
(3179, '132362', 'Charallave', 231, 38, 379, 1, NULL, NULL),
(3180, '132362', 'Las Brisas', 231, 38, 379, 1, NULL, NULL),
(3181, '132362', 'El Hatillo', 231, 38, 380, 1, NULL, NULL),
(3182, '132362', 'Altagracia de la Montaña', 231, 38, 381, 1, NULL, NULL),
(3183, '132362', 'Cecilio Acosta', 231, 38, 381, 1, NULL, NULL),
(3184, '132362', 'Los Teques', 231, 38, 381, 1, NULL, NULL),
(3185, '132362', 'El Jarillo', 231, 38, 381, 1, NULL, NULL),
(3186, '132362', 'San Pedro', 231, 38, 381, 1, NULL, NULL),
(3187, '132362', 'Tácata', 231, 38, 381, 1, NULL, NULL),
(3188, '132362', 'Paracotos', 231, 38, 381, 1, NULL, NULL),
(3189, '132363', 'Cartanal', 231, 38, 382, 1, NULL, NULL),
(3190, '132363', 'Santa Teresa del Tuy', 231, 38, 382, 1, NULL, NULL),
(3191, '132363', 'La Democracia', 231, 38, 383, 1, NULL, NULL),
(3192, '132363', 'Ocumare del Tuy', 231, 38, 383, 1, NULL, NULL),
(3193, '132363', 'Santa Bárbara', 231, 38, 383, 1, NULL, NULL),
(3194, '132363', 'San Antonio de los Altos', 231, 38, 384, 1, NULL, NULL),
(3195, '132363', 'Río Chico', 231, 38, 385, 1, NULL, NULL),
(3196, '132363', 'El Guapo', 231, 38, 385, 1, NULL, NULL),
(3197, '132363', 'Tacarigua de la Laguna', 231, 38, 385, 1, NULL, NULL),
(3198, '132363', 'Paparo', 231, 38, 385, 1, NULL, NULL),
(3199, '132364', 'San Fernando del Guapo', 231, 38, 385, 1, NULL, NULL),
(3200, '132364', 'Santa Lucía del Tuy', 231, 38, 386, 1, NULL, NULL),
(3201, '132364', 'Cúpira', 231, 38, 387, 1, NULL, NULL),
(3202, '132364', 'Machurucuto', 231, 38, 387, 1, NULL, NULL),
(3203, '132364', 'Guarenas', 231, 38, 388, 1, NULL, NULL),
(3204, '132464', 'San Antonio de Yare', 231, 38, 389, 1, NULL, NULL),
(3205, '132464', 'San Francisco de Yare', 231, 38, 389, 1, NULL, NULL),
(3206, '132464', 'Leoncio Martínez', 231, 38, 390, 1, NULL, NULL),
(3207, '132464', 'Petare', 231, 38, 390, 1, NULL, NULL),
(3208, '132464', 'Caucagüita', 231, 38, 390, 1, NULL, NULL),
(3209, '132465', 'Filas de Mariche', 231, 38, 390, 1, NULL, NULL),
(3210, '132465', 'La Dolorita', 231, 38, 390, 1, NULL, NULL),
(3211, '132465', 'Cúa', 231, 38, 391, 1, NULL, NULL),
(3212, '132465', 'Nueva Cúa', 231, 38, 391, 1, NULL, NULL),
(3213, '132465', 'Guatire', 231, 38, 392, 1, NULL, NULL),
(3214, '132465', 'Bolívar', 231, 38, 392, 1, NULL, NULL),
(3215, '142565', 'San Antonio de Maturín', 231, 39, 393, 1, NULL, NULL),
(3216, '142565', 'San Francisco de Maturín', 231, 39, 393, 1, NULL, NULL),
(3217, '142565', 'Aguasay', 231, 39, 394, 1, NULL, NULL),
(3218, '142665', 'Caripito', 231, 39, 395, 1, NULL, NULL),
(3219, '142666', 'El Guácharo', 231, 39, 396, 1, NULL, NULL),
(3220, '142666', 'La Guanota', 231, 39, 396, 1, NULL, NULL),
(3221, '142666', 'Sabana de Piedra', 231, 39, 396, 1, NULL, NULL),
(3222, '142666', 'San Agustín', 231, 39, 396, 1, NULL, NULL),
(3223, '142666', 'Teresen', 231, 39, 396, 1, NULL, NULL),
(3224, '142666', 'Caripe', 231, 39, 396, 1, NULL, NULL),
(3225, '142666', 'Areo', 231, 39, 397, 1, NULL, NULL),
(3226, '142666', 'Capital Cedeño', 231, 39, 397, 1, NULL, NULL),
(3227, '142666', 'San Félix de Cantalicio', 231, 39, 397, 1, NULL, NULL),
(3228, '142666', 'Viento Fresco', 231, 39, 397, 1, NULL, NULL),
(3229, '142667', 'El Tejero', 231, 39, 398, 1, NULL, NULL),
(3230, '142667', 'Punta de Mata', 231, 39, 398, 1, NULL, NULL),
(3231, '142667', 'Chaguaramas', 231, 39, 399, 1, NULL, NULL),
(3232, '142667', 'Las Alhuacas', 231, 39, 399, 1, NULL, NULL),
(3233, '142667', 'Tabasca', 231, 39, 399, 1, NULL, NULL),
(3234, '142667', 'Temblador', 231, 39, 399, 1, NULL, NULL),
(3235, '142667', 'Alto de los Godos', 231, 39, 400, 1, NULL, NULL),
(3236, '142667', 'Boquerón', 231, 39, 400, 1, NULL, NULL),
(3237, '142667', 'Las Cocuizas', 231, 39, 400, 1, NULL, NULL),
(3238, '142667', 'La Cruz', 231, 39, 400, 1, NULL, NULL),
(3239, '142668', 'San Simón', 231, 39, 400, 1, NULL, NULL),
(3240, '142668', 'El Corozo', 231, 39, 400, 1, NULL, NULL),
(3241, '142668', 'El Furrial', 231, 39, 400, 1, NULL, NULL),
(3242, '142668', 'Jusepín', 231, 39, 400, 1, NULL, NULL),
(3243, '142668', 'La Pica', 231, 39, 400, 1, NULL, NULL),
(3244, '142668', 'San Vicente', 231, 39, 400, 1, NULL, NULL),
(3245, '142668', 'Aparicio', 231, 39, 401, 1, NULL, NULL),
(3246, '142668', 'Aragua de Maturín', 231, 39, 401, 1, NULL, NULL),
(3247, '142668', 'Chaguamal', 231, 39, 401, 1, NULL, NULL),
(3248, '142668', 'El Pinto', 231, 39, 401, 1, NULL, NULL),
(3249, '142669', 'Guanaguana', 231, 39, 401, 1, NULL, NULL),
(3250, '142669', 'La Toscana', 231, 39, 401, 1, NULL, NULL),
(3251, '142669', 'Taguaya', 231, 39, 401, 1, NULL, NULL),
(3252, '142669', 'Cachipo', 231, 39, 402, 1, NULL, NULL),
(3253, '142669', 'Quiriquire', 231, 39, 402, 1, NULL, NULL),
(3254, '142669', 'Santa Bárbara', 231, 39, 403, 1, NULL, NULL),
(3255, '142669', 'Barrancas', 231, 39, 404, 1, NULL, NULL),
(3256, '142669', 'Los Barrancos de Fajardo', 231, 39, 404, 1, NULL, NULL),
(3257, '142769', 'Uracoa', 231, 39, 405, 1, NULL, NULL),
(3258, '152769', 'Antolín del Campo', 231, 40, 406, 1, NULL, NULL),
(3259, '152770', 'Arismendi', 231, 40, 407, 1, NULL, NULL),
(3260, '152770', 'García', 231, 40, 408, 1, NULL, NULL),
(3261, '152770', 'Francisco Fajardo', 231, 40, 408, 1, NULL, NULL),
(3262, '152770', 'Bolívar', 231, 40, 409, 1, NULL, NULL),
(3263, '152770', 'Guevara', 231, 40, 409, 1, NULL, NULL),
(3264, '152770', 'Matasiete', 231, 40, 409, 1, NULL, NULL),
(3265, '152770', 'Santa Ana', 231, 40, 409, 1, NULL, NULL),
(3266, '152770', 'Sucre', 231, 40, 409, 1, NULL, NULL),
(3267, '152770', 'Aguirre', 231, 40, 410, 1, NULL, NULL),
(3268, '152770', 'Maneiro', 231, 40, 410, 1, NULL, NULL),
(3269, '152771', 'Adrián', 231, 40, 411, 1, NULL, NULL),
(3270, '152771', 'Juan Griego', 231, 40, 411, 1, NULL, NULL),
(3271, '152771', 'Yaguaraparo', 231, 40, 411, 1, NULL, NULL),
(3272, '152771', 'Porlamar', 231, 40, 412, 1, NULL, NULL),
(3273, '152771', 'San Francisco de Macanao', 231, 40, 413, 1, NULL, NULL),
(3274, '152771', 'Boca de Río', 231, 40, 413, 1, NULL, NULL),
(3275, '152771', 'Tubores', 231, 40, 414, 1, NULL, NULL),
(3276, '152771', 'Los Baleales', 231, 40, 414, 1, NULL, NULL);
INSERT INTO `parroquia` (`id_parr`, `cod_parr`, `des_parr`, `pais_parr`, `edo_parr`, `mun_parr`, `status_parr`, `created_at`, `updated_at`) VALUES
(3277, '152871', 'Vicente Fuentes', 231, 40, 415, 1, NULL, NULL),
(3278, '152871', 'Villalba', 231, 40, 415, 1, NULL, NULL),
(3279, '152872', 'San Juan Bautista', 231, 40, 416, 1, NULL, NULL),
(3280, '152872', 'Zabala', 231, 40, 416, 1, NULL, NULL),
(3281, '162872', 'Capital Araure', 231, 41, 418, 1, NULL, NULL),
(3282, '162872', 'Río Acarigua', 231, 41, 418, 1, NULL, NULL),
(3283, '162872', 'Capital Esteller', 231, 41, 419, 1, NULL, NULL),
(3284, '162872', 'Uveral', 231, 41, 419, 1, NULL, NULL),
(3285, '162872', 'Guanare', 231, 41, 420, 1, NULL, NULL),
(3286, '162872', 'Córdoba', 231, 41, 420, 1, NULL, NULL),
(3287, '162872', 'San José de la Montaña', 231, 41, 420, 1, NULL, NULL),
(3288, '162872', 'San Juan de Guanaguanare', 231, 41, 420, 1, NULL, NULL),
(3289, '162873', 'Virgen de la Coromoto', 231, 41, 420, 1, NULL, NULL),
(3290, '162873', 'Guanarito', 231, 41, 421, 1, NULL, NULL),
(3291, '162873', 'Trinidad de la Capilla', 231, 41, 421, 1, NULL, NULL),
(3292, '162873', 'Divina Pastora', 231, 41, 421, 1, NULL, NULL),
(3293, '162873', 'Monseñor José Vicente de Unda', 231, 41, 422, 1, NULL, NULL),
(3294, '162873', 'Peña Blanca', 231, 41, 422, 1, NULL, NULL),
(3295, '162873', 'Capital Ospino', 231, 41, 423, 1, NULL, NULL),
(3296, '162873', 'Aparición', 231, 41, 423, 1, NULL, NULL),
(3297, '162873', 'La Estación', 231, 41, 423, 1, NULL, NULL),
(3298, '162873', 'Páez', 231, 41, 424, 1, NULL, NULL),
(3299, '162874', 'Payara', 231, 41, 424, 1, NULL, NULL),
(3300, '162874', 'Pimpinela', 231, 41, 424, 1, NULL, NULL),
(3301, '162874', 'Ramón Peraza', 231, 41, 424, 1, NULL, NULL),
(3302, '162974', 'Papelón', 231, 41, 425, 1, NULL, NULL),
(3303, '162974', 'Caño Delgadito', 231, 41, 425, 1, NULL, NULL),
(3304, '162974', 'San Genaro de Boconoito', 231, 41, 426, 1, NULL, NULL),
(3305, '162974', 'Antolín Tovar', 231, 41, 426, 1, NULL, NULL),
(3306, '162974', 'San Rafael de Onoto', 231, 41, 427, 1, NULL, NULL),
(3307, '162974', 'Santa Fe', 231, 41, 427, 1, NULL, NULL),
(3308, '162974', 'Thermo Morles', 231, 41, 427, 1, NULL, NULL),
(3309, '162975', 'Santa Rosalía', 231, 41, 428, 1, NULL, NULL),
(3310, '162975', 'Florida', 231, 41, 428, 1, NULL, NULL),
(3311, '162975', 'Sucre', 231, 41, 429, 1, NULL, NULL),
(3312, '162975', 'Concepción', 231, 41, 429, 1, NULL, NULL),
(3313, '162975', 'San Rafael de Palo Alzado', 231, 41, 429, 1, NULL, NULL),
(3314, '162975', 'Uvencio Antonio Velásquez', 231, 41, 429, 1, NULL, NULL),
(3315, '162975', 'San José de Saguaz', 231, 41, 429, 1, NULL, NULL),
(3316, '162975', 'Villa Rosa', 231, 41, 429, 1, NULL, NULL),
(3317, '162975', 'Turén', 231, 41, 430, 1, NULL, NULL),
(3318, '162975', 'Canelones', 231, 41, 430, 1, NULL, NULL),
(3319, '162976', 'Santa Cruz', 231, 41, 430, 1, NULL, NULL),
(3320, '162976', 'San Isidro Labrador', 231, 41, 430, 1, NULL, NULL),
(3321, '172976', 'Mariño', 231, 42, 431, 1, NULL, NULL),
(3322, '172976', 'Rómulo Gallegos', 231, 42, 431, 1, NULL, NULL),
(3323, '172976', 'San José de Aerocuar', 231, 42, 432, 1, NULL, NULL),
(3324, '172976', 'Tavera Acosta', 231, 42, 432, 1, NULL, NULL),
(3325, '172976', 'Río Caribe', 231, 42, 433, 1, NULL, NULL),
(3326, '172976', 'Antonio José de Sucre', 231, 42, 433, 1, NULL, NULL),
(3327, '172976', 'El Morro de Puerto Santo', 231, 42, 433, 1, NULL, NULL),
(3328, '172976', 'Puerto Santo', 231, 42, 433, 1, NULL, NULL),
(3329, '172977', 'San Juan de las Galdonas', 231, 42, 433, 1, NULL, NULL),
(3330, '172977', 'El Pilar', 231, 42, 434, 1, NULL, NULL),
(3331, '172977', 'El Rincón', 231, 42, 434, 1, NULL, NULL),
(3332, '172977', 'General Francisco Antonio Váquez', 231, 42, 434, 1, NULL, NULL),
(3333, '172977', 'Guaraúnos', 231, 42, 434, 1, NULL, NULL),
(3334, '172977', 'Tunapuicito', 231, 42, 434, 1, NULL, NULL),
(3335, '172977', 'Unión', 231, 42, 434, 1, NULL, NULL),
(3336, '173077', 'Santa Catalina', 231, 42, 435, 1, NULL, NULL),
(3337, '173077', 'Santa Rosa', 231, 42, 435, 1, NULL, NULL),
(3338, '173077', 'Santa Teresa', 231, 42, 435, 1, NULL, NULL),
(3339, '173078', 'Bolívar', 231, 42, 435, 1, NULL, NULL),
(3340, '173078', 'Maracapana', 231, 42, 435, 1, NULL, NULL),
(3341, '173078', 'Libertad', 231, 42, 437, 1, NULL, NULL),
(3342, '173078', 'El Paujil', 231, 42, 437, 1, NULL, NULL),
(3343, '173078', 'Yaguaraparo', 231, 42, 437, 1, NULL, NULL),
(3344, '173078', 'Cruz Salmerón Acosta', 231, 42, 438, 1, NULL, NULL),
(3345, '173078', 'Chacopata', 231, 42, 438, 1, NULL, NULL),
(3346, '173078', 'Manicuare', 231, 42, 438, 1, NULL, NULL),
(3347, '173078', 'Tunapuy', 231, 42, 439, 1, NULL, NULL),
(3348, '173078', 'Campo Elías', 231, 42, 439, 1, NULL, NULL),
(3349, '173079', 'Irapa', 231, 42, 440, 1, NULL, NULL),
(3350, '173079', 'Campo Claro', 231, 42, 440, 1, NULL, NULL),
(3351, '173079', 'Maraval', 231, 42, 440, 1, NULL, NULL),
(3352, '173079', 'San Antonio de Irapa', 231, 42, 440, 1, NULL, NULL),
(3353, '173079', 'Soro', 231, 42, 440, 1, NULL, NULL),
(3354, '173079', 'Mejía', 231, 42, 441, 1, NULL, NULL),
(3355, '173079', 'Cumanacoa', 231, 42, 442, 1, NULL, NULL),
(3356, '173079', 'Arenas', 231, 42, 442, 1, NULL, NULL),
(3357, '173079', 'Aricagua', 231, 42, 442, 1, NULL, NULL),
(3358, '173079', 'Cogollar', 231, 42, 442, 1, NULL, NULL),
(3359, '173080', 'San Fernando', 231, 42, 442, 1, NULL, NULL),
(3360, '173080', 'San Lorenzo', 231, 42, 442, 1, NULL, NULL),
(3361, '173080', 'Villa Frontado (Muelle de Cariaco)', 231, 42, 443, 1, NULL, NULL),
(3362, '173080', 'Catuaro', 231, 42, 443, 1, NULL, NULL),
(3363, '173080', 'Rendón', 231, 42, 443, 1, NULL, NULL),
(3364, '173080', 'San Cruz', 231, 42, 443, 1, NULL, NULL),
(3365, '173080', 'Santa María', 231, 42, 443, 1, NULL, NULL),
(3366, '173080', 'Altagracia', 231, 42, 444, 1, NULL, NULL),
(3367, '173080', 'Santa Inés', 231, 42, 444, 1, NULL, NULL),
(3368, '173080', 'Valentín Valiente', 231, 42, 444, 1, NULL, NULL),
(3369, '173081', 'Ayacucho', 231, 42, 444, 1, NULL, NULL),
(3370, '173081', 'San Juan', 231, 42, 444, 1, NULL, NULL),
(3371, '173081', 'Raúl Leoni', 231, 42, 444, 1, NULL, NULL),
(3372, '173081', 'Gran Mariscal', 231, 42, 444, 1, NULL, NULL),
(3373, '173181', 'Cristóbal Colón', 231, 42, 445, 1, NULL, NULL),
(3374, '173181', 'Bideau', 231, 42, 445, 1, NULL, NULL),
(3375, '173181', 'Punta de Piedras', 231, 42, 445, 1, NULL, NULL),
(3376, '173181', 'Güiria', 231, 42, 445, 1, NULL, NULL),
(3377, '183481', 'Andrés Bello', 231, 43, 446, 1, NULL, NULL),
(3378, '183481', 'Antonio Rómulo Costa', 231, 43, 447, 1, NULL, NULL),
(3379, '183482', 'Ayacucho', 231, 43, 448, 1, NULL, NULL),
(3380, '183482', 'Rivas Berti', 231, 43, 448, 1, NULL, NULL),
(3381, '183482', 'San Pedro del Río', 231, 43, 448, 1, NULL, NULL),
(3382, '183482', 'Bolívar', 231, 43, 449, 1, NULL, NULL),
(3383, '183482', 'Palotal', 231, 43, 449, 1, NULL, NULL),
(3384, '183482', 'General Juan Vicente Gómez', 231, 43, 449, 1, NULL, NULL),
(3385, '183482', 'Isaías Medina Angarita', 231, 43, 449, 1, NULL, NULL),
(3386, '183482', 'Cárdenas', 231, 43, 450, 1, NULL, NULL),
(3387, '183482', 'Amenodoro Ángel Lamus', 231, 43, 450, 1, NULL, NULL),
(3388, '183482', 'La Florida', 231, 43, 450, 1, NULL, NULL),
(3389, '183483', 'Córdoba', 231, 43, 451, 1, NULL, NULL),
(3390, '183483', 'Fernández Feo', 231, 43, 452, 1, NULL, NULL),
(3391, '183483', 'Alberto Adriani', 231, 43, 452, 1, NULL, NULL),
(3392, '183483', 'Santo Domingo', 231, 43, 452, 1, NULL, NULL),
(3393, '183483', 'Francisco de Miranda', 231, 43, 453, 1, NULL, NULL),
(3394, '183483', 'García de Hevia', 231, 43, 454, 1, NULL, NULL),
(3395, '183483', 'Boca de Grita', 231, 43, 454, 1, NULL, NULL),
(3396, '183483', 'José Antonio Páez', 231, 43, 454, 1, NULL, NULL),
(3397, '183583', 'Guásimos', 231, 43, 455, 1, NULL, NULL),
(3398, '183583', 'Independencia', 231, 43, 456, 1, NULL, NULL),
(3399, '183584', 'Juan Germán Roscio', 231, 43, 456, 1, NULL, NULL),
(3400, '183584', 'Román Cárdenas', 231, 43, 456, 1, NULL, NULL),
(3401, '183584', 'Jáuregui', 231, 43, 457, 1, NULL, NULL),
(3402, '183584', 'Emilio Constantino Guerrero', 231, 43, 457, 1, NULL, NULL),
(3403, '183584', 'Monseñor Miguel Antonio Salas', 231, 43, 457, 1, NULL, NULL),
(3404, '183584', 'José María Vargas', 231, 43, 458, 1, NULL, NULL),
(3405, '183584', 'Junín', 231, 43, 459, 1, NULL, NULL),
(3406, '183584', 'La Petrólea', 231, 43, 459, 1, NULL, NULL),
(3407, '183584', 'Quinimarí', 231, 43, 459, 1, NULL, NULL),
(3408, '183584', 'Bramón', 231, 43, 459, 1, NULL, NULL),
(3409, '183585', 'Libertad', 231, 43, 460, 1, NULL, NULL),
(3410, '183585', 'Cipriano Castro', 231, 43, 460, 1, NULL, NULL),
(3411, '183585', 'Manuel Felipe Rugeles', 231, 43, 460, 1, NULL, NULL),
(3412, '183585', 'Libertador', 231, 43, 461, 1, NULL, NULL),
(3413, '183585', 'Doradas', 231, 43, 461, 1, NULL, NULL),
(3414, '183585', 'Emeterio Ochoa', 231, 43, 461, 1, NULL, NULL),
(3415, '183585', 'San Joaquín de Navay', 231, 43, 461, 1, NULL, NULL),
(3416, '183585', 'Lobatera', 231, 43, 462, 1, NULL, NULL),
(3417, '183585', 'Constitución', 231, 43, 462, 1, NULL, NULL),
(3418, '183585', 'Michelena', 231, 43, 463, 1, NULL, NULL),
(3419, '183586', 'Panamericano', 231, 43, 464, 1, NULL, NULL),
(3420, '183586', 'La Palmita', 231, 43, 464, 1, NULL, NULL),
(3421, '183686', 'Pedro María Ureña', 231, 43, 465, 1, NULL, NULL),
(3422, '183686', 'Nueva Arcadia', 231, 43, 465, 1, NULL, NULL),
(3423, '183686', 'Delicias', 231, 43, 466, 1, NULL, NULL),
(3424, '183686', 'Pecaya', 231, 43, 466, 1, NULL, NULL),
(3425, '183686', 'Samuel Darío Maldonado', 231, 43, 467, 1, NULL, NULL),
(3426, '183686', 'Boconó', 231, 43, 467, 1, NULL, NULL),
(3427, '183686', 'Hernández', 231, 43, 467, 1, NULL, NULL),
(3428, '183686', 'La Concordia', 231, 43, 468, 1, NULL, NULL),
(3429, '183687', 'San Juan Bautista', 231, 43, 468, 1, NULL, NULL),
(3430, '183687', 'Pedro María Morantes', 231, 43, 468, 1, NULL, NULL),
(3431, '183687', 'San Sebastián', 231, 43, 468, 1, NULL, NULL),
(3432, '183687', 'Dr. Francisco Romero Lobo', 231, 43, 468, 1, NULL, NULL),
(3433, '183687', 'Seboruco', 231, 43, 469, 1, NULL, NULL),
(3434, '183687', 'Simón Rodríguez', 231, 43, 470, 1, NULL, NULL),
(3435, '183687', 'Sucre', 231, 43, 471, 1, NULL, NULL),
(3436, '183687', 'Eleazar López Contreras', 231, 43, 471, 1, NULL, NULL),
(3437, '183687', 'San Pablo', 231, 43, 471, 1, NULL, NULL),
(3438, '183687', 'Torbes', 231, 43, 472, 1, NULL, NULL),
(3439, '183688', 'Uribante', 231, 43, 473, 1, NULL, NULL),
(3440, '183688', 'Cárdenas', 231, 43, 473, 1, NULL, NULL),
(3441, '183688', 'Juan Pablo Peñalosa', 231, 43, 473, 1, NULL, NULL),
(3442, '183688', 'Potosí', 231, 43, 473, 1, NULL, NULL),
(3443, '183688', 'San Judas Tadeo', 231, 43, 474, 1, NULL, NULL),
(3444, '193788', 'Araguaney', 231, 44, 475, 1, NULL, NULL),
(3445, '193788', 'El Jaguito', 231, 44, 475, 1, NULL, NULL),
(3446, '193788', 'La Esperanza', 231, 44, 475, 1, NULL, NULL),
(3447, '193788', 'Santa Isabel', 231, 44, 475, 1, NULL, NULL),
(3448, '193788', 'Boconó', 231, 44, 476, 1, NULL, NULL),
(3449, '193789', 'El Carmen', 231, 44, 476, 1, NULL, NULL),
(3450, '193789', 'Mosquey', 231, 44, 476, 1, NULL, NULL),
(3451, '193789', 'Ayacucho', 231, 44, 476, 1, NULL, NULL),
(3452, '193789', 'Burbusay', 231, 44, 476, 1, NULL, NULL),
(3453, '193789', 'General Ribas', 231, 44, 476, 1, NULL, NULL),
(3454, '193789', 'Guaramacal', 231, 44, 476, 1, NULL, NULL),
(3455, '193789', 'Vega de Guaramacal', 231, 44, 476, 1, NULL, NULL),
(3456, '193789', 'Monseñor Jáuregui', 231, 44, 476, 1, NULL, NULL),
(3457, '193789', 'Rafael Rangel', 231, 44, 476, 1, NULL, NULL),
(3458, '193789', 'San Miguel', 231, 44, 476, 1, NULL, NULL),
(3459, '193790', 'San José', 231, 44, 476, 1, NULL, NULL),
(3460, '193790', 'Sabana Grande', 231, 44, 477, 1, NULL, NULL),
(3461, '193790', 'Cheregüé', 231, 44, 477, 1, NULL, NULL),
(3462, '193790', 'Granados', 231, 44, 477, 1, NULL, NULL),
(3463, '193790', 'Arnoldo Gabaldón', 231, 44, 478, 1, NULL, NULL),
(3464, '193790', 'Bolivia', 231, 44, 478, 1, NULL, NULL),
(3465, '193790', 'Carrillo', 231, 44, 478, 1, NULL, NULL),
(3466, '193790', 'Cegarra', 231, 44, 478, 1, NULL, NULL),
(3467, '193790', 'Chejendé', 231, 44, 478, 1, NULL, NULL),
(3468, '193790', 'Manuel Salvador Ulloa', 231, 44, 478, 1, NULL, NULL),
(3469, '193791', 'San José', 231, 44, 478, 1, NULL, NULL),
(3470, '193791', 'Carache', 231, 44, 479, 1, NULL, NULL),
(3471, '193791', 'La Concepción', 231, 44, 479, 1, NULL, NULL),
(3472, '193791', 'Cuicas', 231, 44, 479, 1, NULL, NULL),
(3473, '193791', 'Panamericana', 231, 44, 479, 1, NULL, NULL),
(3474, '193791', 'Santa Cruz', 231, 44, 479, 1, NULL, NULL),
(3475, '193791', 'Escuque', 231, 44, 480, 1, NULL, NULL),
(3476, '193791', 'La Unión', 231, 44, 480, 1, NULL, NULL),
(3477, '193791', 'Santa Rita', 231, 44, 480, 1, NULL, NULL),
(3478, '193791', 'Sabana Libre', 231, 44, 480, 1, NULL, NULL),
(3479, '193792', 'El Socorro', 231, 44, 481, 1, NULL, NULL),
(3480, '193792', 'Los Caprichos', 231, 44, 481, 1, NULL, NULL),
(3481, '193792', 'Antonio José de Sucre', 231, 44, 481, 1, NULL, NULL),
(3482, '193792', 'Campo Elías', 231, 44, 482, 1, NULL, NULL),
(3483, '193792', 'Arnoldo Gabaldón', 231, 44, 482, 1, NULL, NULL),
(3484, '193792', 'Santa Apolonia', 231, 44, 483, 1, NULL, NULL),
(3485, '193792', 'El Progreso', 231, 44, 483, 1, NULL, NULL),
(3486, '193792', 'La Ceiba', 231, 44, 483, 1, NULL, NULL),
(3487, '193792', 'Tres de Febrero', 231, 44, 483, 1, NULL, NULL),
(3488, '193792', 'El Dividive', 231, 44, 484, 1, NULL, NULL),
(3489, '193793', 'Agua Santa', 231, 44, 484, 1, NULL, NULL),
(3490, '193793', 'Agua Caliente', 231, 44, 484, 1, NULL, NULL),
(3491, '193793', 'El Cenizo', 231, 44, 484, 1, NULL, NULL),
(3492, '193793', 'Valerita', 231, 44, 484, 1, NULL, NULL),
(3493, '193893', 'Monte Carmelo', 231, 44, 485, 1, NULL, NULL),
(3494, '193893', 'Buena Vista', 231, 44, 485, 1, NULL, NULL),
(3495, '193893', 'Santa María del Horcón', 231, 44, 485, 1, NULL, NULL),
(3496, '193893', 'Motatán', 231, 44, 486, 1, NULL, NULL),
(3497, '193893', 'El Baño', 231, 44, 486, 1, NULL, NULL),
(3498, '193893', 'Jalisco', 231, 44, 486, 1, NULL, NULL),
(3499, '193894', 'Pampán', 231, 44, 487, 1, NULL, NULL),
(3500, '193894', 'Flor de Patria', 231, 44, 487, 1, NULL, NULL),
(3501, '193894', 'La Paz', 231, 44, 487, 1, NULL, NULL),
(3502, '193894', 'Santa Ana', 231, 44, 487, 1, NULL, NULL),
(3503, '193894', 'Pampanito', 231, 44, 488, 1, NULL, NULL),
(3504, '193894', 'La Concepción', 231, 44, 488, 1, NULL, NULL),
(3505, '193894', 'Pampanito II', 231, 44, 488, 1, NULL, NULL),
(3506, '193894', 'Betijoque', 231, 44, 489, 1, NULL, NULL),
(3507, '193894', 'José Gregorio Hernández', 231, 44, 489, 1, NULL, NULL),
(3508, '193894', 'La Pueblita', 231, 44, 489, 1, NULL, NULL),
(3509, '193895', 'Los Cedros', 231, 44, 489, 1, NULL, NULL),
(3510, '193895', 'Carvajal', 231, 44, 490, 1, NULL, NULL),
(3511, '193895', 'Campo Alegre', 231, 44, 490, 1, NULL, NULL),
(3512, '193895', 'Antonio Nicolás Briceño', 231, 44, 490, 1, NULL, NULL),
(3513, '193895', 'José Leonardo Suárez', 231, 44, 490, 1, NULL, NULL),
(3514, '193895', 'Sabana de Mendoza', 231, 44, 491, 1, NULL, NULL),
(3515, '193895', 'Junín', 231, 44, 491, 1, NULL, NULL),
(3516, '193895', 'Valmore Rodríguez', 231, 44, 491, 1, NULL, NULL),
(3517, '193895', 'El Paraíso', 231, 44, 491, 1, NULL, NULL),
(3518, '193895', 'Andrés Linares', 231, 44, 492, 1, NULL, NULL),
(3519, '193896', 'Chiquinquirá', 231, 44, 492, 1, NULL, NULL),
(3520, '193896', 'Cristóbal Mendoza', 231, 44, 492, 1, NULL, NULL),
(3521, '193896', 'Cruz Carrillo', 231, 44, 492, 1, NULL, NULL),
(3522, '193896', 'Matriz', 231, 44, 492, 1, NULL, NULL),
(3523, '193896', 'Monseñor Carrillo', 231, 44, 492, 1, NULL, NULL),
(3524, '193896', 'Tres Esquinas', 231, 44, 492, 1, NULL, NULL),
(3525, '193896', 'Cabimbú', 231, 44, 493, 1, NULL, NULL),
(3526, '193896', 'Jajó', 231, 44, 493, 1, NULL, NULL),
(3527, '193896', 'La Mesa de Esnujaque', 231, 44, 493, 1, NULL, NULL),
(3528, '193896', 'Santiago', 231, 44, 493, 1, NULL, NULL),
(3529, '193897', 'Tuñame', 231, 44, 493, 1, NULL, NULL),
(3530, '193897', 'La Quebrada', 231, 44, 493, 1, NULL, NULL),
(3531, '193897', 'Juan Ignacio Montilla', 231, 44, 494, 1, NULL, NULL),
(3532, '193897', 'La Beatriz', 231, 44, 494, 1, NULL, NULL),
(3533, '193897', 'La Puerta', 231, 44, 494, 1, NULL, NULL),
(3534, '193897', 'Mendoza del Valle de Momboy', 231, 44, 494, 1, NULL, NULL),
(3535, '193897', 'Mercedes Díaz', 231, 44, 494, 1, NULL, NULL),
(3536, '193897', 'San Luis', 231, 44, 494, 1, NULL, NULL),
(3537, '223997', 'Caraballeda', 231, 47, 495, 1, NULL, NULL),
(3538, '223997', 'Carayaca', 231, 47, 495, 1, NULL, NULL),
(3539, '223998', 'Carlos Soublette', 231, 47, 495, 1, NULL, NULL),
(3540, '223998', 'Caruao Chuspa', 231, 47, 495, 1, NULL, NULL),
(3541, '223998', 'Catia La Mar', 231, 47, 495, 1, NULL, NULL),
(3542, '223998', 'El Junko', 231, 47, 495, 1, NULL, NULL),
(3543, '223998', 'La Guaira', 231, 47, 495, 1, NULL, NULL),
(3544, '223998', 'Macuto', 231, 47, 495, 1, NULL, NULL),
(3545, '223998', 'Maiquetía', 231, 47, 495, 1, NULL, NULL),
(3546, '223998', 'Naiguatá', 231, 47, 495, 1, NULL, NULL),
(3547, '223998', 'Urimare', 231, 47, 495, 1, NULL, NULL),
(3548, '203998', 'Arístides Bastidas', 231, 45, 496, 1, NULL, NULL),
(3549, '203999', 'Bolívar', 231, 45, 497, 1, NULL, NULL),
(3550, '204099', 'Chivacoa', 231, 45, 498, 1, NULL, NULL),
(3551, '204099', 'Campo Elías', 231, 45, 498, 1, NULL, NULL),
(3552, '204099', 'Cocorote', 231, 45, 499, 1, NULL, NULL),
(3553, '204099', 'Independencia', 231, 45, 500, 1, NULL, NULL),
(3554, '204199', 'José Antonio Páez', 231, 45, 501, 1, NULL, NULL),
(3555, '204199', 'La Trinidad', 231, 45, 502, 1, NULL, NULL),
(3556, '204199', 'Manuel Monge', 231, 45, 503, 1, NULL, NULL),
(3557, '204199', 'Salóm', 231, 45, 504, 1, NULL, NULL),
(3558, '204199', 'Temerla', 231, 45, 504, 1, NULL, NULL),
(3559, '204110', 'Nirgua', 231, 45, 504, 1, NULL, NULL),
(3560, '204110', 'San Andrés', 231, 45, 505, 1, NULL, NULL),
(3561, '204110', 'Yaritagua', 231, 45, 505, 1, NULL, NULL),
(3562, '204110', 'San Javier', 231, 45, 506, 1, NULL, NULL),
(3563, '204110', 'Albarico', 231, 45, 506, 1, NULL, NULL),
(3564, '204110', 'San Felipe', 231, 45, 506, 1, NULL, NULL),
(3565, '204110', 'Sucre', 231, 45, 507, 1, NULL, NULL),
(3566, '204110', 'Urachiche', 231, 45, 508, 1, NULL, NULL),
(3567, '204110', 'El Guayabo', 231, 45, 509, 1, NULL, NULL),
(3568, '204110', 'Farriar', 231, 45, 509, 1, NULL, NULL),
(3569, '214410', 'Isla de Toas', 231, 46, 510, 1, NULL, NULL),
(3570, '214410', 'Monagas', 231, 46, 510, 1, NULL, NULL),
(3571, '214410', 'San Timoteo', 231, 46, 511, 1, NULL, NULL),
(3572, '214410', 'General Urdaneta', 231, 46, 511, 1, NULL, NULL),
(3573, '214410', 'Libertador', 231, 46, 511, 1, NULL, NULL),
(3574, '214410', 'Marcelino Briceño', 231, 46, 511, 1, NULL, NULL),
(3575, '214410', 'Pueblo Nuevo', 231, 46, 511, 1, NULL, NULL),
(3576, '214410', 'Manuel Guanipa Matos', 231, 46, 511, 1, NULL, NULL),
(3577, '214410', 'Ambrosio', 231, 46, 512, 1, NULL, NULL),
(3578, '214410', 'Carmen Herrera', 231, 46, 512, 1, NULL, NULL),
(3579, '214410', 'La Rosa', 231, 46, 512, 1, NULL, NULL),
(3580, '214410', 'Germán Ríos Linares', 231, 46, 512, 1, NULL, NULL),
(3581, '214410', 'San Benito', 231, 46, 512, 1, NULL, NULL),
(3582, '214410', 'Rómulo Betancourt', 231, 46, 512, 1, NULL, NULL),
(3583, '214410', 'Jorge Hernández', 231, 46, 512, 1, NULL, NULL),
(3584, '214410', 'Punta Gorda', 231, 46, 512, 1, NULL, NULL),
(3585, '214410', 'Arístides Calvani', 231, 46, 512, 1, NULL, NULL),
(3586, '214410', 'Encontrados', 231, 46, 513, 1, NULL, NULL),
(3587, '214410', 'Udón Pérez', 231, 46, 513, 1, NULL, NULL),
(3588, '214410', 'Moralito', 231, 46, 514, 1, NULL, NULL),
(3589, '214410', 'San Carlos del Zulia', 231, 46, 514, 1, NULL, NULL),
(3590, '214410', 'Santa Cruz del Zulia', 231, 46, 514, 1, NULL, NULL),
(3591, '214410', 'Santa Bárbara', 231, 46, 514, 1, NULL, NULL),
(3592, '214410', 'Urribarrí', 231, 46, 514, 1, NULL, NULL),
(3593, '214410', 'Carlos Quevedo', 231, 46, 515, 1, NULL, NULL),
(3594, '214410', 'Francisco Javier Pulgar', 231, 46, 515, 1, NULL, NULL),
(3595, '214410', 'Simón Rodríguez', 231, 46, 515, 1, NULL, NULL),
(3596, '214410', 'Guamo-Gavilanes', 231, 46, 515, 1, NULL, NULL),
(3597, '214411', 'Sinamaica', 231, 46, 516, 1, NULL, NULL),
(3598, '214411', 'Alta Guajira', 231, 46, 516, 1, NULL, NULL),
(3599, '214411', 'Elías Sánchez Rubio', 231, 46, 516, 1, NULL, NULL),
(3600, '214411', 'Guajira', 231, 46, 516, 1, NULL, NULL),
(3601, '214410', 'La Concepción', 231, 46, 517, 1, NULL, NULL),
(3602, '214410', 'San José', 231, 46, 517, 1, NULL, NULL),
(3603, '214410', 'Mariano Parra León', 231, 46, 517, 1, NULL, NULL),
(3604, '214410', 'José Ramón Yépez', 231, 46, 517, 1, NULL, NULL),
(3605, '214410', 'Jesús María Semprún', 231, 46, 518, 1, NULL, NULL),
(3606, '214410', 'Barí', 231, 46, 518, 1, NULL, NULL),
(3607, '214510', 'Concepción', 231, 46, 519, 1, NULL, NULL),
(3608, '214510', 'Andrés Bello', 231, 46, 519, 1, NULL, NULL),
(3609, '214510', 'Chiquinquirá', 231, 46, 519, 1, NULL, NULL),
(3610, '214510', 'El Carmelo', 231, 46, 519, 1, NULL, NULL),
(3611, '214510', 'Potreritos', 231, 46, 519, 1, NULL, NULL),
(3612, '214510', 'Libertad', 231, 46, 520, 1, NULL, NULL),
(3613, '214510', 'Alonso de Ojeda', 231, 46, 520, 1, NULL, NULL),
(3614, '214510', 'Venezuela', 231, 46, 520, 1, NULL, NULL),
(3615, '214510', 'Eleazar López Contreras', 231, 46, 520, 1, NULL, NULL),
(3616, '214510', 'Campo Lara', 231, 46, 520, 1, NULL, NULL),
(3617, '214510', 'Bartolomé de las Casas', 231, 46, 521, 1, NULL, NULL),
(3618, '214510', 'Libertad', 231, 46, 521, 1, NULL, NULL),
(3619, '214510', 'Río Negro', 231, 46, 521, 1, NULL, NULL),
(3620, '214510', 'San José de Perijá', 231, 46, 521, 1, NULL, NULL),
(3621, '214510', 'San Rafael', 231, 46, 522, 1, NULL, NULL),
(3622, '214510', 'La Sierrita', 231, 46, 522, 1, NULL, NULL),
(3623, '214510', 'Las Parcelas', 231, 46, 522, 1, NULL, NULL),
(3624, '214510', 'Luis de Vicente', 231, 46, 522, 1, NULL, NULL),
(3625, '214510', 'Monseñor Marcos Sergio Godoy', 231, 46, 522, 1, NULL, NULL),
(3626, '214510', 'Ricaurte', 231, 46, 522, 1, NULL, NULL),
(3627, '214510', 'Tamare', 231, 46, 522, 1, NULL, NULL),
(3628, '214510', 'Antonio Borjas Romero', 231, 46, 523, 1, NULL, NULL),
(3629, '214510', 'Bolívar', 231, 46, 523, 1, NULL, NULL),
(3630, '214510', 'Cacique Mara', 231, 46, 523, 1, NULL, NULL),
(3631, '214510', 'Carracciolo Parra Pérez', 231, 46, 523, 1, NULL, NULL),
(3632, '214510', 'Cecilio Acosta', 231, 46, 523, 1, NULL, NULL),
(3633, '214510', 'Cristo de Aranza', 231, 46, 523, 1, NULL, NULL),
(3634, '214510', 'Coquivacoa', 231, 46, 523, 1, NULL, NULL),
(3635, '214510', 'Chiquinquirá', 231, 46, 523, 1, NULL, NULL),
(3636, '214510', 'Francisco Eugenio Bustamante', 231, 46, 523, 1, NULL, NULL),
(3637, '214510', 'Idelfonzo Vásquez', 231, 46, 523, 1, NULL, NULL),
(3638, '214510', 'Juana de Ávila', 231, 46, 523, 1, NULL, NULL),
(3639, '214510', 'Luis Hurtado Higuera', 231, 46, 523, 1, NULL, NULL),
(3640, '214510', 'Manuel Dagnino', 231, 46, 523, 1, NULL, NULL),
(3641, '214510', 'Olegario Villalobos', 231, 46, 523, 1, NULL, NULL),
(3642, '214510', 'Raúl Leoni', 231, 46, 523, 1, NULL, NULL),
(3643, '214510', 'Santa Lucía', 231, 46, 523, 1, NULL, NULL),
(3644, '214510', 'Venancio Pulgar', 231, 46, 523, 1, NULL, NULL),
(3645, '214510', 'San Isidro', 231, 46, 523, 1, NULL, NULL),
(3646, '214510', 'Altagracia', 231, 46, 524, 1, NULL, NULL),
(3647, '214510', 'Faría', 231, 46, 524, 1, NULL, NULL),
(3648, '214510', 'Ana María Campos', 231, 46, 524, 1, NULL, NULL),
(3649, '214510', 'San Antonio', 231, 46, 524, 1, NULL, NULL),
(3650, '214510', 'San José', 231, 46, 524, 1, NULL, NULL),
(3651, '214510', 'Donaldo García', 231, 46, 525, 1, NULL, NULL),
(3652, '214510', 'El Rosario', 231, 46, 525, 1, NULL, NULL),
(3653, '214510', 'Sixto Zambrano', 231, 46, 525, 1, NULL, NULL),
(3654, '214510', 'San Francisco', 231, 46, 526, 1, NULL, NULL),
(3655, '214510', 'El Bajo', 231, 46, 526, 1, NULL, NULL),
(3656, '214510', 'Domitila Flores', 231, 46, 526, 1, NULL, NULL),
(3657, '214510', 'Francisco Ochoa', 231, 46, 526, 1, NULL, NULL),
(3658, '214510', 'Los Cortijos', 231, 46, 526, 1, NULL, NULL),
(3659, '214510', 'Marcial Hernández', 231, 46, 526, 1, NULL, NULL),
(3660, '214510', 'Santa Rita', 231, 46, 527, 1, NULL, NULL),
(3661, '214510', 'El Mene', 231, 46, 527, 1, NULL, NULL),
(3662, '214510', 'Pedro Lucas Urribarrí', 231, 46, 527, 1, NULL, NULL),
(3663, '214511', 'José Cenobio Urribarrí', 231, 46, 527, 1, NULL, NULL),
(3664, '214511', 'Rafael Maria Baralt', 231, 46, 528, 1, NULL, NULL),
(3665, '214511', 'Manuel Manrique', 231, 46, 528, 1, NULL, NULL),
(3666, '214511', 'Rafael Urdaneta', 231, 46, 528, 1, NULL, NULL),
(3667, '214611', 'Bobures', 231, 46, 529, 1, NULL, NULL),
(3668, '214611', 'Gibraltar', 231, 46, 529, 1, NULL, NULL),
(3669, '214611', 'Heras', 231, 46, 529, 1, NULL, NULL),
(3670, '214611', 'Monseñor Arturo Álvarez', 231, 46, 529, 1, NULL, NULL),
(3671, '214611', 'Rómulo Gallegos', 231, 46, 529, 1, NULL, NULL),
(3672, '214611', 'El Batey', 231, 46, 529, 1, NULL, NULL),
(3673, '214611', 'Rafael Urdaneta', 231, 46, 530, 1, NULL, NULL),
(3674, '214611', 'La Victoria', 231, 46, 530, 1, NULL, NULL),
(3675, '214611', 'Raúl Cuenca', 231, 46, 530, 1, NULL, NULL),
(3676, '014611', 'Altagracia', 231, 26, 531, 1, NULL, NULL),
(3677, '014611', 'Antímano', 231, 26, 531, 1, NULL, NULL),
(3678, '014611', 'Caricuao', 231, 26, 531, 1, NULL, NULL),
(3679, '014611', 'Catedral', 231, 26, 531, 1, NULL, NULL),
(3680, '014611', 'Coche', 231, 26, 531, 1, NULL, NULL),
(3681, '014611', 'El Junquito', 231, 26, 531, 1, NULL, NULL),
(3682, '014611', 'El Paraíso', 231, 26, 531, 1, NULL, NULL),
(3683, '014611', 'El Recreo', 231, 26, 531, 1, NULL, NULL),
(3684, '014611', 'El Valle', 231, 26, 531, 1, NULL, NULL),
(3685, '014611', 'La Candelaria', 231, 26, 531, 1, NULL, NULL),
(3686, '014611', 'La Pastora', 231, 26, 531, 1, NULL, NULL),
(3687, '014611', 'La Vega', 231, 26, 531, 1, NULL, NULL),
(3688, '014611', 'Macarao', 231, 26, 531, 1, NULL, NULL),
(3689, '014611', 'San Agustín', 231, 26, 531, 1, NULL, NULL),
(3690, '014611', 'San Bernardino', 231, 26, 531, 1, NULL, NULL),
(3691, '014611', 'San José', 231, 26, 531, 1, NULL, NULL),
(3692, '014611', 'San Juan', 231, 26, 531, 1, NULL, NULL),
(3693, '014611', 'San Pedro', 231, 26, 531, 1, NULL, NULL),
(3694, '014611', 'Santa Rosalía', 231, 26, 531, 1, NULL, NULL),
(3695, '014611', 'Santa Teresa', 231, 26, 531, 1, NULL, NULL),
(3696, '014611', 'Sucre (Catia)', 231, 26, 531, 1, NULL, NULL),
(3697, '014611', '23 de enero', 231, 26, 531, 1, NULL, NULL);

-- --------------------------------------------------------

--
-- Estructura de tabla para la tabla `parroquias`
--

DROP TABLE IF EXISTS `parroquias`;
CREATE TABLE IF NOT EXISTS `parroquias` (
  `id_parroquia` int(11) NOT NULL AUTO_INCREMENT,
  `id_municipio` int(11) NOT NULL,
  `parroquia` varchar(250) NOT NULL,
  PRIMARY KEY (`id_parroquia`),
  KEY `id_municipio` (`id_municipio`)
) ENGINE=InnoDB AUTO_INCREMENT=1139 DEFAULT CHARSET=utf8;

--
-- Volcado de datos para la tabla `parroquias`
--

INSERT INTO `parroquias` (`id_parroquia`, `id_municipio`, `parroquia`) VALUES
(1, 1, 'Alto Orinoco'),
(2, 1, 'Huachamacare Acanaña'),
(3, 1, 'Marawaka Toky Shamanaña'),
(4, 1, 'Mavaka Mavaka'),
(5, 1, 'Sierra Parima Parimabé'),
(6, 2, 'Ucata Laja Lisa'),
(7, 2, 'Yapacana Macuruco'),
(8, 2, 'Caname Guarinuma'),
(9, 3, 'Fernando Girón Tovar'),
(10, 3, 'Luis Alberto Gómez'),
(11, 3, 'Pahueña Limón de Parhueña'),
(12, 3, 'Platanillal Platanillal'),
(13, 4, 'Samariapo'),
(14, 4, 'Sipapo'),
(15, 4, 'Munduapo'),
(16, 4, 'Guayapo'),
(17, 5, 'Alto Ventuari'),
(18, 5, 'Medio Ventuari'),
(19, 5, 'Bajo Ventuari'),
(20, 6, 'Victorino'),
(21, 6, 'Comunidad'),
(22, 7, 'Casiquiare'),
(23, 7, 'Cocuy'),
(24, 7, 'San Carlos de Río Negro'),
(25, 7, 'Solano'),
(26, 8, 'Anaco'),
(27, 8, 'San Joaquín'),
(28, 9, 'Cachipo'),
(29, 9, 'Aragua de Barcelona'),
(30, 11, 'Lechería'),
(31, 11, 'El Morro'),
(32, 12, 'Puerto Píritu'),
(33, 12, 'San Miguel'),
(34, 12, 'Sucre'),
(35, 13, 'Valle de Guanape'),
(36, 13, 'Santa Bárbara'),
(37, 14, 'El Chaparro'),
(38, 14, 'Tomás Alfaro'),
(39, 14, 'Calatrava'),
(40, 15, 'Guanta'),
(41, 15, 'Chorrerón'),
(42, 16, 'Mamo'),
(43, 16, 'Soledad'),
(44, 17, 'Mapire'),
(45, 17, 'Piar'),
(46, 17, 'Santa Clara'),
(47, 17, 'San Diego de Cabrutica'),
(48, 17, 'Uverito'),
(49, 17, 'Zuata'),
(50, 18, 'Puerto La Cruz'),
(51, 18, 'Pozuelos'),
(52, 19, 'Onoto'),
(53, 19, 'San Pablo'),
(54, 20, 'San Mateo'),
(55, 20, 'El Carito'),
(56, 20, 'Santa Inés'),
(57, 20, 'La Romereña'),
(58, 21, 'Atapirire'),
(59, 21, 'Boca del Pao'),
(60, 21, 'El Pao'),
(61, 21, 'Pariaguán'),
(62, 22, 'Cantaura'),
(63, 22, 'Libertador'),
(64, 22, 'Santa Rosa'),
(65, 22, 'Urica'),
(66, 23, 'Píritu'),
(67, 23, 'San Francisco'),
(68, 24, 'San José de Guanipa'),
(69, 25, 'Boca de Uchire'),
(70, 25, 'Boca de Chávez'),
(71, 26, 'Pueblo Nuevo'),
(72, 26, 'Santa Ana'),
(73, 27, 'Bergantín'),
(74, 27, 'Caigua'),
(75, 27, 'El Carmen'),
(76, 27, 'El Pilar'),
(77, 27, 'Naricual'),
(78, 27, 'San Crsitóbal'),
(79, 28, 'Edmundo Barrios'),
(80, 28, 'Miguel Otero Silva'),
(81, 29, 'Achaguas'),
(82, 29, 'Apurito'),
(83, 29, 'El Yagual'),
(84, 29, 'Guachara'),
(85, 29, 'Mucuritas'),
(86, 29, 'Queseras del medio'),
(87, 30, 'Biruaca'),
(88, 31, 'Bruzual'),
(89, 31, 'Mantecal'),
(90, 31, 'Quintero'),
(91, 31, 'Rincón Hondo'),
(92, 31, 'San Vicente'),
(93, 32, 'Guasdualito'),
(94, 32, 'Aramendi'),
(95, 32, 'El Amparo'),
(96, 32, 'San Camilo'),
(97, 32, 'Urdaneta'),
(98, 33, 'San Juan de Payara'),
(99, 33, 'Codazzi'),
(100, 33, 'Cunaviche'),
(101, 34, 'Elorza'),
(102, 34, 'La Trinidad'),
(103, 35, 'San Fernando'),
(104, 35, 'El Recreo'),
(105, 35, 'Peñalver'),
(106, 35, 'San Rafael de Atamaica'),
(107, 36, 'Pedro José Ovalles'),
(108, 36, 'Joaquín Crespo'),
(109, 36, 'José Casanova Godoy'),
(110, 36, 'Madre María de San José'),
(111, 36, 'Andrés Eloy Blanco'),
(112, 36, 'Los Tacarigua'),
(113, 36, 'Las Delicias'),
(114, 36, 'Choroní'),
(115, 37, 'Bolívar'),
(116, 38, 'Camatagua'),
(117, 38, 'Carmen de Cura'),
(118, 39, 'Santa Rita'),
(119, 39, 'Francisco de Miranda'),
(120, 39, 'Moseñor Feliciano González'),
(121, 40, 'Santa Cruz'),
(122, 41, 'José Félix Ribas'),
(123, 41, 'Castor Nieves Ríos'),
(124, 41, 'Las Guacamayas'),
(125, 41, 'Pao de Zárate'),
(126, 41, 'Zuata'),
(127, 42, 'José Rafael Revenga'),
(128, 43, 'Palo Negro'),
(129, 43, 'San Martín de Porres'),
(130, 44, 'El Limón'),
(131, 44, 'Caña de Azúcar'),
(132, 45, 'Ocumare de la Costa'),
(133, 46, 'San Casimiro'),
(134, 46, 'Güiripa'),
(135, 46, 'Ollas de Caramacate'),
(136, 46, 'Valle Morín'),
(137, 47, 'San Sebastían'),
(138, 48, 'Turmero'),
(139, 48, 'Arevalo Aponte'),
(140, 48, 'Chuao'),
(141, 48, 'Samán de Güere'),
(142, 48, 'Alfredo Pacheco Miranda'),
(143, 49, 'Santos Michelena'),
(144, 49, 'Tiara'),
(145, 50, 'Cagua'),
(146, 50, 'Bella Vista'),
(147, 51, 'Tovar'),
(148, 52, 'Urdaneta'),
(149, 52, 'Las Peñitas'),
(150, 52, 'San Francisco de Cara'),
(151, 52, 'Taguay'),
(152, 53, 'Zamora'),
(153, 53, 'Magdaleno'),
(154, 53, 'San Francisco de Asís'),
(155, 53, 'Valles de Tucutunemo'),
(156, 53, 'Augusto Mijares'),
(157, 54, 'Sabaneta'),
(158, 54, 'Juan Antonio Rodríguez Domínguez'),
(159, 55, 'El Cantón'),
(160, 55, 'Santa Cruz de Guacas'),
(161, 55, 'Puerto Vivas'),
(162, 56, 'Ticoporo'),
(163, 56, 'Nicolás Pulido'),
(164, 56, 'Andrés Bello'),
(165, 57, 'Arismendi'),
(166, 57, 'Guadarrama'),
(167, 57, 'La Unión'),
(168, 57, 'San Antonio'),
(169, 58, 'Barinas'),
(170, 58, 'Alberto Arvelo Larriva'),
(171, 58, 'San Silvestre'),
(172, 58, 'Santa Inés'),
(173, 58, 'Santa Lucía'),
(174, 58, 'Torumos'),
(175, 58, 'El Carmen'),
(176, 58, 'Rómulo Betancourt'),
(177, 58, 'Corazón de Jesús'),
(178, 58, 'Ramón Ignacio Méndez'),
(179, 58, 'Alto Barinas'),
(180, 58, 'Manuel Palacio Fajardo'),
(181, 58, 'Juan Antonio Rodríguez Domínguez'),
(182, 58, 'Dominga Ortiz de Páez'),
(183, 59, 'Barinitas'),
(184, 59, 'Altamira de Cáceres'),
(185, 59, 'Calderas'),
(186, 60, 'Barrancas'),
(187, 60, 'El Socorro'),
(188, 60, 'Mazparrito'),
(189, 61, 'Santa Bárbara'),
(190, 61, 'Pedro Briceño Méndez'),
(191, 61, 'Ramón Ignacio Méndez'),
(192, 61, 'José Ignacio del Pumar'),
(193, 62, 'Obispos'),
(194, 62, 'Guasimitos'),
(195, 62, 'El Real'),
(196, 62, 'La Luz'),
(197, 63, 'Ciudad Bolívia'),
(198, 63, 'José Ignacio Briceño'),
(199, 63, 'José Félix Ribas'),
(200, 63, 'Páez'),
(201, 64, 'Libertad'),
(202, 64, 'Dolores'),
(203, 64, 'Santa Rosa'),
(204, 64, 'Palacio Fajardo'),
(205, 65, 'Ciudad de Nutrias'),
(206, 65, 'El Regalo'),
(207, 65, 'Puerto Nutrias'),
(208, 65, 'Santa Catalina'),
(209, 66, 'Cachamay'),
(210, 66, 'Chirica'),
(211, 66, 'Dalla Costa'),
(212, 66, 'Once de Abril'),
(213, 66, 'Simón Bolívar'),
(214, 66, 'Unare'),
(215, 66, 'Universidad'),
(216, 66, 'Vista al Sol'),
(217, 66, 'Pozo Verde'),
(218, 66, 'Yocoima'),
(219, 66, '5 de Julio'),
(220, 67, 'Cedeño'),
(221, 67, 'Altagracia'),
(222, 67, 'Ascensión Farreras'),
(223, 67, 'Guaniamo'),
(224, 67, 'La Urbana'),
(225, 67, 'Pijiguaos'),
(226, 68, 'El Callao'),
(227, 69, 'Gran Sabana'),
(228, 69, 'Ikabarú'),
(229, 70, 'Catedral'),
(230, 70, 'Zea'),
(231, 70, 'Orinoco'),
(232, 70, 'José Antonio Páez'),
(233, 70, 'Marhuanta'),
(234, 70, 'Agua Salada'),
(235, 70, 'Vista Hermosa'),
(236, 70, 'La Sabanita'),
(237, 70, 'Panapana'),
(238, 71, 'Andrés Eloy Blanco'),
(239, 71, 'Pedro Cova'),
(240, 72, 'Raúl Leoni'),
(241, 72, 'Barceloneta'),
(242, 72, 'Santa Bárbara'),
(243, 72, 'San Francisco'),
(244, 73, 'Roscio'),
(245, 73, 'Salóm'),
(246, 74, 'Sifontes'),
(247, 74, 'Dalla Costa'),
(248, 74, 'San Isidro'),
(249, 75, 'Sucre'),
(250, 75, 'Aripao'),
(251, 75, 'Guarataro'),
(252, 75, 'Las Majadas'),
(253, 75, 'Moitaco'),
(254, 76, 'Padre Pedro Chien'),
(255, 76, 'Río Grande'),
(256, 77, 'Bejuma'),
(257, 77, 'Canoabo'),
(258, 77, 'Simón Bolívar'),
(259, 78, 'Güigüe'),
(260, 78, 'Carabobo'),
(261, 78, 'Tacarigua'),
(262, 79, 'Mariara'),
(263, 79, 'Aguas Calientes'),
(264, 80, 'Ciudad Alianza'),
(265, 80, 'Guacara'),
(266, 80, 'Yagua'),
(267, 81, 'Morón'),
(268, 81, 'Yagua'),
(269, 82, 'Tocuyito'),
(270, 82, 'Independencia'),
(271, 83, 'Los Guayos'),
(272, 84, 'Miranda'),
(273, 85, 'Montalbán'),
(274, 86, 'Naguanagua'),
(275, 87, 'Bartolomé Salóm'),
(276, 87, 'Democracia'),
(277, 87, 'Fraternidad'),
(278, 87, 'Goaigoaza'),
(279, 87, 'Juan José Flores'),
(280, 87, 'Unión'),
(281, 87, 'Borburata'),
(282, 87, 'Patanemo'),
(283, 88, 'San Diego'),
(284, 89, 'San Joaquín'),
(285, 90, 'Candelaria'),
(286, 90, 'Catedral'),
(287, 90, 'El Socorro'),
(288, 90, 'Miguel Peña'),
(289, 90, 'Rafael Urdaneta'),
(290, 90, 'San Blas'),
(291, 90, 'San José'),
(292, 90, 'Santa Rosa'),
(293, 90, 'Negro Primero'),
(294, 91, 'Cojedes'),
(295, 91, 'Juan de Mata Suárez'),
(296, 92, 'Tinaquillo'),
(297, 93, 'El Baúl'),
(298, 93, 'Sucre'),
(299, 94, 'La Aguadita'),
(300, 94, 'Macapo'),
(301, 95, 'El Pao'),
(302, 96, 'El Amparo'),
(303, 96, 'Libertad de Cojedes'),
(304, 97, 'Rómulo Gallegos'),
(305, 98, 'San Carlos de Austria'),
(306, 98, 'Juan Ángel Bravo'),
(307, 98, 'Manuel Manrique'),
(308, 99, 'General en Jefe José Laurencio Silva'),
(309, 100, 'Curiapo'),
(310, 100, 'Almirante Luis Brión'),
(311, 100, 'Francisco Aniceto Lugo'),
(312, 100, 'Manuel Renaud'),
(313, 100, 'Padre Barral'),
(314, 100, 'Santos de Abelgas'),
(315, 101, 'Imataca'),
(316, 101, 'Cinco de Julio'),
(317, 101, 'Juan Bautista Arismendi'),
(318, 101, 'Manuel Piar'),
(319, 101, 'Rómulo Gallegos'),
(320, 102, 'Pedernales'),
(321, 102, 'Luis Beltrán Prieto Figueroa'),
(322, 103, 'San José (Delta Amacuro)'),
(323, 103, 'José Vidal Marcano'),
(324, 103, 'Juan Millán'),
(325, 103, 'Leonardo Ruíz Pineda'),
(326, 103, 'Mariscal Antonio José de Sucre'),
(327, 103, 'Monseñor Argimiro García'),
(328, 103, 'San Rafael (Delta Amacuro)'),
(329, 103, 'Virgen del Valle'),
(330, 10, 'Clarines'),
(331, 10, 'Guanape'),
(332, 10, 'Sabana de Uchire'),
(333, 104, 'Capadare'),
(334, 104, 'La Pastora'),
(335, 104, 'Libertador'),
(336, 104, 'San Juan de los Cayos'),
(337, 105, 'Aracua'),
(338, 105, 'La Peña'),
(339, 105, 'San Luis'),
(340, 106, 'Bariro'),
(341, 106, 'Borojó'),
(342, 106, 'Capatárida'),
(343, 106, 'Guajiro'),
(344, 106, 'Seque'),
(345, 106, 'Zazárida'),
(346, 106, 'Valle de Eroa'),
(347, 107, 'Cacique Manaure'),
(348, 108, 'Norte'),
(349, 108, 'Carirubana'),
(350, 108, 'Santa Ana'),
(351, 108, 'Urbana Punta Cardón'),
(352, 109, 'La Vela de Coro'),
(353, 109, 'Acurigua'),
(354, 109, 'Guaibacoa'),
(355, 109, 'Las Calderas'),
(356, 109, 'Macoruca'),
(357, 110, 'Dabajuro'),
(358, 111, 'Agua Clara'),
(359, 111, 'Avaria'),
(360, 111, 'Pedregal'),
(361, 111, 'Piedra Grande'),
(362, 111, 'Purureche'),
(363, 112, 'Adaure'),
(364, 112, 'Adícora'),
(365, 112, 'Baraived'),
(366, 112, 'Buena Vista'),
(367, 112, 'Jadacaquiva'),
(368, 112, 'El Vínculo'),
(369, 112, 'El Hato'),
(370, 112, 'Moruy'),
(371, 112, 'Pueblo Nuevo'),
(372, 113, 'Agua Larga'),
(373, 113, 'El Paují'),
(374, 113, 'Independencia'),
(375, 113, 'Mapararí'),
(376, 114, 'Agua Linda'),
(377, 114, 'Araurima'),
(378, 114, 'Jacura'),
(379, 115, 'Tucacas'),
(380, 115, 'Boca de Aroa'),
(381, 116, 'Los Taques'),
(382, 116, 'Judibana'),
(383, 117, 'Mene de Mauroa'),
(384, 117, 'San Félix'),
(385, 117, 'Casigua'),
(386, 118, 'Guzmán Guillermo'),
(387, 118, 'Mitare'),
(388, 118, 'Río Seco'),
(389, 118, 'Sabaneta'),
(390, 118, 'San Antonio'),
(391, 118, 'San Gabriel'),
(392, 118, 'Santa Ana'),
(393, 119, 'Boca del Tocuyo'),
(394, 119, 'Chichiriviche'),
(395, 119, 'Tocuyo de la Costa'),
(396, 120, 'Palmasola'),
(397, 121, 'Cabure'),
(398, 121, 'Colina'),
(399, 121, 'Curimagua'),
(400, 122, 'San José de la Costa'),
(401, 122, 'Píritu'),
(402, 123, 'San Francisco'),
(403, 124, 'Sucre'),
(404, 124, 'Pecaya'),
(405, 125, 'Tocópero'),
(406, 126, 'El Charal'),
(407, 126, 'Las Vegas del Tuy'),
(408, 126, 'Santa Cruz de Bucaral'),
(409, 127, 'Bruzual'),
(410, 127, 'Urumaco'),
(411, 128, 'Puerto Cumarebo'),
(412, 128, 'La Ciénaga'),
(413, 128, 'La Soledad'),
(414, 128, 'Pueblo Cumarebo'),
(415, 128, 'Zazárida'),
(416, 113, 'Churuguara'),
(417, 129, 'Camaguán'),
(418, 129, 'Puerto Miranda'),
(419, 129, 'Uverito'),
(420, 130, 'Chaguaramas'),
(421, 131, 'El Socorro'),
(422, 132, 'Tucupido'),
(423, 132, 'San Rafael de Laya'),
(424, 133, 'Altagracia de Orituco'),
(425, 133, 'San Rafael de Orituco'),
(426, 133, 'San Francisco Javier de Lezama'),
(427, 133, 'Paso Real de Macaira'),
(428, 133, 'Carlos Soublette'),
(429, 133, 'San Francisco de Macaira'),
(430, 133, 'Libertad de Orituco'),
(431, 134, 'Cantaclaro'),
(432, 134, 'San Juan de los Morros'),
(433, 134, 'Parapara'),
(434, 135, 'El Sombrero'),
(435, 135, 'Sosa'),
(436, 136, 'Las Mercedes'),
(437, 136, 'Cabruta'),
(438, 136, 'Santa Rita de Manapire'),
(439, 137, 'Valle de la Pascua'),
(440, 137, 'Espino'),
(441, 138, 'San José de Unare'),
(442, 138, 'Zaraza'),
(443, 139, 'San José de Tiznados'),
(444, 139, 'San Francisco de Tiznados'),
(445, 139, 'San Lorenzo de Tiznados'),
(446, 139, 'Ortiz'),
(447, 140, 'Guayabal'),
(448, 140, 'Cazorla'),
(449, 141, 'San José de Guaribe'),
(450, 141, 'Uveral'),
(451, 142, 'Santa María de Ipire'),
(452, 142, 'Altamira'),
(453, 143, 'El Calvario'),
(454, 143, 'El Rastro'),
(455, 143, 'Guardatinajas'),
(456, 143, 'Capital Urbana Calabozo'),
(457, 144, 'Quebrada Honda de Guache'),
(458, 144, 'Pío Tamayo'),
(459, 144, 'Yacambú'),
(460, 145, 'Fréitez'),
(461, 145, 'José María Blanco'),
(462, 146, 'Catedral'),
(463, 146, 'Concepción'),
(464, 146, 'El Cují'),
(465, 146, 'Juan de Villegas'),
(466, 146, 'Santa Rosa'),
(467, 146, 'Tamaca'),
(468, 146, 'Unión'),
(469, 146, 'Aguedo Felipe Alvarado'),
(470, 146, 'Buena Vista'),
(471, 146, 'Juárez'),
(472, 147, 'Juan Bautista Rodríguez'),
(473, 147, 'Cuara'),
(474, 147, 'Diego de Lozada'),
(475, 147, 'Paraíso de San José'),
(476, 147, 'San Miguel'),
(477, 147, 'Tintorero'),
(478, 147, 'José Bernardo Dorante'),
(479, 147, 'Coronel Mariano Peraza '),
(480, 148, 'Bolívar'),
(481, 148, 'Anzoátegui'),
(482, 148, 'Guarico'),
(483, 148, 'Hilario Luna y Luna'),
(484, 148, 'Humocaro Alto'),
(485, 148, 'Humocaro Bajo'),
(486, 148, 'La Candelaria'),
(487, 148, 'Morán'),
(488, 149, 'Cabudare'),
(489, 149, 'José Gregorio Bastidas'),
(490, 149, 'Agua Viva'),
(491, 150, 'Sarare'),
(492, 150, 'Buría'),
(493, 150, 'Gustavo Vegas León'),
(494, 151, 'Trinidad Samuel'),
(495, 151, 'Antonio Díaz'),
(496, 151, 'Camacaro'),
(497, 151, 'Castañeda'),
(498, 151, 'Cecilio Zubillaga'),
(499, 151, 'Chiquinquirá'),
(500, 151, 'El Blanco'),
(501, 151, 'Espinoza de los Monteros'),
(502, 151, 'Lara'),
(503, 151, 'Las Mercedes'),
(504, 151, 'Manuel Morillo'),
(505, 151, 'Montaña Verde'),
(506, 151, 'Montes de Oca'),
(507, 151, 'Torres'),
(508, 151, 'Heriberto Arroyo'),
(509, 151, 'Reyes Vargas'),
(510, 151, 'Altagracia'),
(511, 152, 'Siquisique'),
(512, 152, 'Moroturo'),
(513, 152, 'San Miguel'),
(514, 152, 'Xaguas'),
(515, 179, 'Presidente Betancourt'),
(516, 179, 'Presidente Páez'),
(517, 179, 'Presidente Rómulo Gallegos'),
(518, 179, 'Gabriel Picón González'),
(519, 179, 'Héctor Amable Mora'),
(520, 179, 'José Nucete Sardi'),
(521, 179, 'Pulido Méndez'),
(522, 180, 'La Azulita'),
(523, 181, 'Santa Cruz de Mora'),
(524, 181, 'Mesa Bolívar'),
(525, 181, 'Mesa de Las Palmas'),
(526, 182, 'Aricagua'),
(527, 182, 'San Antonio'),
(528, 183, 'Canagua'),
(529, 183, 'Capurí'),
(530, 183, 'Chacantá'),
(531, 183, 'El Molino'),
(532, 183, 'Guaimaral'),
(533, 183, 'Mucutuy'),
(534, 183, 'Mucuchachí'),
(535, 184, 'Fernández Peña'),
(536, 184, 'Matriz'),
(537, 184, 'Montalbán'),
(538, 184, 'Acequias'),
(539, 184, 'Jají'),
(540, 184, 'La Mesa'),
(541, 184, 'San José del Sur'),
(542, 185, 'Tucaní'),
(543, 185, 'Florencio Ramírez'),
(544, 186, 'Santo Domingo'),
(545, 186, 'Las Piedras'),
(546, 187, 'Guaraque'),
(547, 187, 'Mesa de Quintero'),
(548, 187, 'Río Negro'),
(549, 188, 'Arapuey'),
(550, 188, 'Palmira'),
(551, 189, 'San Cristóbal de Torondoy'),
(552, 189, 'Torondoy'),
(553, 190, 'Antonio Spinetti Dini'),
(554, 190, 'Arias'),
(555, 190, 'Caracciolo Parra Pérez'),
(556, 190, 'Domingo Peña'),
(557, 190, 'El Llano'),
(558, 190, 'Gonzalo Picón Febres'),
(559, 190, 'Jacinto Plaza'),
(560, 190, 'Juan Rodríguez Suárez'),
(561, 190, 'Lasso de la Vega'),
(562, 190, 'Mariano Picón Salas'),
(563, 190, 'Milla'),
(564, 190, 'Osuna Rodríguez'),
(565, 190, 'Sagrario'),
(566, 190, 'El Morro'),
(567, 190, 'Los Nevados'),
(568, 191, 'Andrés Eloy Blanco'),
(569, 191, 'La Venta'),
(570, 191, 'Piñango'),
(571, 191, 'Timotes'),
(572, 192, 'Eloy Paredes'),
(573, 192, 'San Rafael de Alcázar'),
(574, 192, 'Santa Elena de Arenales'),
(575, 193, 'Santa María de Caparo'),
(576, 194, 'Pueblo Llano'),
(577, 195, 'Cacute'),
(578, 195, 'La Toma'),
(579, 195, 'Mucuchíes'),
(580, 195, 'Mucurubá'),
(581, 195, 'San Rafael'),
(582, 196, 'Gerónimo Maldonado'),
(583, 196, 'Bailadores'),
(584, 197, 'Tabay'),
(585, 198, 'Chiguará'),
(586, 198, 'Estánquez'),
(587, 198, 'Lagunillas'),
(588, 198, 'La Trampa'),
(589, 198, 'Pueblo Nuevo del Sur'),
(590, 198, 'San Juan'),
(591, 199, 'El Amparo'),
(592, 199, 'El Llano'),
(593, 199, 'San Francisco'),
(594, 199, 'Tovar'),
(595, 200, 'Independencia'),
(596, 200, 'María de la Concepción Palacios Blanco'),
(597, 200, 'Nueva Bolivia'),
(598, 200, 'Santa Apolonia'),
(599, 201, 'Caño El Tigre'),
(600, 201, 'Zea'),
(601, 223, 'Aragüita'),
(602, 223, 'Arévalo González'),
(603, 223, 'Capaya'),
(604, 223, 'Caucagua'),
(605, 223, 'Panaquire'),
(606, 223, 'Ribas'),
(607, 223, 'El Café'),
(608, 223, 'Marizapa'),
(609, 224, 'Cumbo'),
(610, 224, 'San José de Barlovento'),
(611, 225, 'El Cafetal'),
(612, 225, 'Las Minas'),
(613, 225, 'Nuestra Señora del Rosario'),
(614, 226, 'Higuerote'),
(615, 226, 'Curiepe'),
(616, 226, 'Tacarigua de Brión'),
(617, 227, 'Mamporal'),
(618, 228, 'Carrizal'),
(619, 229, 'Chacao'),
(620, 230, 'Charallave'),
(621, 230, 'Las Brisas'),
(622, 231, 'El Hatillo'),
(623, 232, 'Altagracia de la Montaña'),
(624, 232, 'Cecilio Acosta'),
(625, 232, 'Los Teques'),
(626, 232, 'El Jarillo'),
(627, 232, 'San Pedro'),
(628, 232, 'Tácata'),
(629, 232, 'Paracotos'),
(630, 233, 'Cartanal'),
(631, 233, 'Santa Teresa del Tuy'),
(632, 234, 'La Democracia'),
(633, 234, 'Ocumare del Tuy'),
(634, 234, 'Santa Bárbara'),
(635, 235, 'San Antonio de los Altos'),
(636, 236, 'Río Chico'),
(637, 236, 'El Guapo'),
(638, 236, 'Tacarigua de la Laguna'),
(639, 236, 'Paparo'),
(640, 236, 'San Fernando del Guapo'),
(641, 237, 'Santa Lucía del Tuy'),
(642, 238, 'Cúpira'),
(643, 238, 'Machurucuto'),
(644, 239, 'Guarenas'),
(645, 240, 'San Antonio de Yare'),
(646, 240, 'San Francisco de Yare'),
(647, 241, 'Leoncio Martínez'),
(648, 241, 'Petare'),
(649, 241, 'Caucagüita'),
(650, 241, 'Filas de Mariche'),
(651, 241, 'La Dolorita'),
(652, 242, 'Cúa'),
(653, 242, 'Nueva Cúa'),
(654, 243, 'Guatire'),
(655, 243, 'Bolívar'),
(656, 258, 'San Antonio de Maturín'),
(657, 258, 'San Francisco de Maturín'),
(658, 259, 'Aguasay'),
(659, 260, 'Caripito'),
(660, 261, 'El Guácharo'),
(661, 261, 'La Guanota'),
(662, 261, 'Sabana de Piedra'),
(663, 261, 'San Agustín'),
(664, 261, 'Teresen'),
(665, 261, 'Caripe'),
(666, 262, 'Areo'),
(667, 262, 'Capital Cedeño'),
(668, 262, 'San Félix de Cantalicio'),
(669, 262, 'Viento Fresco'),
(670, 263, 'El Tejero'),
(671, 263, 'Punta de Mata'),
(672, 264, 'Chaguaramas'),
(673, 264, 'Las Alhuacas'),
(674, 264, 'Tabasca'),
(675, 264, 'Temblador'),
(676, 265, 'Alto de los Godos'),
(677, 265, 'Boquerón'),
(678, 265, 'Las Cocuizas'),
(679, 265, 'La Cruz'),
(680, 265, 'San Simón'),
(681, 265, 'El Corozo'),
(682, 265, 'El Furrial'),
(683, 265, 'Jusepín'),
(684, 265, 'La Pica'),
(685, 265, 'San Vicente'),
(686, 266, 'Aparicio'),
(687, 266, 'Aragua de Maturín'),
(688, 266, 'Chaguamal'),
(689, 266, 'El Pinto'),
(690, 266, 'Guanaguana'),
(691, 266, 'La Toscana'),
(692, 266, 'Taguaya'),
(693, 267, 'Cachipo'),
(694, 267, 'Quiriquire'),
(695, 268, 'Santa Bárbara'),
(696, 269, 'Barrancas'),
(697, 269, 'Los Barrancos de Fajardo'),
(698, 270, 'Uracoa'),
(699, 271, 'Antolín del Campo'),
(700, 272, 'Arismendi'),
(701, 273, 'García'),
(702, 273, 'Francisco Fajardo'),
(703, 274, 'Bolívar'),
(704, 274, 'Guevara'),
(705, 274, 'Matasiete'),
(706, 274, 'Santa Ana'),
(707, 274, 'Sucre'),
(708, 275, 'Aguirre'),
(709, 275, 'Maneiro'),
(710, 276, 'Adrián'),
(711, 276, 'Juan Griego'),
(712, 276, 'Yaguaraparo'),
(713, 277, 'Porlamar'),
(714, 278, 'San Francisco de Macanao'),
(715, 278, 'Boca de Río'),
(716, 279, 'Tubores'),
(717, 279, 'Los Baleales'),
(718, 280, 'Vicente Fuentes'),
(719, 280, 'Villalba'),
(720, 281, 'San Juan Bautista'),
(721, 281, 'Zabala'),
(722, 283, 'Capital Araure'),
(723, 283, 'Río Acarigua'),
(724, 284, 'Capital Esteller'),
(725, 284, 'Uveral'),
(726, 285, 'Guanare'),
(727, 285, 'Córdoba'),
(728, 285, 'San José de la Montaña'),
(729, 285, 'San Juan de Guanaguanare'),
(730, 285, 'Virgen de la Coromoto'),
(731, 286, 'Guanarito'),
(732, 286, 'Trinidad de la Capilla'),
(733, 286, 'Divina Pastora'),
(734, 287, 'Monseñor José Vicente de Unda'),
(735, 287, 'Peña Blanca'),
(736, 288, 'Capital Ospino'),
(737, 288, 'Aparición'),
(738, 288, 'La Estación'),
(739, 289, 'Páez'),
(740, 289, 'Payara'),
(741, 289, 'Pimpinela'),
(742, 289, 'Ramón Peraza'),
(743, 290, 'Papelón'),
(744, 290, 'Caño Delgadito'),
(745, 291, 'San Genaro de Boconoito'),
(746, 291, 'Antolín Tovar'),
(747, 292, 'San Rafael de Onoto'),
(748, 292, 'Santa Fe'),
(749, 292, 'Thermo Morles'),
(750, 293, 'Santa Rosalía'),
(751, 293, 'Florida'),
(752, 294, 'Sucre'),
(753, 294, 'Concepción'),
(754, 294, 'San Rafael de Palo Alzado'),
(755, 294, 'Uvencio Antonio Velásquez'),
(756, 294, 'San José de Saguaz'),
(757, 294, 'Villa Rosa'),
(758, 295, 'Turén'),
(759, 295, 'Canelones'),
(760, 295, 'Santa Cruz'),
(761, 295, 'San Isidro Labrador'),
(762, 296, 'Mariño'),
(763, 296, 'Rómulo Gallegos'),
(764, 297, 'San José de Aerocuar'),
(765, 297, 'Tavera Acosta'),
(766, 298, 'Río Caribe'),
(767, 298, 'Antonio José de Sucre'),
(768, 298, 'El Morro de Puerto Santo'),
(769, 298, 'Puerto Santo'),
(770, 298, 'San Juan de las Galdonas'),
(771, 299, 'El Pilar'),
(772, 299, 'El Rincón'),
(773, 299, 'General Francisco Antonio Váquez'),
(774, 299, 'Guaraúnos'),
(775, 299, 'Tunapuicito'),
(776, 299, 'Unión'),
(777, 300, 'Santa Catalina'),
(778, 300, 'Santa Rosa'),
(779, 300, 'Santa Teresa'),
(780, 300, 'Bolívar'),
(781, 300, 'Maracapana'),
(782, 302, 'Libertad'),
(783, 302, 'El Paujil'),
(784, 302, 'Yaguaraparo'),
(785, 303, 'Cruz Salmerón Acosta'),
(786, 303, 'Chacopata'),
(787, 303, 'Manicuare'),
(788, 304, 'Tunapuy'),
(789, 304, 'Campo Elías'),
(790, 305, 'Irapa'),
(791, 305, 'Campo Claro'),
(792, 305, 'Maraval'),
(793, 305, 'San Antonio de Irapa'),
(794, 305, 'Soro'),
(795, 306, 'Mejía'),
(796, 307, 'Cumanacoa'),
(797, 307, 'Arenas'),
(798, 307, 'Aricagua'),
(799, 307, 'Cogollar'),
(800, 307, 'San Fernando'),
(801, 307, 'San Lorenzo'),
(802, 308, 'Villa Frontado (Muelle de Cariaco)'),
(803, 308, 'Catuaro'),
(804, 308, 'Rendón'),
(805, 308, 'San Cruz'),
(806, 308, 'Santa María'),
(807, 309, 'Altagracia'),
(808, 309, 'Santa Inés'),
(809, 309, 'Valentín Valiente'),
(810, 309, 'Ayacucho'),
(811, 309, 'San Juan'),
(812, 309, 'Raúl Leoni'),
(813, 309, 'Gran Mariscal'),
(814, 310, 'Cristóbal Colón'),
(815, 310, 'Bideau'),
(816, 310, 'Punta de Piedras'),
(817, 310, 'Güiria'),
(818, 341, 'Andrés Bello'),
(819, 342, 'Antonio Rómulo Costa'),
(820, 343, 'Ayacucho'),
(821, 343, 'Rivas Berti'),
(822, 343, 'San Pedro del Río'),
(823, 344, 'Bolívar'),
(824, 344, 'Palotal'),
(825, 344, 'General Juan Vicente Gómez'),
(826, 344, 'Isaías Medina Angarita'),
(827, 345, 'Cárdenas'),
(828, 345, 'Amenodoro Ángel Lamus'),
(829, 345, 'La Florida'),
(830, 346, 'Córdoba'),
(831, 347, 'Fernández Feo'),
(832, 347, 'Alberto Adriani'),
(833, 347, 'Santo Domingo'),
(834, 348, 'Francisco de Miranda'),
(835, 349, 'García de Hevia'),
(836, 349, 'Boca de Grita'),
(837, 349, 'José Antonio Páez'),
(838, 350, 'Guásimos'),
(839, 351, 'Independencia'),
(840, 351, 'Juan Germán Roscio'),
(841, 351, 'Román Cárdenas'),
(842, 352, 'Jáuregui'),
(843, 352, 'Emilio Constantino Guerrero'),
(844, 352, 'Monseñor Miguel Antonio Salas'),
(845, 353, 'José María Vargas'),
(846, 354, 'Junín'),
(847, 354, 'La Petrólea'),
(848, 354, 'Quinimarí'),
(849, 354, 'Bramón'),
(850, 355, 'Libertad'),
(851, 355, 'Cipriano Castro'),
(852, 355, 'Manuel Felipe Rugeles'),
(853, 356, 'Libertador'),
(854, 356, 'Doradas'),
(855, 356, 'Emeterio Ochoa'),
(856, 356, 'San Joaquín de Navay'),
(857, 357, 'Lobatera'),
(858, 357, 'Constitución'),
(859, 358, 'Michelena'),
(860, 359, 'Panamericano'),
(861, 359, 'La Palmita'),
(862, 360, 'Pedro María Ureña'),
(863, 360, 'Nueva Arcadia'),
(864, 361, 'Delicias'),
(865, 361, 'Pecaya'),
(866, 362, 'Samuel Darío Maldonado'),
(867, 362, 'Boconó'),
(868, 362, 'Hernández'),
(869, 363, 'La Concordia'),
(870, 363, 'San Juan Bautista'),
(871, 363, 'Pedro María Morantes'),
(872, 363, 'San Sebastián'),
(873, 363, 'Dr. Francisco Romero Lobo'),
(874, 364, 'Seboruco'),
(875, 365, 'Simón Rodríguez'),
(876, 366, 'Sucre'),
(877, 366, 'Eleazar López Contreras'),
(878, 366, 'San Pablo'),
(879, 367, 'Torbes'),
(880, 368, 'Uribante'),
(881, 368, 'Cárdenas'),
(882, 368, 'Juan Pablo Peñalosa'),
(883, 368, 'Potosí'),
(884, 369, 'San Judas Tadeo'),
(885, 370, 'Araguaney'),
(886, 370, 'El Jaguito'),
(887, 370, 'La Esperanza'),
(888, 370, 'Santa Isabel'),
(889, 371, 'Boconó'),
(890, 371, 'El Carmen'),
(891, 371, 'Mosquey'),
(892, 371, 'Ayacucho'),
(893, 371, 'Burbusay'),
(894, 371, 'General Ribas'),
(895, 371, 'Guaramacal'),
(896, 371, 'Vega de Guaramacal'),
(897, 371, 'Monseñor Jáuregui'),
(898, 371, 'Rafael Rangel'),
(899, 371, 'San Miguel'),
(900, 371, 'San José'),
(901, 372, 'Sabana Grande'),
(902, 372, 'Cheregüé'),
(903, 372, 'Granados'),
(904, 373, 'Arnoldo Gabaldón'),
(905, 373, 'Bolivia'),
(906, 373, 'Carrillo'),
(907, 373, 'Cegarra'),
(908, 373, 'Chejendé'),
(909, 373, 'Manuel Salvador Ulloa'),
(910, 373, 'San José'),
(911, 374, 'Carache'),
(912, 374, 'La Concepción'),
(913, 374, 'Cuicas'),
(914, 374, 'Panamericana'),
(915, 374, 'Santa Cruz'),
(916, 375, 'Escuque'),
(917, 375, 'La Unión'),
(918, 375, 'Santa Rita'),
(919, 375, 'Sabana Libre'),
(920, 376, 'El Socorro'),
(921, 376, 'Los Caprichos'),
(922, 376, 'Antonio José de Sucre'),
(923, 377, 'Campo Elías'),
(924, 377, 'Arnoldo Gabaldón'),
(925, 378, 'Santa Apolonia'),
(926, 378, 'El Progreso'),
(927, 378, 'La Ceiba'),
(928, 378, 'Tres de Febrero'),
(929, 379, 'El Dividive'),
(930, 379, 'Agua Santa'),
(931, 379, 'Agua Caliente'),
(932, 379, 'El Cenizo'),
(933, 379, 'Valerita'),
(934, 380, 'Monte Carmelo'),
(935, 380, 'Buena Vista'),
(936, 380, 'Santa María del Horcón'),
(937, 381, 'Motatán'),
(938, 381, 'El Baño'),
(939, 381, 'Jalisco'),
(940, 382, 'Pampán'),
(941, 382, 'Flor de Patria'),
(942, 382, 'La Paz'),
(943, 382, 'Santa Ana'),
(944, 383, 'Pampanito'),
(945, 383, 'La Concepción'),
(946, 383, 'Pampanito II'),
(947, 384, 'Betijoque'),
(948, 384, 'José Gregorio Hernández'),
(949, 384, 'La Pueblita'),
(950, 384, 'Los Cedros'),
(951, 385, 'Carvajal'),
(952, 385, 'Campo Alegre'),
(953, 385, 'Antonio Nicolás Briceño'),
(954, 385, 'José Leonardo Suárez'),
(955, 386, 'Sabana de Mendoza'),
(956, 386, 'Junín'),
(957, 386, 'Valmore Rodríguez'),
(958, 386, 'El Paraíso'),
(959, 387, 'Andrés Linares'),
(960, 387, 'Chiquinquirá'),
(961, 387, 'Cristóbal Mendoza'),
(962, 387, 'Cruz Carrillo'),
(963, 387, 'Matriz'),
(964, 387, 'Monseñor Carrillo'),
(965, 387, 'Tres Esquinas'),
(966, 388, 'Cabimbú'),
(967, 388, 'Jajó'),
(968, 388, 'La Mesa de Esnujaque'),
(969, 388, 'Santiago'),
(970, 388, 'Tuñame'),
(971, 388, 'La Quebrada'),
(972, 389, 'Juan Ignacio Montilla'),
(973, 389, 'La Beatriz'),
(974, 389, 'La Puerta'),
(975, 389, 'Mendoza del Valle de Momboy'),
(976, 389, 'Mercedes Díaz'),
(977, 389, 'San Luis'),
(978, 390, 'Caraballeda'),
(979, 390, 'Carayaca'),
(980, 390, 'Carlos Soublette'),
(981, 390, 'Caruao Chuspa'),
(982, 390, 'Catia La Mar'),
(983, 390, 'El Junko'),
(984, 390, 'La Guaira'),
(985, 390, 'Macuto'),
(986, 390, 'Maiquetía'),
(987, 390, 'Naiguatá'),
(988, 390, 'Urimare'),
(989, 391, 'Arístides Bastidas'),
(990, 392, 'Bolívar'),
(991, 407, 'Chivacoa'),
(992, 407, 'Campo Elías'),
(993, 408, 'Cocorote'),
(994, 409, 'Independencia'),
(995, 410, 'José Antonio Páez'),
(996, 411, 'La Trinidad'),
(997, 412, 'Manuel Monge'),
(998, 413, 'Salóm'),
(999, 413, 'Temerla'),
(1000, 413, 'Nirgua'),
(1001, 414, 'San Andrés'),
(1002, 414, 'Yaritagua'),
(1003, 415, 'San Javier'),
(1004, 415, 'Albarico'),
(1005, 415, 'San Felipe'),
(1006, 416, 'Sucre'),
(1007, 417, 'Urachiche'),
(1008, 418, 'El Guayabo'),
(1009, 418, 'Farriar'),
(1010, 441, 'Isla de Toas'),
(1011, 441, 'Monagas'),
(1012, 442, 'San Timoteo'),
(1013, 442, 'General Urdaneta'),
(1014, 442, 'Libertador'),
(1015, 442, 'Marcelino Briceño'),
(1016, 442, 'Pueblo Nuevo'),
(1017, 442, 'Manuel Guanipa Matos'),
(1018, 443, 'Ambrosio'),
(1019, 443, 'Carmen Herrera'),
(1020, 443, 'La Rosa'),
(1021, 443, 'Germán Ríos Linares'),
(1022, 443, 'San Benito'),
(1023, 443, 'Rómulo Betancourt'),
(1024, 443, 'Jorge Hernández'),
(1025, 443, 'Punta Gorda'),
(1026, 443, 'Arístides Calvani'),
(1027, 444, 'Encontrados'),
(1028, 444, 'Udón Pérez'),
(1029, 445, 'Moralito'),
(1030, 445, 'San Carlos del Zulia'),
(1031, 445, 'Santa Cruz del Zulia'),
(1032, 445, 'Santa Bárbara'),
(1033, 445, 'Urribarrí'),
(1034, 446, 'Carlos Quevedo'),
(1035, 446, 'Francisco Javier Pulgar'),
(1036, 446, 'Simón Rodríguez'),
(1037, 446, 'Guamo-Gavilanes'),
(1038, 448, 'La Concepción'),
(1039, 448, 'San José'),
(1040, 448, 'Mariano Parra León'),
(1041, 448, 'José Ramón Yépez'),
(1042, 449, 'Jesús María Semprún'),
(1043, 449, 'Barí'),
(1044, 450, 'Concepción'),
(1045, 450, 'Andrés Bello'),
(1046, 450, 'Chiquinquirá'),
(1047, 450, 'El Carmelo'),
(1048, 450, 'Potreritos'),
(1049, 451, 'Libertad'),
(1050, 451, 'Alonso de Ojeda'),
(1051, 451, 'Venezuela'),
(1052, 451, 'Eleazar López Contreras'),
(1053, 451, 'Campo Lara'),
(1054, 452, 'Bartolomé de las Casas'),
(1055, 452, 'Libertad'),
(1056, 452, 'Río Negro'),
(1057, 452, 'San José de Perijá'),
(1058, 453, 'San Rafael'),
(1059, 453, 'La Sierrita'),
(1060, 453, 'Las Parcelas'),
(1061, 453, 'Luis de Vicente'),
(1062, 453, 'Monseñor Marcos Sergio Godoy'),
(1063, 453, 'Ricaurte'),
(1064, 453, 'Tamare'),
(1065, 454, 'Antonio Borjas Romero'),
(1066, 454, 'Bolívar'),
(1067, 454, 'Cacique Mara'),
(1068, 454, 'Carracciolo Parra Pérez'),
(1069, 454, 'Cecilio Acosta'),
(1070, 454, 'Cristo de Aranza'),
(1071, 454, 'Coquivacoa'),
(1072, 454, 'Chiquinquirá'),
(1073, 454, 'Francisco Eugenio Bustamante'),
(1074, 454, 'Idelfonzo Vásquez'),
(1075, 454, 'Juana de Ávila'),
(1076, 454, 'Luis Hurtado Higuera'),
(1077, 454, 'Manuel Dagnino'),
(1078, 454, 'Olegario Villalobos'),
(1079, 454, 'Raúl Leoni'),
(1080, 454, 'Santa Lucía'),
(1081, 454, 'Venancio Pulgar'),
(1082, 454, 'San Isidro'),
(1083, 455, 'Altagracia'),
(1084, 455, 'Faría'),
(1085, 455, 'Ana María Campos'),
(1086, 455, 'San Antonio'),
(1087, 455, 'San José'),
(1088, 456, 'Donaldo García'),
(1089, 456, 'El Rosario'),
(1090, 456, 'Sixto Zambrano'),
(1091, 457, 'San Francisco'),
(1092, 457, 'El Bajo'),
(1093, 457, 'Domitila Flores'),
(1094, 457, 'Francisco Ochoa'),
(1095, 457, 'Los Cortijos'),
(1096, 457, 'Marcial Hernández'),
(1097, 458, 'Santa Rita'),
(1098, 458, 'El Mene'),
(1099, 458, 'Pedro Lucas Urribarrí'),
(1100, 458, 'José Cenobio Urribarrí'),
(1101, 459, 'Rafael Maria Baralt'),
(1102, 459, 'Manuel Manrique'),
(1103, 459, 'Rafael Urdaneta'),
(1104, 460, 'Bobures'),
(1105, 460, 'Gibraltar'),
(1106, 460, 'Heras'),
(1107, 460, 'Monseñor Arturo Álvarez'),
(1108, 460, 'Rómulo Gallegos'),
(1109, 460, 'El Batey'),
(1110, 461, 'Rafael Urdaneta'),
(1111, 461, 'La Victoria'),
(1112, 461, 'Raúl Cuenca'),
(1113, 447, 'Sinamaica'),
(1114, 447, 'Alta Guajira'),
(1115, 447, 'Elías Sánchez Rubio'),
(1116, 447, 'Guajira'),
(1117, 462, 'Altagracia'),
(1118, 462, 'Antímano'),
(1119, 462, 'Caricuao'),
(1120, 462, 'Catedral'),
(1121, 462, 'Coche'),
(1122, 462, 'El Junquito'),
(1123, 462, 'El Paraíso'),
(1124, 462, 'El Recreo'),
(1125, 462, 'El Valle'),
(1126, 462, 'La Candelaria'),
(1127, 462, 'La Pastora'),
(1128, 462, 'La Vega'),
(1129, 462, 'Macarao'),
(1130, 462, 'San Agustín'),
(1131, 462, 'San Bernardino'),
(1132, 462, 'San José'),
(1133, 462, 'San Juan'),
(1134, 462, 'San Pedro'),
(1135, 462, 'Santa Rosalía'),
(1136, 462, 'Santa Teresa'),
(1137, 462, 'Sucre (Catia)'),
(1138, 462, '23 de enero');

-- --------------------------------------------------------

--
-- Estructura de tabla para la tabla `password_resets`
--

DROP TABLE IF EXISTS `password_resets`;
CREATE TABLE IF NOT EXISTS `password_resets` (
  `email` varchar(191) COLLATE utf8mb4_unicode_ci NOT NULL,
  `token` varchar(191) COLLATE utf8mb4_unicode_ci NOT NULL,
  `created_at` timestamp NULL DEFAULT NULL,
  KEY `password_resets_email_index` (`email`)
) ENGINE=MyISAM DEFAULT CHARSET=utf8mb4 COLLATE=utf8mb4_unicode_ci;

-- --------------------------------------------------------

--
-- Estructura de tabla para la tabla `users`
--

DROP TABLE IF EXISTS `users`;
CREATE TABLE IF NOT EXISTS `users` (
  `id` bigint(20) UNSIGNED NOT NULL AUTO_INCREMENT,
  `name` varchar(191) COLLATE utf8mb4_unicode_ci NOT NULL,
  `email` varchar(191) COLLATE utf8mb4_unicode_ci NOT NULL,
  `email_verified_at` timestamp NULL DEFAULT NULL,
  `password` varchar(191) COLLATE utf8mb4_unicode_ci NOT NULL,
  `remember_token` varchar(100) COLLATE utf8mb4_unicode_ci DEFAULT NULL,
  `created_at` timestamp NULL DEFAULT NULL,
  `updated_at` timestamp NULL DEFAULT NULL,
  PRIMARY KEY (`id`),
  UNIQUE KEY `users_email_unique` (`email`)
) ENGINE=MyISAM AUTO_INCREMENT=2 DEFAULT CHARSET=utf8mb4 COLLATE=utf8mb4_unicode_ci;

--
-- Volcado de datos para la tabla `users`
--

INSERT INTO `users` (`id`, `name`, `email`, `email_verified_at`, `password`, `remember_token`, `created_at`, `updated_at`) VALUES
(1, 'Jose Guerra', 'jose@jose.local', NULL, '$2y$10$MA1KivEF9mq3puGYtULbI.RTpWBwc2K6nISDBMwLqf6CvVFTniP5K', NULL, '2020-12-27 20:42:35', '2020-12-27 20:42:35');

--
-- Restricciones para tablas volcadas
--

--
-- Filtros para la tabla `ciudades`
--
ALTER TABLE `ciudades`
  ADD CONSTRAINT `ciudades_ibfk_1` FOREIGN KEY (`id_estado`) REFERENCES `estados` (`id_estado`) ON DELETE CASCADE ON UPDATE CASCADE;

--
-- Filtros para la tabla `estado`
--
ALTER TABLE `estado`
  ADD CONSTRAINT `estado_ibfk_1` FOREIGN KEY (`pais_edo`) REFERENCES `pais` (`id_pais`) ON DELETE CASCADE ON UPDATE CASCADE;

--
-- Filtros para la tabla `municipio`
--
ALTER TABLE `municipio`
  ADD CONSTRAINT `municipio_ibfk_1` FOREIGN KEY (`edo_mun`) REFERENCES `estado` (`id_edo`) ON DELETE CASCADE ON UPDATE CASCADE;

--
-- Filtros para la tabla `municipios`
--
ALTER TABLE `municipios`
  ADD CONSTRAINT `municipios_ibfk_1` FOREIGN KEY (`id_estado`) REFERENCES `estados` (`id_estado`) ON DELETE CASCADE ON UPDATE CASCADE;

--
-- Filtros para la tabla `parroquia`
--
ALTER TABLE `parroquia`
  ADD CONSTRAINT `parroquia_ibfk_1` FOREIGN KEY (`mun_parr`) REFERENCES `municipio` (`id_mun`) ON DELETE CASCADE ON UPDATE CASCADE;

--
-- Filtros para la tabla `parroquias`
--
ALTER TABLE `parroquias`
  ADD CONSTRAINT `parroquias_ibfk_1` FOREIGN KEY (`id_municipio`) REFERENCES `municipios` (`id_municipio`) ON DELETE CASCADE ON UPDATE CASCADE;
COMMIT;

/*!40101 SET CHARACTER_SET_CLIENT=@OLD_CHARACTER_SET_CLIENT */;
/*!40101 SET CHARACTER_SET_RESULTS=@OLD_CHARACTER_SET_RESULTS */;
/*!40101 SET COLLATION_CONNECTION=@OLD_COLLATION_CONNECTION */;
